property_id,equipment_serial_number,equipment_inventory_number,equipment_designation,property_type_id,value,unit_id
114400503,18100253,18653,W 120 CFi,171,,
114400502,18100253,18653,W 120 CFi,45,,15.0
114400501,18100253,18653,W 120 CFi,23,,
114400500,18100253,18653,W 120 CFi,8,,
114400499,18100253,18653,W 120 CFi,6,,
114400498,18100253,18653,W 120 CFi,142,,
114400497,18100253,18653,W 120 CFi,69,,
114400496,18100253,18653,W 120 CFi,26,,15.0
114400495,18100253,18653,W 120 CFi,89,,
114400494,18100253,18653,W 120 CFi,143,,
114400493,18100253,18653,W 120 CFi,46,,18.0
114400492,18100253,18653,W 120 CFi,87,,
114400491,18100253,18653,W 120 CFi,30,,
114400490,18100253,18653,W 120 CFi,77,,
114400489,18100253,18653,W 120 CFi,148,,
114400488,18100253,18653,W 120 CFi,9,,
114400487,18100253,18653,W 120 CFi,47,,15.0
114400486,18100253,18653,W 120 CFi,41,,
114400485,18100253,18653,W 120 CFi,73,,15.0
114400484,18100253,18653,W 120 CFi,63,,15.0
114400483,18100253,18653,W 120 CFi,144,,
114400482,18100253,18653,W 120 CFi,122,,
114400481,18100253,18653,W 120 CFi,88,,10.0
114400480,18100253,18653,W 120 CFi,61,,
114400479,18100253,18653,W 120 CFi,7,,
114400478,18100253,18653,W 120 CFi,55,,11.0
114399685,21305,18316,130 EC-B 8 Fr.tronic,53,,19.0
114399684,21305,18316,130 EC-B 8 Fr.tronic,146,,
114399683,21305,18316,130 EC-B 8 Fr.tronic,69,,
114399682,21305,18316,130 EC-B 8 Fr.tronic,19,,14.0
114399681,21305,18316,130 EC-B 8 Fr.tronic,148,,
114399680,21305,18316,130 EC-B 8 Fr.tronic,48,,3.0
114399679,21305,18316,130 EC-B 8 Fr.tronic,93,,5.0
114399678,21305,18316,130 EC-B 8 Fr.tronic,18,,14.0
114399677,21305,18316,130 EC-B 8 Fr.tronic,131,,11.0
114399676,21305,18316,130 EC-B 8 Fr.tronic,59,,14.0
114399675,21305,18316,130 EC-B 8 Fr.tronic,66,,
114399674,21305,18316,130 EC-B 8 Fr.tronic,94,,2.0
114399673,21305,18316,130 EC-B 8 Fr.tronic,130,,11.0
114399672,21305,18316,130 EC-B 8 Fr.tronic,76,,10.0
114399671,21305,18316,130 EC-B 8 Fr.tronic,133,,
114399670,21305,18316,130 EC-B 8 Fr.tronic,5,,
114399669,21305,18316,130 EC-B 8 Fr.tronic,50,,
114399232,,,HC 130i,170,,
114399231,,,HC 130i,158,,
114399230,,,HC 130i,124,,1.0
114399229,,,HC 130i,155,,
114399228,,,HC 130i,96,,
114399227,,,HC 130i,136,,
114399226,,,HC 130i,73,,15.0
114399225,,,HC 130i,7,,
114399224,,,HC 130i,63,,15.0
114399223,,,HC 130i,148,,
114399222,,,HC 130i,55,,11.0
114399221,,,HC 130i,88,,10.0
114399220,,,HC 130i,6,,
114399219,,,HC 130i,30,,
114399218,,,HC 130i,69,,
114399217,,,HC 130i,26,,15.0
114399216,,,HC 130i,123,,1.0
114399215,,,HC 130i,135,,11.0
114399214,,,HC 130i,13,,15.0
114399213,,,HC 130i,23,,
114399212,,,HC 130i,87,,
114399211,,,HC 130i,89,,
113856876,45rt432,,Materialkübel extern,73,2550,15.0
113856875,45rt432,,Materialkübel extern,51,,
113856874,45rt432,,Materialkübel extern,55,1200,11.0
113856873,45rt432,,Materialkübel extern,65,11,16.0
113856872,45rt432,,Materialkübel extern,26,3700,15.0
113856871,45rt432,,Materialkübel extern,63,2190,15.0
113856867,34532,,MF 2500CS STG V 2019,26,2550,15.0
113856866,34532,,MF 2500CS STG V 2019,69,Nein,
113856865,34532,,MF 2500CS STG V 2019,62,Ja,
113856864,34532,,MF 2500CS STG V 2019,31,Ja,
113856863,34532,,MF 2500CS STG V 2019,148,Ja,
113856862,34532,,MF 2500CS STG V 2019,43,4000,20.0
113856861,34532,,MF 2500CS STG V 2019,30,Ja,
113856860,34532,,MF 2500CS STG V 2019,89,QSB 6.7-C225,
113856859,34532,,MF 2500CS STG V 2019,22,1200,15.0
113856858,34532,,MF 2500CS STG V 2019,73,9200,15.0
113856857,34532,,MF 2500CS STG V 2019,8,Nein,
113856856,34532,,MF 2500CS STG V 2019,88,168,10.0
113856855,34532,,MF 2500CS STG V 2019,6,Stufe IV,
113856854,34532,,MF 2500CS STG V 2019,7,Tier 4f,
113856853,34532,,MF 2500CS STG V 2019,63,3100,15.0
113856852,34532,,MF 2500CS STG V 2019,87,Cummins,
113856851,34532,,MF 2500CS STG V 2019,23,,
113856850,34532,,MF 2500CS STG V 2019,132,Ja,
113856849,34532,,MF 2500CS STG V 2019,55,20000,11.0
113856540,12535521,,HC 130i,170,,
113856539,12535521,,HC 130i,158,,
113856538,12535521,,HC 130i,124,,1.0
113856537,12535521,,HC 130i,155,,
113856536,12535521,,HC 130i,96,,
113856535,12535521,,HC 130i,136,,
113856534,12535521,,HC 130i,73,,15.0
113856533,12535521,,HC 130i,7,,
113856532,12535521,,HC 130i,63,,15.0
113856531,12535521,,HC 130i,148,,
113856530,12535521,,HC 130i,55,,11.0
113856529,12535521,,HC 130i,88,,10.0
113856528,12535521,,HC 130i,6,,
113856527,12535521,,HC 130i,30,,
113856526,12535521,,HC 130i,69,,
113856525,12535521,,HC 130i,26,,15.0
113856524,12535521,,HC 130i,123,,1.0
113856523,12535521,,HC 130i,135,,11.0
113856522,12535521,,HC 130i,13,,15.0
113856521,12535521,,HC 130i,23,,
113856520,12535521,,HC 130i,87,,
113856519,12535521,,HC 130i,89,,
113798397,15111158,,Super 1303-3i,159,,
113798396,15111158,,Super 1303-3i,158,,
113798395,15111158,,Super 1303-3i,156,,
113798394,15111158,,Super 1303-3i,152,250,15.0
113798393,15111158,,Super 1303-3i,52,,
113798392,15111158,,Super 1303-3i,38,,14.0
113798391,15111158,,Super 1303-3i,37,"4,50",14.0
113798390,15111158,,Super 1303-3i,36,"1,80 - 3,40",14.0
113798389,15111158,,Super 1303-3i,149,AB 340-3 TV,
113798388,15111158,,Super 1303-3i,73,4950,15.0
113798387,15111158,,Super 1303-3i,89,TCD 3.6 L4,
113798386,15111158,,Super 1303-3i,88,"74,4",10.0
113798385,15111158,,Super 1303-3i,35,,
113798384,15111158,,Super 1303-3i,127,,
113798383,15111158,,Super 1303-3i,148,,
113798382,15111158,,Super 1303-3i,8,,
113798381,15111158,,Super 1303-3i,26,1850,15.0
113798380,15111158,,Super 1303-3i,7,Tier 4f,
113798379,15111158,,Super 1303-3i,63,3100,15.0
113798378,15111158,,Super 1303-3i,87,Deutz,
113798377,15111158,,Super 1303-3i,27,,
113798376,15111158,,Super 1303-3i,23,,
113798375,15111158,,Super 1303-3i,132,,
113798374,15111158,,Super 1303-3i,34,,20.0
113798373,15111158,,Super 1303-3i,30,Ja,
113798372,15111158,,Super 1303-3i,6,Stufe V,
113798371,15111158,,Super 1303-3i,55,10700,11.0
113797183,42082,2125000598,180 EC-H 10 Litronic,53,,19.0
113797182,42082,2125000598,180 EC-H 10 Litronic,146,,
113797181,42082,2125000598,180 EC-H 10 Litronic,69,,
113797180,42082,2125000598,180 EC-H 10 Litronic,19,,14.0
113797179,42082,2125000598,180 EC-H 10 Litronic,148,,
113797178,42082,2125000598,180 EC-H 10 Litronic,48,,3.0
113797177,42082,2125000598,180 EC-H 10 Litronic,93,,5.0
113797176,42082,2125000598,180 EC-H 10 Litronic,18,,14.0
113797175,42082,2125000598,180 EC-H 10 Litronic,131,,11.0
113797174,42082,2125000598,180 EC-H 10 Litronic,59,,14.0
113797173,42082,2125000598,180 EC-H 10 Litronic,66,,
113797172,42082,2125000598,180 EC-H 10 Litronic,94,,2.0
113797171,42082,2125000598,180 EC-H 10 Litronic,130,,11.0
113797170,42082,2125000598,180 EC-H 10 Litronic,76,,10.0
113797169,42082,2125000598,180 EC-H 10 Litronic,133,,
113797168,42082,2125000598,180 EC-H 10 Litronic,5,,
113797167,42082,2125000598,180 EC-H 10 Litronic,50,,
113796585,590257,1865,TL 1600 hydraulisch schwenkbar,154,,19.0
113796584,590257,1865,TL 1600 hydraulisch schwenkbar,23,,
113796583,590257,1865,TL 1600 hydraulisch schwenkbar,63,,15.0
113796582,590257,1865,TL 1600 hydraulisch schwenkbar,12,0,18.0
113796581,590257,1865,TL 1600 hydraulisch schwenkbar,73,,15.0
113796580,590257,1865,TL 1600 hydraulisch schwenkbar,147,,
113796579,590257,1865,TL 1600 hydraulisch schwenkbar,65,,16.0
113796578,590257,1865,TL 1600 hydraulisch schwenkbar,26,1600,15.0
113796577,590257,1865,TL 1600 hydraulisch schwenkbar,109,OilQuick,
113796576,590257,1865,TL 1600 hydraulisch schwenkbar,55,,11.0
113796575,590257,1865,TL 1600 hydraulisch schwenkbar,112,Nein,
113796574,590257,1865,TL 1600 hydraulisch schwenkbar,111,Ja,
113796573,590257,1865,TL 1600 hydraulisch schwenkbar,114,1600,15.0
113796572,590257,1865,TL 1600 hydraulisch schwenkbar,113,OQ 70/55,
113796568,1179-91641,18589,A 920,69,,
113796567,1179-91641,18589,A 920,83,,
113796566,1179-91641,18589,A 920,23,,
113796565,1179-91641,18589,A 920,78,,15.0
113796564,1179-91641,18589,A 920,26,,15.0
113796563,1179-91641,18589,A 920,113,,
113796562,1179-91641,18589,A 920,40,,12.0
113796561,1179-91641,18589,A 920,87,,
113796560,1179-91641,18589,A 920,128,,
113796559,1179-91641,18589,A 920,73,,15.0
113796558,1179-91641,18589,A 920,141,,
113796557,1179-91641,18589,A 920,6,,
113796556,1179-91641,18589,A 920,11,,
113796555,1179-91641,18589,A 920,111,,
113796554,1179-91641,18589,A 920,112,,
113796553,1179-91641,18589,A 920,109,,
113796552,1179-91641,18589,A 920,55,,11.0
113796551,1179-91641,18589,A 920,110,,
113796550,1179-91641,18589,A 920,56,,15.0
113796549,1179-91641,18589,A 920,30,,
113796548,1179-91641,18589,A 920,89,,
113796547,1179-91641,18589,A 920,148,,
113796546,1179-91641,18589,A 920,57,,
113796545,1179-91641,18589,A 920,120,,
113796544,1179-91641,18589,A 920,88,,10.0
113796543,1179-91641,18589,A 920,7,,
113796542,1179-91641,18589,A 920,137,,
113796541,1179-91641,18589,A 920,101,,
113796540,1179-91641,18589,A 920,58,,
113796539,1179-91641,18589,A 920,140,,
113796538,1179-91641,18589,A 920,107,,
113796537,1179-91641,18589,A 920,63,,15.0
113796536,1179-91641,18589,A 920,106,,
113796535,1179-91641,18589,A 920,60,,
113794812,1234567,,HC 130i,170,,
113794811,1234567,,HC 130i,158,,
113794810,1234567,,HC 130i,124,,1.0
113794809,1234567,,HC 130i,155,,
113794808,1234567,,HC 130i,96,,
113794807,1234567,,HC 130i,136,,
113794806,1234567,,HC 130i,73,,15.0
113794805,1234567,,HC 130i,7,,
113794804,1234567,,HC 130i,63,,15.0
113794803,1234567,,HC 130i,148,,
113794802,1234567,,HC 130i,55,,11.0
113794801,1234567,,HC 130i,88,,10.0
113794800,1234567,,HC 130i,6,,
113794799,1234567,,HC 130i,30,,
113794798,1234567,,HC 130i,69,,
113794797,1234567,,HC 130i,26,,15.0
113794796,1234567,,HC 130i,123,,1.0
113794795,1234567,,HC 130i,135,,11.0
113794794,1234567,,HC 130i,13,,15.0
113794793,1234567,,HC 130i,23,,
113794792,1234567,,HC 130i,87,,
113794791,1234567,,HC 130i,89,,
113793672,102334,,Verschmälerung - AB 135 V - R,149,AB 135 V,
113793671,102334,,Verschmälerung - AB 135 V - R,26,,15.0
113793670,102334,,Verschmälerung - AB 135 V - R,55,,11.0
113793669,102334,,Verschmälerung - AB 135 V - R,73,,15.0
113793668,102334,,Verschmälerung - AB 135 V - R,63,,15.0
113793664,102333,,Verschmälerung - AB 135 V - L,149,AB 135 V,
113793663,102333,,Verschmälerung - AB 135 V - L,26,,15.0
113793662,102333,,Verschmälerung - AB 135 V - L,55,,11.0
113793661,102333,,Verschmälerung - AB 135 V - L,73,,15.0
113793660,102333,,Verschmälerung - AB 135 V - L,63,,15.0
113793656,11900213,,Mini 500,159,,
113793655,11900213,,Mini 500,158,,
113793654,11900213,,Mini 500,156,,
113793653,11900213,,Mini 500,152,10,15.0
113793652,11900213,,Mini 500,52,,
113793651,11900213,,Mini 500,38,"1,80",14.0
113793650,11900213,,Mini 500,37,"1,80",14.0
113793649,11900213,,Mini 500,36,"0,8 - 1,35",14.0
113793648,11900213,,Mini 500,149,AB 135 V,
113793647,11900213,,Mini 500,73,2870,15.0
113793646,11900213,,Mini 500,89,Z602-B4B-EU-X7,
113793645,11900213,,Mini 500,88,"10,2",10.0
113793644,11900213,,Mini 500,35,,
113793643,11900213,,Mini 500,127,,
113793642,11900213,,Mini 500,148,,
113793641,11900213,,Mini 500,8,,
113793640,11900213,,Mini 500,26,1245,15.0
113793639,11900213,,Mini 500,7,Tier 4f,
113793638,11900213,,Mini 500,63,1540,15.0
113793637,11900213,,Mini 500,87,Kubota,
113793636,11900213,,Mini 500,27,,
113793635,11900213,,Mini 500,23,,
113793634,11900213,,Mini 500,132,,
113793633,11900213,,Mini 500,34,,20.0
113793632,11900213,,Mini 500,30,,
113793631,11900213,,Mini 500,6,Stufe V,
113793630,11900213,,Mini 500,55,1440,11.0
113793573,W0VZT8EG2J1083547,,Insignia Sports Tourer,6,,
113770412,95VB0360R,,Verbreiterung - AB 500-5 TV - 750R,149,AB 500-5 TV,
113770411,95VB0360R,,Verbreiterung - AB 500-5 TV - 750R,26,750,15.0
113770410,95VB0360R,,Verbreiterung - AB 500-5 TV - 750R,55,,11.0
113770409,95VB0360R,,Verbreiterung - AB 500-5 TV - 750R,73,,15.0
113770408,95VB0360R,,Verbreiterung - AB 500-5 TV - 750R,63,,15.0
113770404,95VB0360L,,Verbreiterung - AB 500-5 TV - 750L,149,AB 500-5 TV,
113770403,95VB0360L,,Verbreiterung - AB 500-5 TV - 750L,26,750,15.0
113770402,95VB0360L,,Verbreiterung - AB 500-5 TV - 750L,55,,11.0
113770401,95VB0360L,,Verbreiterung - AB 500-5 TV - 750L,73,,15.0
113770400,95VB0360L,,Verbreiterung - AB 500-5 TV - 750L,63,,15.0
113770396,23820148,,Super 1800-5i,159,,
113770395,23820148,,Super 1800-5i,158,,
113770394,23820148,,Super 1800-5i,156,,
113770393,23820148,,Super 1800-5i,152,,15.0
113770392,23820148,,Super 1800-5i,52,,
113770391,23820148,,Super 1800-5i,38,,14.0
113770390,23820148,,Super 1800-5i,37,,14.0
113770389,23820148,,Super 1800-5i,36,,14.0
113770388,23820148,,Super 1800-5i,149,,
113770387,23820148,,Super 1800-5i,73,,15.0
113770386,23820148,,Super 1800-5i,89,B4.5,
113770385,23820148,,Super 1800-5i,88,129,10.0
113770384,23820148,,Super 1800-5i,35,,
113770383,23820148,,Super 1800-5i,127,,
113770382,23820148,,Super 1800-5i,148,,
113770381,23820148,,Super 1800-5i,8,,
113770380,23820148,,Super 1800-5i,26,2550,15.0
113770379,23820148,,Super 1800-5i,7,Tier 4f,
113770378,23820148,,Super 1800-5i,63,3100,15.0
113770377,23820148,,Super 1800-5i,87,Cummins,
113770376,23820148,,Super 1800-5i,27,,
113770375,23820148,,Super 1800-5i,23,,
113770374,23820148,,Super 1800-5i,132,,
113770373,23820148,,Super 1800-5i,34,,20.0
113770372,23820148,,Super 1800-5i,30,Ja,
113770371,23820148,,Super 1800-5i,6,Stufe V,
113770370,23820148,,Super 1800-5i,55,,11.0
113770311,14110820,,Super 1300-3i,152,bis 25,15.0
113770310,14110820,,Super 1300-3i,52,,
113770309,14110820,,Super 1300-3i,38,,14.0
113770308,14110820,,Super 1300-3i,37,,14.0
113770307,14110820,,Super 1300-3i,36,,14.0
113770306,14110820,,Super 1300-3i,149,,
113770305,14110820,,Super 1300-3i,73,4950,15.0
113770304,14110820,,Super 1300-3i,89,TCD 3.6 L4,
113770303,14110820,,Super 1300-3i,88,"74,4",10.0
113770302,14110820,,Super 1300-3i,35,,
113770301,14110820,,Super 1300-3i,127,,
113770300,14110820,,Super 1300-3i,148,,
113770299,14110820,,Super 1300-3i,8,,
113770298,14110820,,Super 1300-3i,26,1850,15.0
113770297,14110820,,Super 1300-3i,7,,
113770296,14110820,,Super 1300-3i,63,3000,15.0
113770295,14110820,,Super 1300-3i,87,Deutz,
113770294,14110820,,Super 1300-3i,27,,
113770293,14110820,,Super 1300-3i,23,,
113770292,14110820,,Super 1300-3i,132,,
113770291,14110820,,Super 1300-3i,34,,20.0
113770290,14110820,,Super 1300-3i,30,Ja,
113770289,14110820,,Super 1300-3i,6,,
113770288,14110820,,Super 1300-3i,55,,11.0
113707585,123502300,,TB 235,171,,
113706987,101704,,Verschmälerung - AB 220-3 TV - R,149,AB 220-3 TV,
113706986,101704,,Verschmälerung - AB 220-3 TV - R,26,,15.0
113706985,101704,,Verschmälerung - AB 220-3 TV - R,55,,11.0
113706984,101704,,Verschmälerung - AB 220-3 TV - R,73,,15.0
113706983,101704,,Verschmälerung - AB 220-3 TV - R,63,,15.0
113706979,101705,,Verschmälerung - AB 220-3 TV - L,149,AB 220-3 TV,
113706978,101705,,Verschmälerung - AB 220-3 TV - L,26,,15.0
113706977,101705,,Verschmälerung - AB 220-3 TV - L,55,,11.0
113706976,101705,,Verschmälerung - AB 220-3 TV - L,73,,15.0
113706975,101705,,Verschmälerung - AB 220-3 TV - L,63,,15.0
113706971,65VB1315R,,Verbreiterung - AB 220-3 TV - 500R,149,AB 220-3 TV,
113706970,65VB1315R,,Verbreiterung - AB 220-3 TV - 500R,26,500,15.0
113706966,65VB1315L,,Verbreiterung - AB 220-3 TV - 500L,149,AB 220-3 TV,
113706965,65VB1315L,,Verbreiterung - AB 220-3 TV - 500L,26,500,15.0
113706961,09901387,,Super 800i,152,bis 20,15.0
113706960,09901387,,Super 800i,52,Nein,
113706959,09901387,,Super 800i,38,"3,20",14.0
113706958,09901387,,Super 800i,37,"3,20",14.0
113706957,09901387,,Super 800i,36,"1,20 - 2,20",14.0
113706956,09901387,,Super 800i,149,AB 220-3 TV,
113706955,09901387,,Super 800i,73,4760,15.0
113706954,09901387,,Super 800i,89,TCD 2.9 L4,
113706953,09901387,,Super 800i,88,"55,4",10.0
113706952,09901387,,Super 800i,35,Ja,
113706951,09901387,,Super 800i,127,Nein,
113706950,09901387,,Super 800i,148,Nein,
113706949,09901387,,Super 800i,8,Nein,
113706948,09901387,,Super 800i,26,1400,15.0
113706947,09901387,,Super 800i,7,Tier 4f,
113706946,09901387,,Super 800i,63,1980,15.0
113706945,09901387,,Super 800i,87,Deutz,
113706944,09901387,,Super 800i,27,hydraulisch,
113706943,09901387,,Super 800i,23,Nein,
113706942,09901387,,Super 800i,132,Nein,
113706941,09901387,,Super 800i,34,300,20.0
113706940,09901387,,Super 800i,30,Ja,
113706939,09901387,,Super 800i,6,Stufe V,
113706938,09901387,,Super 800i,55,6600,11.0
113706658,101702,,Verschmälerung - AB 220-3 TV - R,149,AB 220-3 TV,
113706657,101702,,Verschmälerung - AB 220-3 TV - R,26,,15.0
113706656,101702,,Verschmälerung - AB 220-3 TV - R,55,,11.0
113706655,101702,,Verschmälerung - AB 220-3 TV - R,73,,15.0
113706654,101702,,Verschmälerung - AB 220-3 TV - R,63,,15.0
113706650,101703,,Verschmälerung - AB 220-3 TV - L,149,AB 220-3 TV,
113706649,101703,,Verschmälerung - AB 220-3 TV - L,26,,15.0
113706648,101703,,Verschmälerung - AB 220-3 TV - L,55,,11.0
113706647,101703,,Verschmälerung - AB 220-3 TV - L,73,,15.0
113706646,101703,,Verschmälerung - AB 220-3 TV - L,63,,15.0
113706642,65VB1316R,,Verbreiterung - AB 220-3 TV - 500R,149,AB 220-3 TV,
113706641,65VB1316R,,Verbreiterung - AB 220-3 TV - 500R,26,500,15.0
113706637,65VB1316L,,Verbreiterung - AB 220-3 TV - 500L,149,AB 220-3 TV,
113706636,65VB1316L,,Verbreiterung - AB 220-3 TV - 500L,26,500,15.0
113706632,09901392,,Super 800i,152,bis 20,15.0
113706631,09901392,,Super 800i,52,Nein,
113706630,09901392,,Super 800i,38,"3,20",14.0
113706629,09901392,,Super 800i,37,"3,20",14.0
113706628,09901392,,Super 800i,36,"1,20 - 2,20",14.0
113706627,09901392,,Super 800i,149,AB 220-3 TV,
113706626,09901392,,Super 800i,73,4760,15.0
113706625,09901392,,Super 800i,89,TCD 2.9 L4,
113706624,09901392,,Super 800i,88,"55,4",10.0
113706623,09901392,,Super 800i,35,Ja,
113706622,09901392,,Super 800i,127,Nein,
113706621,09901392,,Super 800i,148,Nein,
113706620,09901392,,Super 800i,8,Nein,
113706619,09901392,,Super 800i,26,1400,15.0
113706618,09901392,,Super 800i,7,Tier 4f,
113706617,09901392,,Super 800i,63,1980,15.0
113706616,09901392,,Super 800i,87,Deutz,
113706615,09901392,,Super 800i,27,hydraulisch,
113706614,09901392,,Super 800i,23,Nein,
113706613,09901392,,Super 800i,132,Nein,
113706612,09901392,,Super 800i,34,300,20.0
113706611,09901392,,Super 800i,30,Ja,
113706610,09901392,,Super 800i,6,Stufe V,
113706609,09901392,,Super 800i,55,6600,11.0
113700723,W0VZT8EG2J1083547,,Insignia Sports Tourer,171,,
113700722,W0VZT8EG2J1083547,,Insignia Sports Tourer,168,,
113700721,W0VZT8EG2J1083547,,Insignia Sports Tourer,167,,7.0
113700720,W0VZT8EG2J1083547,,Insignia Sports Tourer,166,,
113700719,W0VZT8EG2J1083547,,Insignia Sports Tourer,165,,
113700718,W0VZT8EG2J1083547,,Insignia Sports Tourer,164,,
113700717,W0VZT8EG2J1083547,,Insignia Sports Tourer,161,,11.0
113700716,W0VZT8EG2J1083547,,Insignia Sports Tourer,95,,11.0
113700715,W0VZT8EG2J1083547,,Insignia Sports Tourer,69,,
113700714,W0VZT8EG2J1083547,,Insignia Sports Tourer,30,,
113700713,W0VZT8EG2J1083547,,Insignia Sports Tourer,163,,
113700712,W0VZT8EG2J1083547,,Insignia Sports Tourer,86,,
113700711,W0VZT8EG2J1083547,,Insignia Sports Tourer,85,,
113700710,W0VZT8EG2J1083547,,Insignia Sports Tourer,84,,
113700709,W0VZT8EG2J1083547,,Insignia Sports Tourer,88,,10.0
113700708,W0VZT8EG2J1083547,,Insignia Sports Tourer,89,,
113700707,W0VZT8EG2J1083547,,Insignia Sports Tourer,87,,
113700706,W0VZT8EG2J1083547,,Insignia Sports Tourer,63,,15.0
113700705,W0VZT8EG2J1083547,,Insignia Sports Tourer,26,,15.0
113700704,W0VZT8EG2J1083547,,Insignia Sports Tourer,73,,15.0
113541923,56920,18472,125 K,131,,11.0
113541922,56920,18472,125 K,53,,19.0
113541921,56920,18472,125 K,93,,5.0
113541920,56920,18472,125 K,148,,
113541919,56920,18472,125 K,146,,
113541918,56920,18472,125 K,76,,10.0
113541917,56920,18472,125 K,94,,2.0
113541916,56920,18472,125 K,66,,
113541915,56920,18472,125 K,59,,14.0
113541914,56920,18472,125 K,18,,14.0
113541913,56920,18472,125 K,130,,11.0
113541912,56920,18472,125 K,50,,
113541911,56920,18472,125 K,69,,
113541910,56920,18472,125 K,48,,3.0
113541909,56920,18472,125 K,5,,
113541908,56920,18472,125 K,19,,14.0
113541907,56920,18472,125 K,133,,
112849198,1000038804,,Materialkübel extern,73,2550,15.0
112849197,1000038804,,Materialkübel extern,51,,
112849196,1000038804,,Materialkübel extern,55,1200,11.0
112849195,1000038804,,Materialkübel extern,65,11,16.0
112849194,1000038804,,Materialkübel extern,26,3700,15.0
112849193,1000038804,,Materialkübel extern,63,2190,15.0
112847282,3200193,,SW 6500,22,,15.0
112847281,3200193,,SW 6500,23,,
112847280,3200193,,SW 6500,43,,20.0
112847279,3200193,,SW 6500,73,,15.0
112847278,3200193,,SW 6500,26,,15.0
112847277,3200193,,SW 6500,34,,20.0
112847276,3200193,,SW 6500,55,,11.0
112847275,3200193,,SW 6500,148,,
112847274,3200193,,SW 6500,63,,15.0
112729020,102309,,TL 700,154,,19.0
112729019,102309,,TL 700,110,,
112729018,102309,,TL 700,26,,15.0
112729017,102309,,TL 700,65,,16.0
112729016,102309,,TL 700,73,,15.0
112729015,102309,,TL 700,147,,
112729014,102309,,TL 700,12,,18.0
112729013,102309,,TL 700,113,,
112729012,102309,,TL 700,109,,
112729011,102309,,TL 700,63,,15.0
112729010,102309,,TL 700,55,,11.0
112729009,102309,,TL 700,114,,15.0
112719162,101650371313,18508,BW 138 AD-5,158,,
112719161,101650371313,18508,BW 138 AD-5,155,,
112719160,101650371313,18508,BW 138 AD-5,69,,
112719159,101650371313,18508,BW 138 AD-5,88,,10.0
112719158,101650371313,18508,BW 138 AD-5,54,,
112719156,101650371313,18508,BW 138 AD-5,30,,
112719155,101650371313,18508,BW 138 AD-5,13,,15.0
112719154,101650371313,18508,BW 138 AD-5,23,,
112719153,101650371313,18508,BW 138 AD-5,73,,15.0
112719152,101650371313,18508,BW 138 AD-5,63,,15.0
112719151,101650371313,18508,BW 138 AD-5,135,,11.0
112719149,101650371313,18508,BW 138 AD-5,70,,
112719148,101650371313,18508,BW 138 AD-5,67,,18.0
112719147,101650371313,18508,BW 138 AD-5,87,,
112719146,101650371313,18508,BW 138 AD-5,96,,
112719145,101650371313,18508,BW 138 AD-5,26,,15.0
112719144,101650371313,18508,BW 138 AD-5,89,,
112719143,101650371313,18508,BW 138 AD-5,55,,11.0
112719142,101650371313,18508,BW 138 AD-5,6,,
112719141,101650371313,18508,BW 138 AD-5,148,,
112719140,101650371313,18508,BW 138 AD-5,7,,
112719139,101650371313,18508,BW 138 AD-5,16,,
112719138,101650371313,18508,BW 138 AD-5,136,,
112719134,3006796,18505,ARX 45-2,171,,
112719133,3006796,18505,ARX 45-2,169,,
112719132,3006796,18505,ARX 45-2,158,,
112719131,3006796,18505,ARX 45-2,155,,
112719130,3006796,18505,ARX 45-2,69,,
112719129,3006796,18505,ARX 45-2,88,,10.0
112719128,3006796,18505,ARX 45-2,54,,
112719127,3006796,18505,ARX 45-2,30,,
112719126,3006796,18505,ARX 45-2,13,,15.0
112719125,3006796,18505,ARX 45-2,23,,
112719124,3006796,18505,ARX 45-2,73,,15.0
112719123,3006796,18505,ARX 45-2,63,,15.0
112719122,3006796,18505,ARX 45-2,135,,11.0
112719121,3006796,18505,ARX 45-2,70,,
112719120,3006796,18505,ARX 45-2,67,,18.0
112719119,3006796,18505,ARX 45-2,87,,
112719118,3006796,18505,ARX 45-2,96,,
112719117,3006796,18505,ARX 45-2,26,,15.0
112719116,3006796,18505,ARX 45-2,89,,
112719115,3006796,18505,ARX 45-2,55,,11.0
112719114,3006796,18505,ARX 45-2,6,,
112719113,3006796,18505,ARX 45-2,148,,
112719112,3006796,18505,ARX 45-2,7,,
112719111,3006796,18505,ARX 45-2,16,,
112719110,3006796,18505,ARX 45-2,136,,
112719099,3017578,18506,ARX 45-2,171,,
112719097,3017578,18506,ARX 45-2,169,,
112719096,3017578,18506,ARX 45-2,158,,
112719095,3017578,18506,ARX 45-2,155,,
112719093,3017578,18506,ARX 45-2,69,,
112719092,3017578,18506,ARX 45-2,88,,10.0
112719090,3017578,18506,ARX 45-2,54,,
112719089,3017578,18506,ARX 45-2,30,,
112719087,3017578,18506,ARX 45-2,13,,15.0
112719086,3017578,18506,ARX 45-2,23,,
112719085,3017578,18506,ARX 45-2,73,,15.0
112719083,3017578,18506,ARX 45-2,63,,15.0
112719082,3017578,18506,ARX 45-2,135,,11.0
112719081,3017578,18506,ARX 45-2,70,,
112719079,3017578,18506,ARX 45-2,67,,18.0
112719078,3017578,18506,ARX 45-2,87,,
112719077,3017578,18506,ARX 45-2,96,,
112719075,3017578,18506,ARX 45-2,26,,15.0
112719074,3017578,18506,ARX 45-2,89,,
112719073,3017578,18506,ARX 45-2,55,,11.0
112719072,3017578,18506,ARX 45-2,6,,
112719071,3017578,18506,ARX 45-2,148,,
112719070,3017578,18506,ARX 45-2,7,,
112719069,3017578,18506,ARX 45-2,16,,
112719068,3017578,18506,ARX 45-2,136,,
112719062,3017580,18507,ARX 45-2,171,,
112719061,3017580,18507,ARX 45-2,169,,
112719060,3017580,18507,ARX 45-2,158,,
112719059,3017580,18507,ARX 45-2,155,,
112719058,3017580,18507,ARX 45-2,69,,
112719057,3017580,18507,ARX 45-2,88,,10.0
112719056,3017580,18507,ARX 45-2,54,,
112719055,3017580,18507,ARX 45-2,30,,
112719054,3017580,18507,ARX 45-2,13,,15.0
112719053,3017580,18507,ARX 45-2,23,,
112719052,3017580,18507,ARX 45-2,73,,15.0
112719051,3017580,18507,ARX 45-2,63,,15.0
112719050,3017580,18507,ARX 45-2,135,,11.0
112719049,3017580,18507,ARX 45-2,70,,
112719048,3017580,18507,ARX 45-2,67,,18.0
112719047,3017580,18507,ARX 45-2,87,,
112719046,3017580,18507,ARX 45-2,96,,
112719045,3017580,18507,ARX 45-2,26,,15.0
112719044,3017580,18507,ARX 45-2,89,,
112719043,3017580,18507,ARX 45-2,55,,11.0
112719042,3017580,18507,ARX 45-2,6,,
112719041,3017580,18507,ARX 45-2,148,,
112719040,3017580,18507,ARX 45-2,7,,
112719039,3017580,18507,ARX 45-2,16,,
112719038,3017580,18507,ARX 45-2,136,,
112438211,42116,18504,245 EC-H 12 Litronic,53,,19.0
112438210,42116,18504,245 EC-H 12 Litronic,146,,
112438209,42116,18504,245 EC-H 12 Litronic,69,,
112438208,42116,18504,245 EC-H 12 Litronic,19,,14.0
112438207,42116,18504,245 EC-H 12 Litronic,148,,
112438206,42116,18504,245 EC-H 12 Litronic,48,,3.0
112438205,42116,18504,245 EC-H 12 Litronic,93,,5.0
112438204,42116,18504,245 EC-H 12 Litronic,18,,14.0
112438203,42116,18504,245 EC-H 12 Litronic,131,,11.0
112438202,42116,18504,245 EC-H 12 Litronic,59,,14.0
112438201,42116,18504,245 EC-H 12 Litronic,66,,
112438200,42116,18504,245 EC-H 12 Litronic,94,,2.0
112438199,42116,18504,245 EC-H 12 Litronic,130,,11.0
112438198,42116,18504,245 EC-H 12 Litronic,76,,10.0
112438197,42116,18504,245 EC-H 12 Litronic,133,,
112438196,42116,18504,245 EC-H 12 Litronic,5,,
112438195,42116,18504,245 EC-H 12 Litronic,50,,
111878696,102289,,Verbreiterung - AB 600-3 TP1- 750 L,37,,14.0
111878695,102289,,Verbreiterung - AB 600-3 TP1- 750 L,36,,14.0
111878694,102289,,Verbreiterung - AB 600-3 TP1- 750 L,154,,19.0
111878693,102289,,Verbreiterung - AB 600-3 TP1- 750 L,116,,15.0
111878692,102289,,Verbreiterung - AB 600-3 TP1- 750 L,149,,
111878691,102289,,Verbreiterung - AB 600-3 TP1- 750 L,111,,
111878690,102289,,Verbreiterung - AB 600-3 TP1- 750 L,112,,
111878689,102289,,Verbreiterung - AB 600-3 TP1- 750 L,26,,15.0
111878688,102289,,Verbreiterung - AB 600-3 TP1- 750 L,55,,11.0
111878687,102289,,Verbreiterung - AB 600-3 TP1- 750 L,110,,
111878686,102289,,Verbreiterung - AB 600-3 TP1- 750 L,109,,
111878685,102289,,Verbreiterung - AB 600-3 TP1- 750 L,23,,
111878684,102289,,Verbreiterung - AB 600-3 TP1- 750 L,113,,
111878683,102289,,Verbreiterung - AB 600-3 TP1- 750 L,73,,15.0
111878682,102289,,Verbreiterung - AB 600-3 TP1- 750 L,63,,15.0
111878678,102288,,Verbreiterung - AB 600-3 TP1- 750 R,37,,14.0
111878677,102288,,Verbreiterung - AB 600-3 TP1- 750 R,36,,14.0
111878676,102288,,Verbreiterung - AB 600-3 TP1- 750 R,154,,19.0
111878675,102288,,Verbreiterung - AB 600-3 TP1- 750 R,116,,15.0
111878674,102288,,Verbreiterung - AB 600-3 TP1- 750 R,149,,
111878673,102288,,Verbreiterung - AB 600-3 TP1- 750 R,111,,
111878672,102288,,Verbreiterung - AB 600-3 TP1- 750 R,112,,
111878671,102288,,Verbreiterung - AB 600-3 TP1- 750 R,26,,15.0
111878670,102288,,Verbreiterung - AB 600-3 TP1- 750 R,55,,11.0
111878669,102288,,Verbreiterung - AB 600-3 TP1- 750 R,110,,
111878668,102288,,Verbreiterung - AB 600-3 TP1- 750 R,109,,
111878667,102288,,Verbreiterung - AB 600-3 TP1- 750 R,23,,
111878666,102288,,Verbreiterung - AB 600-3 TP1- 750 R,113,,
111878665,102288,,Verbreiterung - AB 600-3 TP1- 750 R,73,,15.0
111878664,102288,,Verbreiterung - AB 600-3 TP1- 750 R,63,,15.0
111878660,08191210,18502,Super 1900-3i,156,,
111878659,08191210,18502,Super 1900-3i,152,bis 40,15.0
111878658,08191210,18502,Super 1900-3i,52,,
111878657,08191210,18502,Super 1900-3i,38,,14.0
111878656,08191210,18502,Super 1900-3i,37,,14.0
111878655,08191210,18502,Super 1900-3i,36,,14.0
111878654,08191210,18502,Super 1900-3i,149,,
111878653,08191210,18502,Super 1900-3i,73,,15.0
111878652,08191210,18502,Super 1900-3i,89,B6.7-C195,
111878651,08191210,18502,Super 1900-3i,88,145,10.0
111878650,08191210,18502,Super 1900-3i,35,,
111878649,08191210,18502,Super 1900-3i,127,,
111878648,08191210,18502,Super 1900-3i,148,,
111878647,08191210,18502,Super 1900-3i,8,,
111878646,08191210,18502,Super 1900-3i,26,2550,15.0
111878645,08191210,18502,Super 1900-3i,7,,
111878644,08191210,18502,Super 1900-3i,63,3100,15.0
111878643,08191210,18502,Super 1900-3i,87,Cummins,
111878642,08191210,18502,Super 1900-3i,27,,
111878641,08191210,18502,Super 1900-3i,23,,
111878640,08191210,18502,Super 1900-3i,132,,
111878639,08191210,18502,Super 1900-3i,34,900,20.0
111878638,08191210,18502,Super 1900-3i,30,,
111878637,08191210,18502,Super 1900-3i,6,,
111878636,08191210,18502,Super 1900-3i,55,,11.0
111733428,02AS0157,18499,WS250,37,,14.0
111733427,02AS0157,18499,WS250,36,,14.0
111733426,02AS0157,18499,WS250,154,,19.0
111733425,02AS0157,18499,WS250,116,,15.0
111733424,02AS0157,18499,WS250,149,,
111733423,02AS0157,18499,WS250,111,,
111733422,02AS0157,18499,WS250,112,,
111733421,02AS0157,18499,WS250,26,,15.0
111733420,02AS0157,18499,WS250,55,,11.0
111733419,02AS0157,18499,WS250,110,,
111733418,02AS0157,18499,WS250,109,,
111733417,02AS0157,18499,WS250,23,,
111733416,02AS0157,18499,WS250,113,,
111733415,02AS0157,18499,WS250,73,,15.0
111733414,02AS0157,18499,WS250,63,,15.0
111457999,4182011,18495,ARX 110,171,,
111457998,4182011,18495,ARX 110,169,,
111457997,4182011,18495,ARX 110,158,,
111457996,4182011,18495,ARX 110,155,,
111457995,4182011,18495,ARX 110,69,,
111457994,4182011,18495,ARX 110,88,,10.0
111457993,4182011,18495,ARX 110,54,,
111457992,4182011,18495,ARX 110,30,,
111457991,4182011,18495,ARX 110,13,,15.0
111457990,4182011,18495,ARX 110,23,,
111457989,4182011,18495,ARX 110,73,,15.0
111457988,4182011,18495,ARX 110,63,,15.0
111457987,4182011,18495,ARX 110,135,,11.0
111457986,4182011,18495,ARX 110,70,,
111457985,4182011,18495,ARX 110,67,,18.0
111457984,4182011,18495,ARX 110,87,,
111457983,4182011,18495,ARX 110,96,,
111457982,4182011,18495,ARX 110,26,,15.0
111457981,4182011,18495,ARX 110,89,,
111457980,4182011,18495,ARX 110,55,,11.0
111457979,4182011,18495,ARX 110,6,,
111457978,4182011,18495,ARX 110,148,,
111457977,4182011,18495,ARX 110,7,,
111457976,4182011,18495,ARX 110,16,,
111457975,4182011,18495,ARX 110,136,,
111456365,G100A155,18496,MBU - G 100 A - Grader,171,,
111456364,G100A155,18496,MBU - G 100 A - Grader,10,,
111456363,G100A155,18496,MBU - G 100 A - Grader,79,,15.0
111456362,G100A155,18496,MBU - G 100 A - Grader,88,,10.0
111456361,G100A155,18496,MBU - G 100 A - Grader,40,,12.0
111456360,G100A155,18496,MBU - G 100 A - Grader,140,,
111456359,G100A155,18496,MBU - G 100 A - Grader,6,,
111456358,G100A155,18496,MBU - G 100 A - Grader,26,,15.0
111456357,G100A155,18496,MBU - G 100 A - Grader,148,,
111456356,G100A155,18496,MBU - G 100 A - Grader,49,,15.0
111456355,G100A155,18496,MBU - G 100 A - Grader,30,,
111456354,G100A155,18496,MBU - G 100 A - Grader,23,,
111456353,G100A155,18496,MBU - G 100 A - Grader,69,,
111456352,G100A155,18496,MBU - G 100 A - Grader,7,,
111456351,G100A155,18496,MBU - G 100 A - Grader,63,,15.0
111456350,G100A155,18496,MBU - G 100 A - Grader,73,,15.0
111456349,G100A155,18496,MBU - G 100 A - Grader,87,,
111456348,G100A155,18496,MBU - G 100 A - Grader,55,,11.0
111456347,G100A155,18496,MBU - G 100 A - Grader,89,,
111456346,G100A155,18496,MBU - G 100 A - Grader,141,,
111330326,101870751002,18494,BW 174 AP-4i AM,169,,
111330325,101870751002,18494,BW 174 AP-4i AM,158,,
111330324,101870751002,18494,BW 174 AP-4i AM,155,,
111330323,101870751002,18494,BW 174 AP-4i AM,69,,
111330322,101870751002,18494,BW 174 AP-4i AM,88,74,10.0
111330321,101870751002,18494,BW 174 AP-4i AM,54,,
111330320,101870751002,18494,BW 174 AP-4i AM,30,,
111330319,101870751002,18494,BW 174 AP-4i AM,13,,15.0
111330318,101870751002,18494,BW 174 AP-4i AM,23,,
111330317,101870751002,18494,BW 174 AP-4i AM,73,4420,15.0
111330316,101870751002,18494,BW 174 AP-4i AM,63,3000,15.0
111330315,101870751002,18494,BW 174 AP-4i AM,135,,11.0
111330314,101870751002,18494,BW 174 AP-4i AM,70,,
111330313,101870751002,18494,BW 174 AP-4i AM,67,,18.0
111330312,101870751002,18494,BW 174 AP-4i AM,87,Kubota,
111330311,101870751002,18494,BW 174 AP-4i AM,96,,
111330310,101870751002,18494,BW 174 AP-4i AM,26,1826,15.0
111330309,101870751002,18494,BW 174 AP-4i AM,89,V3800 CR-T,
111330308,101870751002,18494,BW 174 AP-4i AM,55,9920,11.0
111330307,101870751002,18494,BW 174 AP-4i AM,6,,
111330306,101870751002,18494,BW 174 AP-4i AM,148,,
111330305,101870751002,18494,BW 174 AP-4i AM,7,,
111330304,101870751002,18494,BW 174 AP-4i AM,16,,
111330303,101870751002,18494,BW 174 AP-4i AM,136,,
110655845,TR18.25.0385,,TR18,63,,15.0
110655844,TR18.25.0385,,TR18,26,,15.0
110655843,TR18.25.0385,,TR18,73,,15.0
110655842,TR18.25.0385,,TR18,151,80,13.0
110655841,TR18.25.0385,,TR18,154,12 - 18,19.0
110655840,TR18.25.0385,,TR18,55,565,11.0
110655839,TR18.25.0385,,TR18,153,130,8.0
110655838,TR18.25.0385,,TR18,14,250,6.0
110655837,TR18.25.0385,,TR18,113,,
110655836,TR18.25.0385,,TR18,112,,
110655835,TR18.25.0385,,TR18,111,,
110655834,TR18.25.0385,,TR18,110,,
110636235,14822775,18491,Super 1800-3i Sprayjet,159,,
110636234,14822775,18491,Super 1800-3i Sprayjet,158,,
110636233,14822775,18491,Super 1800-3i Sprayjet,156,,
110636232,14822775,18491,Super 1800-3i Sprayjet,152,,15.0
110636231,14822775,18491,Super 1800-3i Sprayjet,52,,
110636230,14822775,18491,Super 1800-3i Sprayjet,38,,14.0
110636229,14822775,18491,Super 1800-3i Sprayjet,37,,14.0
110636228,14822775,18491,Super 1800-3i Sprayjet,36,,14.0
110636227,14822775,18491,Super 1800-3i Sprayjet,149,,
110636226,14822775,18491,Super 1800-3i Sprayjet,73,,15.0
110636225,14822775,18491,Super 1800-3i Sprayjet,89,,
110636224,14822775,18491,Super 1800-3i Sprayjet,88,,10.0
110636223,14822775,18491,Super 1800-3i Sprayjet,35,,
110636222,14822775,18491,Super 1800-3i Sprayjet,127,,
110636221,14822775,18491,Super 1800-3i Sprayjet,148,,
110636220,14822775,18491,Super 1800-3i Sprayjet,8,,
110636219,14822775,18491,Super 1800-3i Sprayjet,26,,15.0
110636218,14822775,18491,Super 1800-3i Sprayjet,7,,
110636217,14822775,18491,Super 1800-3i Sprayjet,63,,15.0
110636216,14822775,18491,Super 1800-3i Sprayjet,87,,
110636215,14822775,18491,Super 1800-3i Sprayjet,27,,
110636214,14822775,18491,Super 1800-3i Sprayjet,23,,
110636213,14822775,18491,Super 1800-3i Sprayjet,132,,
110636212,14822775,18491,Super 1800-3i Sprayjet,34,,20.0
110636211,14822775,18491,Super 1800-3i Sprayjet,30,,
110636210,14822775,18491,Super 1800-3i Sprayjet,6,,
110636209,14822775,18491,Super 1800-3i Sprayjet,55,,11.0
110493800,WLHZ1511VZC059332,,R 914 Compact K-S,171,,
110493799,11821479,18490,Super 1800-2,171,,
110493798,101581081063,18486,BW 177 PDH-3,171,,
110493797,101810010130,18484,BW 144 AD-2,171,,
110493796,09050532,18482,W 50 DC 4-Rad mit Ladeband,171,,
110493795,H1650196,18483,DV 70 VT,171,,
110493794,101871101187,,BW 154 AP-5 AM,171,,
110493793,0403.0633,18475,W 35 DC,171,,
110493792,0403.0299,18474,W 35 DC,171,,
110493791,13100034,18473,W 100 Fi,171,,
110493790,H2090398,18455,HD+ 110i VV,171,,
110493789,62111122,18437,CC 322,171,,
110493788,11821783,18444,Super 1800-2,171,,
110493787,00500727,18448,ZX 135 US-6,171,,
110493786,00376,18449,EW100,171,,
110493785,14200156,18443,W 200i,171,,
110493784,06130176,18442,W 150i,171,,
110493783,101870901034,18438,BW 174 AP-4i AM,171,,
110493782,095199,18439,A 918 Compact Litronic,171,,
110493781,101870221004,18429,BW 174 AP-4v,171,,
110493780,11821462,18420,Super 1800-2,171,,
110493779,W0VEDYHZ1RJ729603,,Combo Cargo,171,,
110493778,W0VEDYHZ3RJ766510,,Combo Cargo,171,,
110493777,18100606,18418,W 100 CFi,171,,
110493776,18100042,18417,W 100 CFi,171,,
110493775,06220056,18407,W 250i,171,,
110493774,04220067,18409,W 250,171,,
110493773,15201214,18411,W 210i,171,,
110493772,18100489,18416,W 100 CFi,171,,
110493771,18100174,18415,W 100 CFi,171,,
110493770,18100045,18414,W 100 CFi,171,,
110493769,06130096,18412,W 150i,171,,
110493768,14820520,18397,Super 1800-3i,171,,
110493767,14825153,,Super 1800-3i,171,,
110493766,TXN00654,18396,D 314 DL CR,171,,
110493765,101870701072,18391,BW 174 AP-4 AM,171,,
110493764,11190353,,Super 1900-5i,171,,
110493763,125105053,,TB 250-2,171,,
110493762,09901269,,Super 800i,171,,
110493761,14110768,,Super 1300-3i,171,,
110493760,08610124,,MT 3000-3i Offset,171,,
110493759,RG004880,,MF 2500CS STG V 2019,171,,
110493758,06201200,18389,W 2000,171,,
110493757,101870701135,18387,BW 174 AP-4 AM,171,,
110493756,0820 0555,18384,W 1500,171,,
110493755,RG004829,,MF 2500CS STG V 2019,171,,
110493754,63921080,18371,CC 722,171,,
110493753,101871121032,,BW 154 ACP-5 AM,171,,
110493752,216027220,,TB 216 A,171,,
110493751,216027221,,TB 216 A,171,,
110493750,H8801643,18366,908 M,171,,
110493749,H8801636,18367,908 M,171,,
110493748,4510066,18365,AFW 150-2,171,,
110493747,101650401015,18357,BW 138 AD-5,171,,
110493746,861880411140,18353,BW 100 AD-5,171,,
110493745,861880411139,18352,BW 100 AD-5,171,,
110493744,861880541060,18351,BW 100 AD-5,171,,
110493743,861880541010,18350,BW 100 AD-5,171,,
110493742,WNCD1802CPAL01142,18349,DW 90,171,,
110493741,101870751049,18328,BW 174 AP-4i AM,171,,
110493740,11190295,,Super 1900-5i,171,,
110493739,20109867,,CR 5-II,171,,
110493738,101871201138,,BW 174 AP-5 AM,171,,
110493737,10831952,,Super 1803-3i,171,,
110493736,14825017,,Super 1800-3i,171,,
110493735,11190299,,Super 1900-5i,171,,
110493734,09901233,,Super 800i,171,,
110493733,14825010,,Super 1800-3i,171,,
110493732,09901227,,Super 800i,171,,
110493731,11900135,,Mini 500,171,,
110493730,101871201071,,BW 174 AP-5 AM,171,,
110493729,PG004548,,MF 2500CS STG V 2019,171,,
110493728,514901570,,TB 2150 R CV,171,,
110493727,11190067,,Super 2100-5i,171,,
110493726,101871101131,,BW 154 AP-5 AM,171,,
110493725,KBCDZ37BTP3L15153,,KX060-5 Typ L,171,,
110493724,KBCCZ58BVP3K16118,,KX037-4,171,,
110493723,961538511129,,BW 28 RH,171,,
110493722,101586981067,,BW 219 PDH-5,171,,
110493721,H262EHAA00459,18301,HD 12 VV,171,,
110493720,1930620,18297,8008 CTS,171,,
110493719,WNCE0902J00004122,18296,ET 16,171,,
110493718,2545064,18295,8018 CTS,171,,
110493717,103074,18299,1T-1  High Tip,171,,
110493716,SLCM573Z1712D9124,18298,3 to. Swivel Dumper,171,,
110493715,P3084,18303,Minikran MC 285 CWME-3 Diesel + Elektro,171,,
110493714,12200174,18304,W 200,171,,
110493713,4550022,,F 5 C,171,,
110493712,13100454,18293,W 120 Fi,171,,
110493711,13.10.0044,18288,W 100 Fi,171,,
110493710,14201025,18289,W 200i,171,,
110493709,231009429,,HFW 250 T5,171,,
110493708,231009428,,HFW 250 T5,171,,
110493707,231009172,,HFW 200 T5,171,,
110493706,231009171,,HFW 200 T5,171,,
110493705,CZ2X00454,18285,PM 102,171,,
110493704,15082,18283,Titan 326,171,,
110493703,CATCB434CCNH00367,18281,CB 434 D,171,,
110493702,07901905,18280,Super 800,171,,
110493701,04WR0472,18279,WR 2500 S,171,,
110493700,04WR0428,18278,WR 2500 S,171,,
110493699,K5E00726,18276,M 315 D,171,,
110493698,13803949,18272,APR 5920,171,,
110493697,H60611,18204,WA 480-6,171,,
110493696,14820491,18273,Super 1800-3i Sprayjet,171,,
110493695,13100114,18271,W 100 Fi,171,,
110493694,12200325,18270,W 200,171,,
110493693,CATCB434ACNH00355,18203,CB 434 D,171,,
110493692,20096343,,CR 7 MDM,171,,
110493691,H8802788,18196,908 M,171,,
110493690,08101037,18195,W 100 F,171,,
110493689,WMAH02ZZZ2M350719,18183,18.313  4x2 Kipper mit Palfinger Ladekran PK11502,171,,
110493688,WGH0H270EHAA01673,18189,H 7i,171,,
110493687,WGH0H270HHAA01672,18190,H 7i,171,,
110493686,WGH0H270EHAA1656,18191,H 7i,171,,
110493685,WGH0H270AHAA01684,18192,H 7i,171,,
110493684,,,GLE 350 de 4MATIC,171,,
110493683,20098331,,CF 3-II Hd,171,,
110493682,101870701012,,BW 174 AP-AM,171,,
110493681,1192-086899,18185,A 918 Compact,171,,
110493680,SJM00836,18186,907 H,171,,
110493679,JRS00480,18187,907 H2,171,,
110493678,WNK35801CP0001621,,5040,171,,
110493677,09901041,,Super 800i,171,,
110493676,20093090,,DVH 600 L-2,171,,
110493675,79720,,I3CR,171,,
110493674,VAUZ1275KZT014655,18147,LR 636,171,,
110493673,RH300212,18146,M 323 F,171,,
110493672,1190-88921,18145,A 922 Rail,171,,
110493671,1190-88923,18144,A 922 Rail,171,,
110493670,0810 1034,18161,W 100 F,171,,
110493669,0403 0300,18160,W 35 DC,171,,
110493668,0513 0157,18159,W 150,171,,
110493667,101870611038,18150,BW 154 AP-4,171,,
110493666,20153060 1802,18151,BW 24 R,171,,
110493665,09901065,,Super 800i,171,,
110493664,14824692,,Super 1800-3i,171,,
110493663,11190072,,Super 2100-5i,171,,
110493662,09901013,,Super 800i,171,,
110493661,CAT0M317KKNC20099,,M 317-07B NG,171,,
110493660,14110697,,Super 1300-3i,171,,
110493659,5953,,C807s,171,,
110493658,79639,,R70,171,,
110493657,WGH0H256PHAA00065,,HC 180i,171,,
110493656,101870641167,,BW 154 AP-4i AM,171,,
110493655,CATM322DVW2S00348,18130,M 322 D,171,,
110493654,123502297,18126,TB 235,171,,
110493653,87434,18125,KX 101-3a3,171,,
110493652,101880561154,,BW 100 AD-5,171,,
110493651,WNCD1802EPAL00337,18128,DW 90,171,,
110493650,NCBF20535,18127,F 106.7 A,171,,
110493649,79638,,TS4065,171,,
110493648,WGH0H297AHAA00013,,HX 70i VO-S,171,,
110493647,08610108,,MT 3000-3i Offset,171,,
110493646,WGH0H287VHAA00108,,HC 70i P,171,,
110493645,NG004113,,MF 2500CS STG V 2019,171,,
110493644,RH300184,18116,M 323 F,171,,
110493643,123500651,18064,TB 235,171,,
110493642,F00674,18047,PC 80MR-3,171,,
110493641,WLHZ1179VZK069970,18073,A 920,171,,
110493640,K0110150,,MC 100i EVO,171,,
110493639,NG004103,,MF 2500CS STG V 2019,171,,
110493638,61351309,,613 R Serie E,171,,
110493637,101587381191,,BW 177 D-5,171,,
110493636,08100567,18045,W 130 F,171,,
110493635,326 15090,18044,Titan 326,171,,
110493634,12200220,18041,W 200,171,,
110493633,11821255,18039,Super 1600-2,171,,
110493632,CAT3018AH8X08042,,301.8-05A,171,,
110493631,CAT3018AH8X08053,,301.8-05A,171,,
110493630,11823308,18033,Super 1800-2,171,,
110493629,11822761,18032,Super 1800-2,171,,
110493628,08101026,18035,W 100 F,171,,
110493627,06201013,18034,W 2000,171,,
110493626,101870541024,18036,BW 174 AP-AM,171,,
110493625,CAT03018PH8X08045,,301.8-05A,171,,
110493624,CAT03018JH8X07688,,301.8-05A,171,,
110493623,08100833,18029,W 100 F,171,,
110493622,05130184,18028,W 150,171,,
110493621,05130183,18027,W 150,171,,
110493620,61301306,,613 M Serie E,171,,
110493619,15488,,912 GS,171,,
110493618,WNCE1402VPAL02905,,EW65,171,,
110493617,5957,,C807s,171,,
110493616,CAT00906AHZ600278,,906 M,171,,
110493615,CAT00906CHZ600262,,906 M,171,,
110493614,CAT00906KHZ600260,,906 M,171,,
110493613,CAT00906LHZ600279,,906 M,171,,
110493612,CAT00906THZ600255,,906 M,171,,
110493611,08192695,,Super 1900-3i,171,,
110493610,101880011043,18018,BW 100 AC,171,,
110493609,101263,,TL 700 - MS 03,171,,
110493608,101262,,TL 350 - MS 03,171,,
110493607,101261,,TL 300 - MS 03,171,,
110493606,AC02527,18017,50Z3,171,,
110493605,NG004330,,MF 2500CS STG V 2019,171,,
110493604,W0921321921B19001,18010,Universal 1200 S,171,,
110493603,10002116E0G000915,18016,SD 2500 C,171,,
110493602,6335516,,633 R Serie E,171,,
110493601,20076445,,CF 3-II Hd,171,,
110493600,CAT03035JCE901134,,303.5CR-07A,171,,
110493599,CAT03027ECZ601842,,302.7CR-07A,171,,
110493598,02471,18007,SBF 24 L,171,,
110493597,RW7810R033429,18008,7810,171,,
110493596,CAT03018LH8X07745,,301.8-05A,171,,
110493595,41104,18009,PC 228,171,,
110493594,643.5.133,18003,643 R,171,,
110493593,3031104,,F80W,171,,
110493592,CAT03027CCZ601812,,302.7CR-07A,171,,
110493591,,,Model S 75D,171,,
110493590,221003132,,HBOX+ M5,171,,
110493589,GG001933,17988,F 1200 CS,171,,
110493588,61301146,,613 M,171,,
110493587,13200062,17985,W 210,171,,
110493586,882017697,17981,8820,171,,
110493585,CAT0906MAK5602652,,906 M,171,,
110493584,20074840,,CF 2-II Hd,171,,
110493583,20074349,,MC 85,171,,
110493582,09900718,,Super 800i,171,,
110493581,305400080,,TCR50-2,171,,
110493580,12200141,17954,W 200,171,,
110493579,05130279,17953,W 150,171,,
110493578,04030692,17949,W 35 DC,171,,
110493577,04030359,17948,W 35 DC,171,,
110493576,10002155TNG004197,,SD 2500 CS,171,,
110493575,CAT00315JWKX20330,,315-07C,171,,
110493574,11823522,17974,Super 1800-2 Sprayjet,171,,
110493573,WGH0H234AHAA00964,17969,H 13 i,171,,
110493572,14824244,,Super 1800-3i,171,,
110493571,GS46D-20436,,GS-2646 E-Drive,171,,
110493570,CAT0906MPK5602658,,906 M,171,,
110493569,CAT0906MTK5602657,,906 M,171,,
110493568,KBCDZ84BKN3A77468,,KX080-4alpha2,171,,
110493567,KBCDZ84BJN3A77472,,KX080-4alpha2,171,,
110493566,CAT00730EB1M01463,17965,730 C,171,,
110493565,05WR0055,17964,WR 2400,171,,
110493564,G000974,17966,MF 2500 CS,171,,
110493563,CAT0906MPK5602661,,906 M,171,,
110493562,12200140,17955,W 200,171,,
110493561,13100098,17957,W 100 Fi,171,,
110493560,12200256,17956,W 200,171,,
110493559,CAT0906MAK5602649,,906 M,171,,
110493558,06201094,17962,W 2000,171,,
110493557,08101099,17961,W 100 F,171,,
110493556,KBCAZ16BVM3H10755,,U10-5,171,,
110493555,KBCAZ16BTM3L11169,,U10-5,171,,
110493554,09900664,,Super 800i,171,,
110493553,0790 1666,300132,Super 800,171,,
110493552,KBCDZ37BLM3C11576,,KX060-5 Typ L,171,,
110493551,TEL11287,,325-07B,171,,
110493550,08100780,17951,W 100 F,171,,
110493549,08101132,17952,W 130 F,171,,
110493548,13100069,17950,W 100 Fi,171,,
110493547,14824175,18076,Super 1800-3i,171,,
110493546,14110574,,Super 1300-3i,171,,
110493545,101880561104,,BW 100 AD-5,171,,
110493544,09900649,,Super 800i,171,,
110493543,WHG0H274CHAA00172,,HD+ 140i VV,171,,
110493542,14824098,,Super 1800-3i,171,,
110493541,101587191329,,BW 213 D-5,171,,
110493540,20068599,,CR 7 MDM,171,,
110493539,WCA1C201021480054,17947,C 38 G,171,,
110493538,FS35222H,17946,TM 800 SH,171,,
110493537,101870622079,17944,BW 154 ACP-4 AM,171,,
110493536,101870602235,17945,BW 154 AP-4 AM,171,,
110493535,101870221047,,BW 174 AP-4v,171,,
110493534,101880581094,,BW 100 AC-5,171,,
110493533,5350V10400,17943,A 25 C,171,,
110493532,WLHZ1192PZK078131,17942,A 918 Compact,171,,
110493531,20064566,,CR 9-II MDM,171,,
110493530,20067435,,CR 2,171,,
110493529,101870602163,17941,BW 154 AP-4 AM,171,,
110493528,101870602144,17940,BW 154 AP-4 AM,171,,
110493527,WNK35801VN0000726,,5040,171,,
110493526,WNK35801HN0000729,,5040,171,,
110493525,20066112,,CR 9-II MDM,171,,
110493524,KBCAZ16BTM3J10954,,U10-5,171,,
110493523,101880581092,,BW 100 AC-5,171,,
110493522,20065861,,CR 5-II,171,,
110493521,20065865,,CR 5-II,171,,
110493520,20067734,,CR 3-II,171,,
110493519,20066573,,CF 2-II Hd,171,,
110493518,20066429,,CF 1-II Hd,171,,
110493517,20067271,,CF 1-II Hd,171,,
110493516,0705120031060395,17930,W 600 DC,171,,
110493515,08200470,17929,W 1500,171,,
110493514,08100835,17928,W 100 F,171,,
110493513,08100834,17927,W 100 F,171,,
110493512,08100395,17926,W 100 F,171,,
110493511,08100409,17925,W 100 F,171,,
110493510,08100408,17924,W 100 F,171,,
110493509,08100063,17923,W 100 F,171,,
110493508,101870871016,,BW 154 ACP-4v,171,,
110493507,635355,17922,F 121 C,171,,
110493506,3056770,,1245,171,,
110493505,101920321043,17907,BW 154 AD-4,171,,
110493504,H1850481,17906,HD + 90 VO,171,,
110493503,114000,17893,AR 60,171,,
110493502,113015,17892,AR 60,171,,
110493501,112378,17891,AR 60,171,,
110493500,10002452JGG001945,17890,MF 2500 CS LP T4f,171,,
110493499,710111,17889,P 8820 C,171,,
110493498,WLHZ1179HZK073263,17888,A 920,171,,
110493497,WLHZ1179AZK067945,17887,A 920,171,,
110493496,WLHZ1179LZK068191,17886,A 920,171,,
110493495,WLHZ1178EZK079105,17885,A 918,171,,
110493494,5820 18293,17903,Titan 5820,171,,
110493493,582020983,17902,5820,171,,
110493492,0703.0042,17883,W 35 Ri,171,,
110493491,12050081,17882,W 50 DCi,171,,
110493490,1205.0002,17881,W 50 DCi,171,,
110493489,101650391073,,BW 135 AD-5,171,,
110493488,WGH0H230PHAA03952,17880,HD 12 VV,171,,
110493487,SLCM20802102F2132,,MACH2080,171,,
110493486,MAN00000A01066095,,MT 625 H,171,,
110493485,MAN00000T01066279,,MT 625 H,171,,
110493484,KBCGB22BCLZK71204,17862,KX016-4,171,,
110493483,WGH0H201CHAA04505,17861,HD 13 VV,171,,
110493482,MG003934,,MF 2500CS STG V 2019,171,,
110493481,101870521043,17860,BW 184 AD-2,171,,
110493480,08192477,,Super 1900-3i,171,,
110493479,101460522243,17855,BW 90 AD-2,171,,
110493478,101650171355,17854,BW 138 AD,171,,
110493477,101921241008,17856,BW 206 AD-5 AM,171,,
110493476,07901268,17851,Super 800,171,,
110493475,WNCD1802APAL00334,17850,DW 90,171,,
110493474,H60109,17786,PW 180-10,171,,
110493473,101870622074,17844,BW 154 ACP-4 AM,171,,
110493472,07900509,17839,Super 800,171,,
110493471,10050544,17840,W 50,171,,
110493470,MG003902,,MF 2500CS STG V 2019,171,,
110493469,13100060,17838,W 120 Fi,171,,
110493468,101883181012,300755,BM 1000/35,171,,
110493467,12100038,17835,W 100 i,171,,
110493466,13100423,17832,W 100 Fi,171,,
110493465,13100460,17831,W 100 Fi,171,,
110493464,13100231,17833,W 100 Fi,171,,
110493463,13100187,17834,W 100 Fi,171,,
110493462,CAT0908MAH8801267,17828,908 M,171,,
110493461,CAT0908MCH8801274,17827,908 M,171,,
110493460,CAT0908MLH8800797,17826,908 M,171,,
110493459,821891081002,17796,BF 300 C,171,,
110493458,821891081001,17816,BF 300 C,171,,
110493457,FS 36239 H,17819,TM 800 SH,171,,
110493456,08190566,17787,Super 2100-3i,171,,
110493455,L90FU25143,317793,L 90 F,171,,
110493454,14200045,317802,W 200i,171,,
110493453,CATPM620EJB900142,317800,PM 620,171,,
110493452,43985,317797,GRW 18,171,,
110493451,503305,317792,PL 500 TD,171,,
110493450,101882081037,300754,BM 500/15,171,,
110493449,MG003830,300783,MF 2500CS STG V 2019,171,,
110493448,09900446,300780,Super 800i,171,,
110493447,101870861052,300773,BW 154 ACP-AM,171,,
110493446,1507132125,300771,A 914 Compact G6.0-D Litronic,171,,
110493445,1511-52827,300768,R 914 Compact K-S,171,,
110493444,MG003762,300765,MF 2500 CS T4f Kurz SW LP 2017,171,,
110493443,101870251004,300763,BW 174 APO-4v,171,,
110493442,K5700395,300760,907 M,171,,
110493441,101880561052,300756,BW 100 AD-5,171,,
110493440,101880581066,300753,BW 100 AC-5,171,,
110493439,1423-22503,300774,PR 716 LGP G6.0-D,171,,
110493438,101870221020,300762,BW 174 AP-4v,171,,
110493437,101870211090,300761,BW 174 AP-4v AM,171,,
110493436,613.5.787,317294,613 R,171,,
110493435,0810 0061,317746,W 120 F,171,,
110493434,1225003664,300726,TB 225,171,,
110493433,W091145KDEN146049,300291,250M,171,,
110493432,14822284,300552,Super 1800-3i,171,,
110493431,HG002167,300484,MF 2500 CS LP T4f,171,,
110493430,61301005,300454,613 M Serie E,171,,
110493429,1507-122346,300712,A 914 Compact G6.0-D Litronic,171,,
110493428,JG002522,300570,SD 2500 CS,171,,
110493427,20036373,300715,CF 1-II Hd,171,,
110493426,E00060220,300685,ZX 300 LCN-6,171,,
110493425,04220003,17473,W 250,171,,
110493424,H6603944,300637,906 M,171,,
110493423,H202.0206,300708,H 25 i,171,,
110493422,YMRSV100PGAJ21051,300478,SV 100 - 2A,171,,
110493421,HG002113,300457,MF 2500 CS LP T4f,171,,
110493420,216014300,300702,TB 216 A,171,,
110493419,CAT0906MAK5600156,300668,906 M,171,,
110493418,0820 0369,317287,W 1500,171,,
110493417,ESF201687,300396,QLB 60,171,,
110493416,1559 - 57582,300704,L 538 G6.0-D,171,,
110493415,20021376,300653,CF 2 Hd,171,,
110493414,20045011,300735,CR 5-II,171,,
110493413,DTD2W 00412,317239,M 322 D,171,,
110493412,101870901182,300525,BW 174 AP-4i AM,171,,
110493411,113158,300559,ESE 1306 DSG-GT,171,,
110493410,GG002029,300487,MF 2500 CS LP T4f,171,,
110493409,H2007816,300471,HD 12 VV,171,,
110493408,11823113,317357,Super 1800-2 Sprayjet,171,,
110493407,1250006659,300651,TB 250,171,,
110493406,20022169,300661,CR 2,171,,
110493405,20018622,300642,CR 7 CCD 2.0,171,,
110493404,20037420,300718,CR 3-II,171,,
110493403,527052,317196,F 156.6,171,,
110493402,10830158,300709,Super 1803-3i,171,,
110493401,08101074,317663,W 100 F,171,,
110493400,101585041014,300532,BW 219 PDH 4i,171,,
110493399,08.20.15003109.0267,317197,W 1500,171,,
110493398,20022168,300660,CR 2,171,,
110493397,6435407,300402,643 R Serie D,171,,
110493396,2704195,300146,VM 1500,171,,
110493395,08.10.0435,317251,W 100 F,171,,
110493394,BGF094837,300385,LF 80,171,,
110493393,861834092837,300438,BW 65 H,171,"12V 60 AH 580 A 24×18×17,5  +pol rechts",
110493392,123505697,300368,TB 235,171,,
110493391,6435515,300554,643 R Serie E,171,,
110493390,6435545,300682,643 R Serie E,171,"155Ah 513x223x223mm Pole kurze Seite, links +; rechts - DETA DG1553",
110493389,1565-48623,300680,R 926 Compact Litronic,171,,
110493388,H2007779,300470/ID17731,HD 12 VV,171,,
110493387,101921831006,300749,BW 206 AD-5 AM,171,"L380, B175, H190mm | Pole lange Seite | + links",
110493386,20018336,300643,CR 7 CCD 2.0,171,,
110493385,VKAJAG316,300671,VIO 80-AT,171,,
110493384,08100664,317243,W 100 F,171,,
110493383,20019613,300639,CR 5,171,,
110493382,1508122015,300713,A 918 Compact G6.0-D Litronic,171,,
110493381,YCEVIO33JHDF14290,300511,VIO 33 U,171,,
110493380,1663-51975,300725,L 514 IV Speeder,171,,
110493379,10002117A0G000689,317410,SD 2500 CS,171,,
110493378,HJG002544,300575,MF 2500 CS LP T4f,171,,
110493377,WGH0H234THAA00356,300569,H 13 i,171,,
110493376,LG003498,300721,SD 2500 CS,171,,
110493375,10002119T0G000698,317409,SD 2550 CS,171,,
110493374,101870941182,300698,BW 174 AP-4f AM,171,WFR - 5850010095 | Starterbatterie 12V 105Ah 910A | Granit AGM,
110493373,125005342,300453,TB 250,171,,
110493372,1320 0222,317322,W 210,171,,
110493371,08.20.0321,317311,W 1500,171,,
110493370,HG002084,300458,MF 2500 CS LP T4f,171,,
110493369,216015395,300717,TB 216 A,171,,
110493368,0810 0322,317745,W 100 F,171,,
110493367,0810 0321,317747,W 100 F,171,,
110493366,MAN00000C00991519,300550,MT 625 H,171,,
110493365,06.20.1267,317724,W 2000,171,,
110493364,20022878,300675,CF 3 Hd,171,,
110493363,FB200306,300462,M 320 F,171,,
110493362,514900326,300687,TB 2150 R,171,,
110493361,4510116,300664,AFW 150-2,171,,
110488864,102270,,TL 1050,154,,19.0
110488863,102270,,TL 1050,26,1050,15.0
110488862,102270,,TL 1050,65,,16.0
110488861,102270,,TL 1050,73,,15.0
110488860,102270,,TL 1050,147,,
110488859,102270,,TL 1050,12,,18.0
110488858,102270,,TL 1050,109,Likufix,
110488857,102270,,TL 1050,63,,15.0
110488856,102270,,TL 1050,55,,11.0
110488855,102270,,TL 1050,114,1050,15.0
110366075,11821479,18490,Super 1800-2,156,,
110366074,11821479,18490,Super 1800-2,152,,15.0
110366073,11821479,18490,Super 1800-2,52,,
110366072,11821479,18490,Super 1800-2,38,,14.0
110366071,11821479,18490,Super 1800-2,37,,14.0
110366070,11821479,18490,Super 1800-2,36,,14.0
110366069,11821479,18490,Super 1800-2,149,,
110366068,11821479,18490,Super 1800-2,73,,15.0
110366067,11821479,18490,Super 1800-2,89,,
110366066,11821479,18490,Super 1800-2,88,,10.0
110366065,11821479,18490,Super 1800-2,35,,
110366064,11821479,18490,Super 1800-2,127,,
110366063,11821479,18490,Super 1800-2,148,,
110366062,11821479,18490,Super 1800-2,8,,
110366061,11821479,18490,Super 1800-2,26,,15.0
110366060,11821479,18490,Super 1800-2,7,,
110366059,11821479,18490,Super 1800-2,63,,15.0
110366058,11821479,18490,Super 1800-2,87,,
110366057,11821479,18490,Super 1800-2,27,,
110366056,11821479,18490,Super 1800-2,23,,
110366055,11821479,18490,Super 1800-2,132,,
110366054,11821479,18490,Super 1800-2,34,,20.0
110366053,11821479,18490,Super 1800-2,30,,
110366052,11821479,18490,Super 1800-2,6,,
110366051,11821479,18490,Super 1800-2,55,,11.0
109534610,101581081063,18486,BW 177 PDH-3,170,,
109534609,101581081063,18486,BW 177 PDH-3,158,,
109534608,101581081063,18486,BW 177 PDH-3,124,,1.0
109534607,101581081063,18486,BW 177 PDH-3,155,,
109534606,101581081063,18486,BW 177 PDH-3,96,,
109534605,101581081063,18486,BW 177 PDH-3,136,,
109534604,101581081063,18486,BW 177 PDH-3,73,,15.0
109534603,101581081063,18486,BW 177 PDH-3,7,,
109534602,101581081063,18486,BW 177 PDH-3,63,,15.0
109534601,101581081063,18486,BW 177 PDH-3,148,,
109534600,101581081063,18486,BW 177 PDH-3,55,,11.0
109534599,101581081063,18486,BW 177 PDH-3,88,,10.0
109534598,101581081063,18486,BW 177 PDH-3,6,,
109534597,101581081063,18486,BW 177 PDH-3,30,,
109534596,101581081063,18486,BW 177 PDH-3,69,,
109534595,101581081063,18486,BW 177 PDH-3,26,,15.0
109534594,101581081063,18486,BW 177 PDH-3,123,,1.0
109534593,101581081063,18486,BW 177 PDH-3,135,,11.0
109534592,101581081063,18486,BW 177 PDH-3,13,,15.0
109534591,101581081063,18486,BW 177 PDH-3,23,,
109534590,101581081063,18486,BW 177 PDH-3,87,,
109534589,101581081063,18486,BW 177 PDH-3,89,,
108986953,101810010130,18484,BW 144 AD-2,169,,
108986952,101810010130,18484,BW 144 AD-2,158,,
108986951,101810010130,18484,BW 144 AD-2,155,,
108986950,101810010130,18484,BW 144 AD-2,69,,
108986949,101810010130,18484,BW 144 AD-2,88,,10.0
108986948,101810010130,18484,BW 144 AD-2,54,,
108986947,101810010130,18484,BW 144 AD-2,30,,
108986946,101810010130,18484,BW 144 AD-2,13,,15.0
108986945,101810010130,18484,BW 144 AD-2,23,,
108986944,101810010130,18484,BW 144 AD-2,73,,15.0
108986943,101810010130,18484,BW 144 AD-2,63,,15.0
108986942,101810010130,18484,BW 144 AD-2,135,,11.0
108986941,101810010130,18484,BW 144 AD-2,70,,
108986940,101810010130,18484,BW 144 AD-2,67,,18.0
108986939,101810010130,18484,BW 144 AD-2,87,,
108986938,101810010130,18484,BW 144 AD-2,96,,
108986937,101810010130,18484,BW 144 AD-2,26,,15.0
108986936,101810010130,18484,BW 144 AD-2,89,,
108986935,101810010130,18484,BW 144 AD-2,55,,11.0
108986934,101810010130,18484,BW 144 AD-2,6,,
108986933,101810010130,18484,BW 144 AD-2,148,,
108986932,101810010130,18484,BW 144 AD-2,7,,
108986931,101810010130,18484,BW 144 AD-2,16,,
108986930,101810010130,18484,BW 144 AD-2,136,,
108976153,102262,,UW - 185 HC,133,,
108976152,102262,,UW - 185 HC,55,,11.0
108976151,102262,,UW - 185 HC,63,,15.0
108976150,102262,,UW - 185 HC,73,,15.0
108976149,102262,,UW - 185 HC,26,,15.0
108862812,93029878101,,Standardschaufel - L 566,55,,11.0
108862811,93029878101,,Standardschaufel - L 566,73,,15.0
108862810,93029878101,,Standardschaufel - L 566,113,,
108862809,93029878101,,Standardschaufel - L 566,109,,
108862808,93029878101,,Standardschaufel - L 566,63,,15.0
108862807,93029878101,,Standardschaufel - L 566,112,,
108862806,93029878101,,Standardschaufel - L 566,110,,
108862805,93029878101,,Standardschaufel - L 566,111,,
108862804,93029878101,,Standardschaufel - L 566,65,,16.0
108862803,93029878101,,Standardschaufel - L 566,114,,15.0
108862802,93029878101,,Standardschaufel - L 566,26,,15.0
108862801,93029878101,,Standardschaufel - L 566,23,,
108862797,VATZ1758VZB084844,,L 566,160,,
108862796,VATZ1758VZB084844,,L 566,110,,
108862795,VATZ1758VZB084844,,L 566,73,,15.0
108862794,VATZ1758VZB084844,,L 566,89,,
108862793,VATZ1758VZB084844,,L 566,112,,
108862792,VATZ1758VZB084844,,L 566,63,,15.0
108862791,VATZ1758VZB084844,,L 566,40,,12.0
108862790,VATZ1758VZB084844,,L 566,95,,11.0
108862789,VATZ1758VZB084844,,L 566,26,,15.0
108862788,VATZ1758VZB084844,,L 566,7,,
108862787,VATZ1758VZB084844,,L 566,30,,
108862786,VATZ1758VZB084844,,L 566,126,,
108862785,VATZ1758VZB084844,,L 566,148,,
108862784,VATZ1758VZB084844,,L 566,113,,
108862783,VATZ1758VZB084844,,L 566,111,,
108862782,VATZ1758VZB084844,,L 566,70,,
108862781,VATZ1758VZB084844,,L 566,11,,
108862780,VATZ1758VZB084844,,L 566,23,,
108862779,VATZ1758VZB084844,,L 566,87,,
108862778,VATZ1758VZB084844,,L 566,55,,11.0
108862777,VATZ1758VZB084844,,L 566,69,,
108862776,VATZ1758VZB084844,,L 566,109,,
108862775,VATZ1758VZB084844,,L 566,88,,10.0
108862774,VATZ1758VZB084844,,L 566,6,,
108731807,TR22.25.0540,,TR22,63,,15.0
108731806,TR22.25.0540,,TR22,26,640,15.0
108731805,TR22.25.0540,,TR22,73,890,15.0
108731804,TR22.25.0540,,TR22,151,80,13.0
108731803,TR22.25.0540,,TR22,154,16 - 22,19.0
108731802,TR22.25.0540,,TR22,55,730,11.0
108731801,TR22.25.0540,,TR22,153,150,8.0
108731800,TR22.25.0540,,TR22,14,250,6.0
108731799,TR22.25.0540,,TR22,113,OQ 70/55,
108731798,TR22.25.0540,,TR22,112,,
108731797,TR22.25.0540,,TR22,111,,
108731796,TR22.25.0540,,TR22,110,,
107750110,0198 H1400161,300201,TL 1000,154,16 - 21,19.0
107750109,2004621,500359,TL 1000,154,16 - 21,19.0
107467295,09050532,18482,W 50 DC 4-Rad mit Ladeband,45,,15.0
107467294,09050532,18482,W 50 DC 4-Rad mit Ladeband,23,,
107467293,09050532,18482,W 50 DC 4-Rad mit Ladeband,8,,
107467292,09050532,18482,W 50 DC 4-Rad mit Ladeband,6,,
107467291,09050532,18482,W 50 DC 4-Rad mit Ladeband,142,,
107467290,09050532,18482,W 50 DC 4-Rad mit Ladeband,69,,
107467289,09050532,18482,W 50 DC 4-Rad mit Ladeband,26,,15.0
107467288,09050532,18482,W 50 DC 4-Rad mit Ladeband,89,,
107467287,09050532,18482,W 50 DC 4-Rad mit Ladeband,143,,
107467286,09050532,18482,W 50 DC 4-Rad mit Ladeband,46,,18.0
107467285,09050532,18482,W 50 DC 4-Rad mit Ladeband,87,,
107467284,09050532,18482,W 50 DC 4-Rad mit Ladeband,30,,
107467283,09050532,18482,W 50 DC 4-Rad mit Ladeband,77,,
107467282,09050532,18482,W 50 DC 4-Rad mit Ladeband,148,,
107467281,09050532,18482,W 50 DC 4-Rad mit Ladeband,9,,
107467280,09050532,18482,W 50 DC 4-Rad mit Ladeband,47,,15.0
107467279,09050532,18482,W 50 DC 4-Rad mit Ladeband,41,,
107467278,09050532,18482,W 50 DC 4-Rad mit Ladeband,73,,15.0
107467277,09050532,18482,W 50 DC 4-Rad mit Ladeband,63,,15.0
107467276,09050532,18482,W 50 DC 4-Rad mit Ladeband,144,,
107467275,09050532,18482,W 50 DC 4-Rad mit Ladeband,122,,
107467274,09050532,18482,W 50 DC 4-Rad mit Ladeband,88,,10.0
107467273,09050532,18482,W 50 DC 4-Rad mit Ladeband,61,,
107467272,09050532,18482,W 50 DC 4-Rad mit Ladeband,7,,
107467271,09050532,18482,W 50 DC 4-Rad mit Ladeband,55,,11.0
107467267,H1650196,18483,DV 70 VT,169,,
107467266,H1650196,18483,DV 70 VT,158,,
107467265,H1650196,18483,DV 70 VT,155,,
107467264,H1650196,18483,DV 70 VT,135,,11.0
107467263,H1650196,18483,DV 70 VT,26,,15.0
107467262,H1650196,18483,DV 70 VT,7,,
107467261,H1650196,18483,DV 70 VT,88,,10.0
107467260,H1650196,18483,DV 70 VT,6,,
107467259,H1650196,18483,DV 70 VT,54,,
107467258,H1650196,18483,DV 70 VT,30,,
107467257,H1650196,18483,DV 70 VT,63,,15.0
107467256,H1650196,18483,DV 70 VT,73,,15.0
107467255,H1650196,18483,DV 70 VT,13,,15.0
107467254,H1650196,18483,DV 70 VT,148,,
107467253,H1650196,18483,DV 70 VT,16,,
107467252,H1650196,18483,DV 70 VT,70,,
107467251,H1650196,18483,DV 70 VT,136,,
107467250,H1650196,18483,DV 70 VT,23,,
107467249,H1650196,18483,DV 70 VT,69,,
107467248,H1650196,18483,DV 70 VT,89,,
107467247,H1650196,18483,DV 70 VT,87,,
107467246,H1650196,18483,DV 70 VT,96,,
107467245,H1650196,18483,DV 70 VT,55,,11.0
107467244,H1650196,18483,DV 70 VT,67,,18.0
106920312,101871101187,,BW 154 AP-5 AM,169,Ja,
106920311,101871101187,,BW 154 AP-5 AM,158,Nein,
106920310,101871101187,,BW 154 AP-5 AM,155,Ja,
106920309,101871101187,,BW 154 AP-5 AM,69,Ja,
106920308,101871101187,,BW 154 AP-5 AM,88,"55,4",10.0
106920307,101871101187,,BW 154 AP-5 AM,54,Ja,
106920306,101871101187,,BW 154 AP-5 AM,30,Ja,
106920305,101871101187,,BW 154 AP-5 AM,13,1500,15.0
106920304,101871101187,,BW 154 AP-5 AM,23,Nein,
106920303,101871101187,,BW 154 AP-5 AM,73,5030,15.0
106920302,101871101187,,BW 154 AP-5 AM,63,3020,15.0
106920301,101871101187,,BW 154 AP-5 AM,135,,11.0
106920300,101871101187,,BW 154 AP-5 AM,70,Nein,
106920299,101871101187,,BW 154 AP-5 AM,67,1,18.0
106920298,101871101187,,BW 154 AP-5 AM,87,Kubota,
106920297,101871101187,,BW 154 AP-5 AM,96,Nein,
106920296,101871101187,,BW 154 AP-5 AM,26,1680,15.0
106920295,101871101187,,BW 154 AP-5 AM,89,V3307 -T,
106920294,101871101187,,BW 154 AP-5 AM,55,7950,11.0
106920293,101871101187,,BW 154 AP-5 AM,6,Stufe V,
106920292,101871101187,,BW 154 AP-5 AM,148,,
106920291,101871101187,,BW 154 AP-5 AM,7,Tier 4f,
106920290,101871101187,,BW 154 AP-5 AM,16,Ja,
106920289,101871101187,,BW 154 AP-5 AM,136,Ja,
106792900,W1N1671211A459960,,GLE 350  d 4MATIC,168,,
106792899,W1N1671211A459960,,GLE 350  d 4MATIC,167,,7.0
106792898,W1N1671211A459960,,GLE 350  d 4MATIC,166,,
106792897,W1N1671211A459960,,GLE 350  d 4MATIC,165,,
106792896,W1N1671211A459960,,GLE 350  d 4MATIC,164,,
106792895,W1N1671211A459960,,GLE 350  d 4MATIC,161,,11.0
106792894,W1N1671211A459960,,GLE 350  d 4MATIC,95,,11.0
106792893,W1N1671211A459960,,GLE 350  d 4MATIC,69,,
106792892,W1N1671211A459960,,GLE 350  d 4MATIC,30,,
106792891,W1N1671211A459960,,GLE 350  d 4MATIC,163,,
106792890,W1N1671211A459960,,GLE 350  d 4MATIC,86,,
106792889,W1N1671211A459960,,GLE 350  d 4MATIC,85,,
106792888,W1N1671211A459960,,GLE 350  d 4MATIC,84,,
106792887,W1N1671211A459960,,GLE 350  d 4MATIC,88,,10.0
106792886,W1N1671211A459960,,GLE 350  d 4MATIC,89,,
106792885,W1N1671211A459960,,GLE 350  d 4MATIC,87,,
106792884,W1N1671211A459960,,GLE 350  d 4MATIC,63,,15.0
106792883,W1N1671211A459960,,GLE 350  d 4MATIC,26,,15.0
106792882,W1N1671211A459960,,GLE 350  d 4MATIC,73,,15.0
106779638,150,,TL 800,154,,19.0
106779637,150,,TL 800,110,,
106779636,150,,TL 800,26,,15.0
106779635,150,,TL 800,65,,16.0
106779634,150,,TL 800,73,,15.0
106779633,150,,TL 800,147,,
106779632,150,,TL 800,12,,18.0
106779631,150,,TL 800,113,,
106779630,150,,TL 800,109,,
106779629,150,,TL 800,63,,15.0
106779628,150,,TL 800,55,,11.0
106779627,150,,TL 800,114,,15.0
106779623,VCEW160EE00322042,18481,EW 160 E,160,,
106779622,VCEW160EE00322042,18481,EW 160 E,99,,
106779621,VCEW160EE00322042,18481,EW 160 E,69,,
106779620,VCEW160EE00322042,18481,EW 160 E,83,,
106779619,VCEW160EE00322042,18481,EW 160 E,23,,
106779618,VCEW160EE00322042,18481,EW 160 E,78,,15.0
106779617,VCEW160EE00322042,18481,EW 160 E,26,,15.0
106779616,VCEW160EE00322042,18481,EW 160 E,113,,
106779615,VCEW160EE00322042,18481,EW 160 E,40,,12.0
106779614,VCEW160EE00322042,18481,EW 160 E,87,,
106779613,VCEW160EE00322042,18481,EW 160 E,128,,
106779612,VCEW160EE00322042,18481,EW 160 E,73,,15.0
106779611,VCEW160EE00322042,18481,EW 160 E,141,,
106779610,VCEW160EE00322042,18481,EW 160 E,6,,
106779609,VCEW160EE00322042,18481,EW 160 E,11,,
106779608,VCEW160EE00322042,18481,EW 160 E,111,,
106779607,VCEW160EE00322042,18481,EW 160 E,112,,
106779606,VCEW160EE00322042,18481,EW 160 E,109,,
106779605,VCEW160EE00322042,18481,EW 160 E,55,,11.0
106779604,VCEW160EE00322042,18481,EW 160 E,110,,
106779603,VCEW160EE00322042,18481,EW 160 E,56,,15.0
106779602,VCEW160EE00322042,18481,EW 160 E,30,,
106779601,VCEW160EE00322042,18481,EW 160 E,89,,
106779600,VCEW160EE00322042,18481,EW 160 E,148,,
106779599,VCEW160EE00322042,18481,EW 160 E,57,,
106779598,VCEW160EE00322042,18481,EW 160 E,120,,
106779597,VCEW160EE00322042,18481,EW 160 E,88,,10.0
106779596,VCEW160EE00322042,18481,EW 160 E,7,,
106779595,VCEW160EE00322042,18481,EW 160 E,137,,
106779594,VCEW160EE00322042,18481,EW 160 E,101,,
106779593,VCEW160EE00322042,18481,EW 160 E,58,,
106779592,VCEW160EE00322042,18481,EW 160 E,140,,
106779591,VCEW160EE00322042,18481,EW 160 E,107,,
106779590,VCEW160EE00322042,18481,EW 160 E,63,,15.0
106779589,VCEW160EE00322042,18481,EW 160 E,106,,
106779588,VCEW160EE00322042,18481,EW 160 E,60,,
106506689,LJM03359,,300.9D,99,,
106506688,LJM03359,,300.9D,128,,
106506687,LJM03359,,300.9D,60,,
106506686,LJM03359,,300.9D,110,,
106506685,LJM03359,,300.9D,78,,15.0
106506684,LJM03359,,300.9D,141,,
106506683,LJM03359,,300.9D,26,730,15.0
106506682,LJM03359,,300.9D,73,2746,15.0
106506681,LJM03359,,300.9D,58,,
106506680,LJM03359,,300.9D,106,,
106506679,LJM03359,,300.9D,23,,
106506678,LJM03359,,300.9D,137,,
106506677,LJM03359,,300.9D,63,1507 / 2276,15.0
106506676,LJM03359,,300.9D,145,,
106506675,LJM03359,,300.9D,111,,
106506674,LJM03359,,300.9D,56,,15.0
106506673,LJM03359,,300.9D,7,Tier 4f,
106506672,LJM03359,,300.9D,140,,
106506671,LJM03359,,300.9D,87,Yanmar,
106506670,LJM03359,,300.9D,6,Stufe V,
106506669,LJM03359,,300.9D,66,,
106506668,LJM03359,,300.9D,112,,
106506667,LJM03359,,300.9D,148,,
106506666,LJM03359,,300.9D,120,,
106506665,LJM03359,,300.9D,30,,
106506664,LJM03359,,300.9D,113,,
106506663,LJM03359,,300.9D,109,,
106506662,LJM03359,,300.9D,108,,
106506661,LJM03359,,300.9D,69,,
106506660,LJM03359,,300.9D,88,"9,6",10.0
106506659,LJM03359,,300.9D,89,31NV70,
106506658,LJM03359,,300.9D,57,,
106506657,LJM03359,,300.9D,55,935,11.0
106505216,X00004,,TL 400,154,"1,0 - 2,0",19.0
106505215,X00004,,TL 400,110,QC01,
106505214,X00004,,TL 400,26,400,15.0
106505213,X00004,,TL 400,65,"0,039",16.0
106505212,X00004,,TL 400,73,,15.0
106505211,X00004,,TL 400,147,Mini-Z 1,
106505210,X00004,,TL 400,12,3,18.0
106505209,X00004,,TL 400,109,Henle,
106505208,X00004,,TL 400,63,,15.0
106505207,X00004,,TL 400,55,,11.0
106505206,X00004,,TL 400,114,400,15.0
106141687,102238,,GRL 1800,154,,19.0
106141686,102238,,GRL 1800,114,,15.0
106141685,102238,,GRL 1800,112,,
106141684,102238,,GRL 1800,55,,11.0
106141683,102238,,GRL 1800,63,,15.0
106141682,102238,,GRL 1800,65,,16.0
106141681,102238,,GRL 1800,23,,
106141680,102238,,GRL 1800,73,,15.0
106141679,102238,,GRL 1800,26,,15.0
106141678,102238,,GRL 1800,109,,
106141677,102238,,GRL 1800,110,,
106141676,102238,,GRL 1800,113,,
106141675,102238,,GRL 1800,111,,
106138814,CAT00320EKFE00233,,320-07C,99,,
106138813,CAT00320EKFE00233,,320-07C,141,,
106138812,CAT00320EKFE00233,,320-07C,148,,
106138811,CAT00320EKFE00233,,320-07C,140,,
106138810,CAT00320EKFE00233,,320-07C,69,,
106138809,CAT00320EKFE00233,,320-07C,30,,
106138808,CAT00320EKFE00233,,320-07C,24,,15.0
106138807,CAT00320EKFE00233,,320-07C,23,,
106138806,CAT00320EKFE00233,,320-07C,57,,
106138805,CAT00320EKFE00233,,320-07C,58,,
106138804,CAT00320EKFE00233,,320-07C,106,,
106138803,CAT00320EKFE00233,,320-07C,60,,
106138802,CAT00320EKFE00233,,320-07C,56,,15.0
106138801,CAT00320EKFE00233,,320-07C,107,,
106138800,CAT00320EKFE00233,,320-07C,120,,
106138799,CAT00320EKFE00233,,320-07C,137,,
106138798,CAT00320EKFE00233,,320-07C,83,,
106138797,CAT00320EKFE00233,,320-07C,128,,
106138796,CAT00320EKFE00233,,320-07C,112,,
106138795,CAT00320EKFE00233,,320-07C,111,,
106138794,CAT00320EKFE00233,,320-07C,110,,
106138793,CAT00320EKFE00233,,320-07C,113,,
106138792,CAT00320EKFE00233,,320-07C,109,,
106138791,CAT00320EKFE00233,,320-07C,7,Tier 4f,
106138790,CAT00320EKFE00233,,320-07C,6,Stufe V,
106138789,CAT00320EKFE00233,,320-07C,88,"129,4",10.0
106138788,CAT00320EKFE00233,,320-07C,89,C4.4,
106138787,CAT00320EKFE00233,,320-07C,87,Caterpillar,
106138786,CAT00320EKFE00233,,320-07C,55,22600,11.0
106138785,CAT00320EKFE00233,,320-07C,63,2960,15.0
106138784,CAT00320EKFE00233,,320-07C,78,,15.0
106138783,CAT00320EKFE00233,,320-07C,26,2980,15.0
106138782,CAT00320EKFE00233,,320-07C,73,9530,15.0
105970007,BOM - 101587191019,,BW 213 D-5,170,,
105970006,BOM - 101587191019,,BW 213 D-5,158,,
105970005,BOM - 101587191019,,BW 213 D-5,96,,
105970004,BOM - 101587191019,,BW 213 D-5,136,,
105970003,BOM - 101587191019,,BW 213 D-5,73,5870,15.0
105970002,BOM - 101587191019,,BW 213 D-5,7,Tier 4f,
105970001,BOM - 101587191019,,BW 213 D-5,63,2990,15.0
105970000,BOM - 101587191019,,BW 213 D-5,148,,
105969999,BOM - 101587191019,,BW 213 D-5,55,12600,11.0
105969998,BOM - 101587191019,,BW 213 D-5,88,95,10.0
105969997,BOM - 101587191019,,BW 213 D-5,6,Stufe IV,
105969996,BOM - 101587191019,,BW 213 D-5,30,Nein,
105969995,BOM - 101587191019,,BW 213 D-5,69,,
105969994,BOM - 101587191019,,BW 213 D-5,26,2270,15.0
105969993,BOM - 101587191019,,BW 213 D-5,123,43,1.0
105969992,BOM - 101587191019,,BW 213 D-5,135,,11.0
105969991,BOM - 101587191019,,BW 213 D-5,13,2130,15.0
105969990,BOM - 101587191019,,BW 213 D-5,23,,
105969989,BOM - 101587191019,,BW 213 D-5,87,Deutz,
105969988,BOM - 101587191019,,BW 213 D-5,89,TCD 3.6 L4,
105709559,H254.0333,,HC 130i,170,,
105709558,101587381191,,BW 177 D-5,170,Nein,
105709557,101587061545,,BW 177 D-5,170,Nein,
105709556,WGH0H234THAA00356,300569,H 13 i,170,Ja,
105709555,101587191329,,BW 213 D-5,170,Nein,
105709554,101586221004,300395,BW 213 DH+P-5,170,Ja,
105708104,101870221038,18428,BW 174 AP-4v,169,Ja,
105708103,101870221004,18429,BW 174 AP-4v,169,Ja,
105708101,101871101131,,BW 154 AP-5 AM,169,Ja,
105708100,101870641167,,BW 154 AP-4i AM,169,Ja,
105708099,101871201071,,BW 174 AP-5 AM,169,Ja,
105708098,101870221020,300762,BW 174 AP-4v,169,Ja,
105708097,101870941182,300698,BW 174 AP-4f AM,169,Ja,
105158529,WF0WXXTACWHU02264,,Transit Courier,168,,
105158528,WF0WXXTACWHU02264,,Transit Courier,167,,7.0
105158527,WF0WXXTACWHU02264,,Transit Courier,166,,
105158526,WF0WXXTACWHU02264,,Transit Courier,165,,
105158525,WF0WXXTACWHU02264,,Transit Courier,164,,
105158524,WF0WXXTACWHU02264,,Transit Courier,161,,11.0
105158523,WF0WXXTACWHU02264,,Transit Courier,95,,11.0
105158522,WF0WXXTACWHU02264,,Transit Courier,69,,
105158521,WF0WXXTACWHU02264,,Transit Courier,30,,
105158520,WF0WXXTACWHU02264,,Transit Courier,163,,
105158519,WF0WXXTACWHU02264,,Transit Courier,86,,
105158518,WF0WXXTACWHU02264,,Transit Courier,85,,
105158517,WF0WXXTACWHU02264,,Transit Courier,84,,
105158516,WF0WXXTACWHU02264,,Transit Courier,88,,10.0
105158515,WF0WXXTACWHU02264,,Transit Courier,89,,
105158514,WF0WXXTACWHU02264,,Transit Courier,87,,
105158513,WF0WXXTACWHU02264,,Transit Courier,63,,15.0
105158512,WF0WXXTACWHU02264,,Transit Courier,26,,15.0
105158511,WF0WXXTACWHU02264,,Transit Courier,73,,15.0
104737981,0403.0633,18475,W 35 DC,45,,15.0
104737980,0403.0633,18475,W 35 DC,23,,
104737979,0403.0633,18475,W 35 DC,8,,
104737978,0403.0633,18475,W 35 DC,6,,
104737977,0403.0633,18475,W 35 DC,142,,
104737976,0403.0633,18475,W 35 DC,69,,
104737975,0403.0633,18475,W 35 DC,26,,15.0
104737974,0403.0633,18475,W 35 DC,89,,
104737973,0403.0633,18475,W 35 DC,143,,
104737972,0403.0633,18475,W 35 DC,46,,18.0
104737971,0403.0633,18475,W 35 DC,87,,
104737970,0403.0633,18475,W 35 DC,30,,
104737969,0403.0633,18475,W 35 DC,77,,
104737968,0403.0633,18475,W 35 DC,148,,
104737967,0403.0633,18475,W 35 DC,9,,
104737966,0403.0633,18475,W 35 DC,47,,15.0
104737965,0403.0633,18475,W 35 DC,41,,
104737964,0403.0633,18475,W 35 DC,73,,15.0
104737963,0403.0633,18475,W 35 DC,63,,15.0
104737962,0403.0633,18475,W 35 DC,144,,
104737961,0403.0633,18475,W 35 DC,122,,
104737960,0403.0633,18475,W 35 DC,88,,10.0
104737959,0403.0633,18475,W 35 DC,61,,
104737958,0403.0633,18475,W 35 DC,7,,
104737957,0403.0633,18475,W 35 DC,55,,11.0
104736447,12200349,18476,W 200,45,,15.0
104736446,12200349,18476,W 200,23,,
104736445,12200349,18476,W 200,8,,
104736444,12200349,18476,W 200,6,,
104736443,12200349,18476,W 200,142,,
104736442,12200349,18476,W 200,69,,
104736441,12200349,18476,W 200,26,,15.0
104736440,12200349,18476,W 200,89,,
104736439,12200349,18476,W 200,143,,
104736438,12200349,18476,W 200,46,,18.0
104736437,12200349,18476,W 200,87,,
104736436,12200349,18476,W 200,30,,
104736435,12200349,18476,W 200,77,,
104736434,12200349,18476,W 200,148,,
104736433,12200349,18476,W 200,9,,
104736432,12200349,18476,W 200,47,,15.0
104736431,12200349,18476,W 200,41,,
104736430,12200349,18476,W 200,73,,15.0
104736429,12200349,18476,W 200,63,,15.0
104736428,12200349,18476,W 200,144,,
104736427,12200349,18476,W 200,122,,
104736426,12200349,18476,W 200,88,,10.0
104736425,12200349,18476,W 200,61,,
104736424,12200349,18476,W 200,7,,
104736423,12200349,18476,W 200,55,,11.0
104736361,0403.0299,18474,W 35 DC,45,,15.0
104736360,0403.0299,18474,W 35 DC,23,,
104736359,0403.0299,18474,W 35 DC,8,,
104736358,0403.0299,18474,W 35 DC,6,,
104736357,0403.0299,18474,W 35 DC,142,,
104736356,0403.0299,18474,W 35 DC,69,,
104736355,0403.0299,18474,W 35 DC,26,,15.0
104736354,0403.0299,18474,W 35 DC,89,,
104736353,0403.0299,18474,W 35 DC,143,,
104736352,0403.0299,18474,W 35 DC,46,,18.0
104736351,0403.0299,18474,W 35 DC,87,,
104736350,0403.0299,18474,W 35 DC,30,,
104736349,0403.0299,18474,W 35 DC,77,,
104736348,0403.0299,18474,W 35 DC,148,,
104736347,0403.0299,18474,W 35 DC,9,,
104736346,0403.0299,18474,W 35 DC,47,,15.0
104736345,0403.0299,18474,W 35 DC,41,,
104736344,0403.0299,18474,W 35 DC,73,,15.0
104736343,0403.0299,18474,W 35 DC,63,,15.0
104736342,0403.0299,18474,W 35 DC,144,,
104736341,0403.0299,18474,W 35 DC,122,,
104736340,0403.0299,18474,W 35 DC,88,,10.0
104736339,0403.0299,18474,W 35 DC,61,,
104736338,0403.0299,18474,W 35 DC,7,,
104736337,0403.0299,18474,W 35 DC,55,,11.0
103931670,13100034,18473,W 100 Fi,45,1000,
103931669,13100034,18473,W 100 Fi,23,,
103931668,13100034,18473,W 100 Fi,8,,
103931667,13100034,18473,W 100 Fi,6,Stufe III B,
103931666,13100034,18473,W 100 Fi,142,,
103931665,13100034,18473,W 100 Fi,69,,
103931664,13100034,18473,W 100 Fi,26,2575,
103931663,13100034,18473,W 100 Fi,89,QSL 9,
103931662,13100034,18473,W 100 Fi,143,,
103931661,13100034,18473,W 100 Fi,46,,
103931660,13100034,18473,W 100 Fi,87,,
103931659,13100034,18473,W 100 Fi,55,18700,
103931658,13100034,18473,W 100 Fi,30,,
103931657,13100034,18473,W 100 Fi,77,,
103931656,13100034,18473,W 100 Fi,148,,
103931655,13100034,18473,W 100 Fi,9,,
103931654,13100034,18473,W 100 Fi,47,320,
103931653,13100034,18473,W 100 Fi,41,,
103931652,13100034,18473,W 100 Fi,73,10685,
103931651,13100034,18473,W 100 Fi,63,3000,
103931650,13100034,18473,W 100 Fi,144,,
103931649,13100034,18473,W 100 Fi,122,,
103931648,13100034,18473,W 100 Fi,88,224,
103931647,13100034,18473,W 100 Fi,61,,
103931646,13100034,18473,W 100 Fi,7,Tier 4,
101439103,H2090398,18455,HD+ 110i VV,158,,
101439102,H2090398,18455,HD+ 110i VV,155,,
101439101,H2090398,18455,HD+ 110i VV,69,,
101439100,H2090398,18455,HD+ 110i VV,88,,10.0
101439099,H2090398,18455,HD+ 110i VV,54,,
101439098,H2090398,18455,HD+ 110i VV,30,,
101439097,H2090398,18455,HD+ 110i VV,13,,15.0
101439096,H2090398,18455,HD+ 110i VV,23,,
101439095,H2090398,18455,HD+ 110i VV,73,,15.0
101439094,H2090398,18455,HD+ 110i VV,63,,15.0
101439093,H2090398,18455,HD+ 110i VV,135,,11.0
101439092,H2090398,18455,HD+ 110i VV,70,,
101439091,H2090398,18455,HD+ 110i VV,67,,18.0
101439090,H2090398,18455,HD+ 110i VV,87,,
101439089,H2090398,18455,HD+ 110i VV,96,,
101439088,H2090398,18455,HD+ 110i VV,26,,15.0
101439087,H2090398,18455,HD+ 110i VV,89,,
101439086,H2090398,18455,HD+ 110i VV,55,,11.0
101439085,H2090398,18455,HD+ 110i VV,6,,
101439084,H2090398,18455,HD+ 110i VV,148,,
101439083,H2090398,18455,HD+ 110i VV,7,,
101439082,H2090398,18455,HD+ 110i VV,16,,
101439081,H2090398,18455,HD+ 110i VV,136,,
99020644,X00055,,GRL 1800,154,16 - 21,19.0
99020643,X00055,,GRL 1800,114,1800,15.0
99020642,X00055,,GRL 1800,55,,11.0
99020641,X00055,,GRL 1800,63,,15.0
99020640,X00055,,GRL 1800,65,"0,64",16.0
99020639,X00055,,GRL 1800,73,,15.0
99020638,X00055,,GRL 1800,26,1800,15.0
99020637,X00055,,GRL 1800,109,OilQuick,
99020636,X00055,,GRL 1800,113,OQ 70/55,
99020632,CATM318FEFB800473,,M 318 F,99,,
99020631,CATM318FEFB800473,,M 318 F,69,,
99020630,CATM318FEFB800473,,M 318 F,83,,
99020629,CATM318FEFB800473,,M 318 F,23,,
99020628,CATM318FEFB800473,,M 318 F,78,,15.0
99020627,CATM318FEFB800473,,M 318 F,26,,15.0
99020626,CATM318FEFB800473,,M 318 F,113,,
99020625,CATM318FEFB800473,,M 318 F,40,,12.0
99020624,CATM318FEFB800473,,M 318 F,87,,
99020623,CATM318FEFB800473,,M 318 F,128,,
99020622,CATM318FEFB800473,,M 318 F,73,,15.0
99020621,CATM318FEFB800473,,M 318 F,141,,
99020620,CATM318FEFB800473,,M 318 F,6,,
99020619,CATM318FEFB800473,,M 318 F,11,,
99020618,CATM318FEFB800473,,M 318 F,111,,
99020617,CATM318FEFB800473,,M 318 F,112,,
99020616,CATM318FEFB800473,,M 318 F,109,,
99020615,CATM318FEFB800473,,M 318 F,55,,11.0
99020614,CATM318FEFB800473,,M 318 F,110,,
99020613,CATM318FEFB800473,,M 318 F,56,,15.0
99020612,CATM318FEFB800473,,M 318 F,30,,
99020611,CATM318FEFB800473,,M 318 F,89,,
99020610,CATM318FEFB800473,,M 318 F,148,,
99020609,CATM318FEFB800473,,M 318 F,57,,
99020608,CATM318FEFB800473,,M 318 F,120,,
99020607,CATM318FEFB800473,,M 318 F,88,,10.0
99020606,CATM318FEFB800473,,M 318 F,7,,
99020605,CATM318FEFB800473,,M 318 F,137,,
99020604,CATM318FEFB800473,,M 318 F,101,,
99020603,CATM318FEFB800473,,M 318 F,58,,
99020602,CATM318FEFB800473,,M 318 F,140,,
99020601,CATM318FEFB800473,,M 318 F,107,,
99020600,CATM318FEFB800473,,M 318 F,63,,15.0
99020599,CATM318FEFB800473,,M 318 F,106,,
99020598,CATM318FEFB800473,,M 318 F,60,,
98347141,11821783,18444,Super 1800-2,156,,
98347140,11821783,18444,Super 1800-2,152,,15.0
98347139,11821783,18444,Super 1800-2,52,,
98347138,11821783,18444,Super 1800-2,38,,14.0
98347137,11821783,18444,Super 1800-2,37,,14.0
98347136,11821783,18444,Super 1800-2,36,,14.0
98347135,11821783,18444,Super 1800-2,149,,
98347134,11821783,18444,Super 1800-2,73,,15.0
98347133,11821783,18444,Super 1800-2,89,,
98347132,11821783,18444,Super 1800-2,88,,10.0
98347131,11821783,18444,Super 1800-2,35,,
98347130,11821783,18444,Super 1800-2,127,,
98347129,11821783,18444,Super 1800-2,148,,
98347128,11821783,18444,Super 1800-2,8,,
98347127,11821783,18444,Super 1800-2,26,,15.0
98347126,11821783,18444,Super 1800-2,7,,
98347125,11821783,18444,Super 1800-2,63,,15.0
98347124,11821783,18444,Super 1800-2,87,,
98347123,11821783,18444,Super 1800-2,27,,
98347122,11821783,18444,Super 1800-2,23,,
98347121,11821783,18444,Super 1800-2,132,,
98347120,11821783,18444,Super 1800-2,34,,20.0
98347119,11821783,18444,Super 1800-2,30,,
98347118,11821783,18444,Super 1800-2,6,,
98347117,11821783,18444,Super 1800-2,55,,11.0
97265694,12200354,18452,W 200,45,,15.0
97265693,12200354,18452,W 200,23,,
97265692,12200354,18452,W 200,8,,
97265691,12200354,18452,W 200,6,,
97265690,12200354,18452,W 200,142,,
97265689,12200354,18452,W 200,69,,
97265688,12200354,18452,W 200,26,,15.0
97265687,12200354,18452,W 200,89,,
97265686,12200354,18452,W 200,143,,
97265685,12200354,18452,W 200,46,,18.0
97265684,12200354,18452,W 200,87,,
97265683,12200354,18452,W 200,30,,
97265682,12200354,18452,W 200,77,,
97265681,12200354,18452,W 200,148,,
97265680,12200354,18452,W 200,9,,
97265679,12200354,18452,W 200,47,,15.0
97265678,12200354,18452,W 200,41,,
97265677,12200354,18452,W 200,73,,15.0
97265676,12200354,18452,W 200,63,,15.0
97265675,12200354,18452,W 200,144,,
97265674,12200354,18452,W 200,122,,
97265673,12200354,18452,W 200,88,,10.0
97265672,12200354,18452,W 200,61,,
97265671,12200354,18452,W 200,7,,
97265670,12200354,18452,W 200,55,,11.0
97153533,JCB409P0C01780838,20359,409 B,126,Nein,
97153532,JCB409P0C01780838,20359,409 B,148,Nein,
97153531,JCB409P0C01780838,20359,409 B,109,JCB,
97153530,JCB409P0C01780838,20359,409 B,111,Ja,
97153529,JCB409P0C01780838,20359,409 B,95,2200,11.0
97153528,JCB409P0C01780838,20359,409 B,89,TCD 2011 L 04 I,
97153527,JCB409P0C01780838,20359,409 B,88,"56,5",10.0
97153526,JCB409P0C01780838,20359,409 B,87,Deutz,
97153525,JCB409P0C01780838,20359,409 B,73,6200,15.0
97153524,JCB409P0C01780838,20359,409 B,70,Ja,
97153523,JCB409P0C01780838,20359,409 B,69,Nein,
97153522,JCB409P0C01780838,20359,409 B,63,2750,15.0
97153521,JCB409P0C01780838,20359,409 B,55,6000,11.0
97153520,JCB409P0C01780838,20359,409 B,40,20,12.0
97153519,JCB409P0C01780838,20359,409 B,30,Nein,
97153518,JCB409P0C01780838,20359,409 B,26,2020,15.0
97153517,JCB409P0C01780838,20359,409 B,11,Nein,
97153516,JCB409P0C01780838,20359,409 B,7,Tier 2,
97153515,JCB409P0C01780838,20359,409 B,6,Stufe III A,
97151430,CH229MP22488,,Klappschaufel - 906/907/908,114,,15.0
97151429,CH229MP22488,,Klappschaufel - 906/907/908,109,Caterpillar,
97151428,CH229MP22488,,Klappschaufel - 906/907/908,73,,15.0
97151427,CH229MP22488,,Klappschaufel - 906/907/908,65,,16.0
97151426,CH229MP22488,,Klappschaufel - 906/907/908,63,,15.0
97151425,CH229MP22488,,Klappschaufel - 906/907/908,55,,11.0
97151424,CH229MP22488,,Klappschaufel - 906/907/908,26,,15.0
97151423,CH229MP22488,,Klappschaufel - 906/907/908,23,,
97151416,CAT00906VHZ600487,,906 M,160,,
97151415,CAT00906VHZ600487,,906 M,110,,
97151414,CAT00906VHZ600487,,906 M,73,,15.0
97151413,CAT00906VHZ600487,,906 M,89,,
97151412,CAT00906VHZ600487,,906 M,112,,
97151411,CAT00906VHZ600487,,906 M,63,,15.0
97151410,CAT00906VHZ600487,,906 M,40,,12.0
97151409,CAT00906VHZ600487,,906 M,95,,11.0
97151408,CAT00906VHZ600487,,906 M,26,,15.0
97151407,CAT00906VHZ600487,,906 M,7,,
97151406,CAT00906VHZ600487,,906 M,30,,
97151405,CAT00906VHZ600487,,906 M,126,,
97151404,CAT00906VHZ600487,,906 M,148,,
97151403,CAT00906VHZ600487,,906 M,113,,
97151402,CAT00906VHZ600487,,906 M,111,,
97151401,CAT00906VHZ600487,,906 M,70,,
97151400,CAT00906VHZ600487,,906 M,11,,
97151399,CAT00906VHZ600487,,906 M,23,,
97151398,CAT00906VHZ600487,,906 M,87,,
97151397,CAT00906VHZ600487,,906 M,55,,11.0
97151396,CAT00906VHZ600487,,906 M,69,,
97151395,CAT00906VHZ600487,,906 M,109,,
97151394,CAT00906VHZ600487,,906 M,88,,10.0
97151393,CAT00906VHZ600487,,906 M,6,,
97139895,H2020224,18446,H 20i P + Dozer Blade,158,,
97139894,H2020224,18446,H 20i P + Dozer Blade,124,,1.0
97139893,H2020224,18446,H 20i P + Dozer Blade,155,,
97139892,H2020224,18446,H 20i P + Dozer Blade,96,,
97139891,H2020224,18446,H 20i P + Dozer Blade,136,,
97139890,H2020224,18446,H 20i P + Dozer Blade,73,,15.0
97139889,H2020224,18446,H 20i P + Dozer Blade,7,,
97139888,H2020224,18446,H 20i P + Dozer Blade,63,,15.0
97139887,H2020224,18446,H 20i P + Dozer Blade,148,,
97139886,H2020224,18446,H 20i P + Dozer Blade,55,,11.0
97139885,H2020224,18446,H 20i P + Dozer Blade,88,,10.0
97139884,H2020224,18446,H 20i P + Dozer Blade,6,,
97139883,H2020224,18446,H 20i P + Dozer Blade,30,,
97139882,H2020224,18446,H 20i P + Dozer Blade,69,,
97139881,H2020224,18446,H 20i P + Dozer Blade,26,,15.0
97139880,H2020224,18446,H 20i P + Dozer Blade,123,,1.0
97139879,H2020224,18446,H 20i P + Dozer Blade,135,,11.0
97139878,H2020224,18446,H 20i P + Dozer Blade,13,,15.0
97139877,H2020224,18446,H 20i P + Dozer Blade,23,,
97139876,H2020224,18446,H 20i P + Dozer Blade,87,,
97139875,H2020224,18446,H 20i P + Dozer Blade,89,,
97139842,H2330012,18447,H 18i,158,,
97139841,H2330012,18447,H 18i,124,,1.0
97139840,H2330012,18447,H 18i,155,,
97139839,H2330012,18447,H 18i,96,,
97139838,H2330012,18447,H 18i,136,,
97139837,H2330012,18447,H 18i,73,,15.0
97139836,H2330012,18447,H 18i,7,,
97139835,H2330012,18447,H 18i,63,,15.0
97139834,H2330012,18447,H 18i,148,,
97139833,H2330012,18447,H 18i,55,,11.0
97139832,H2330012,18447,H 18i,88,,10.0
97139831,H2330012,18447,H 18i,6,,
97139830,H2330012,18447,H 18i,30,,
97139829,H2330012,18447,H 18i,69,,
97139828,H2330012,18447,H 18i,26,,15.0
97139827,H2330012,18447,H 18i,123,,1.0
97139826,H2330012,18447,H 18i,135,,11.0
97139825,H2330012,18447,H 18i,13,,15.0
97139824,H2330012,18447,H 18i,23,,
97139823,H2330012,18447,H 18i,87,,
97139822,H2330012,18447,H 18i,89,,
97139784,00500727,18448,ZX 135 US-6,99,,
97139783,00500727,18448,ZX 135 US-6,112,,
97139782,00500727,18448,ZX 135 US-6,148,,
97139781,00500727,18448,ZX 135 US-6,137,,
97139780,00500727,18448,ZX 135 US-6,63,,15.0
97139779,00500727,18448,ZX 135 US-6,141,,
97139778,00500727,18448,ZX 135 US-6,58,,
97139777,00500727,18448,ZX 135 US-6,88,,10.0
97139776,00500727,18448,ZX 135 US-6,87,,
97139775,00500727,18448,ZX 135 US-6,69,,
97139774,00500727,18448,ZX 135 US-6,113,,
97139773,00500727,18448,ZX 135 US-6,30,,
97139772,00500727,18448,ZX 135 US-6,120,,
97139771,00500727,18448,ZX 135 US-6,107,,
97139770,00500727,18448,ZX 135 US-6,83,,
97139769,00500727,18448,ZX 135 US-6,24,,15.0
97139768,00500727,18448,ZX 135 US-6,55,,11.0
97139767,00500727,18448,ZX 135 US-6,109,,
97139766,00500727,18448,ZX 135 US-6,57,,
97139765,00500727,18448,ZX 135 US-6,6,,
97139764,00500727,18448,ZX 135 US-6,7,,
97139763,00500727,18448,ZX 135 US-6,110,,
97139762,00500727,18448,ZX 135 US-6,73,,15.0
97139761,00500727,18448,ZX 135 US-6,140,,
97139760,00500727,18448,ZX 135 US-6,23,,
97139759,00500727,18448,ZX 135 US-6,111,,
97139758,00500727,18448,ZX 135 US-6,26,,15.0
97139757,00500727,18448,ZX 135 US-6,128,,
97139756,00500727,18448,ZX 135 US-6,89,,
97139755,00500727,18448,ZX 135 US-6,56,,15.0
97139754,00500727,18448,ZX 135 US-6,106,,
97139753,00500727,18448,ZX 135 US-6,60,,
97139752,00500727,18448,ZX 135 US-6,78,,15.0
97139732,2877663,,GRL 1800 starr,154,,19.0
97139731,2877663,,GRL 1800 starr,26,1800,15.0
97139730,2877663,,GRL 1800 starr,110,QC08,
97139729,2877663,,GRL 1800 starr,63,,15.0
97139728,2877663,,GRL 1800 starr,112,,
97139727,2877663,,GRL 1800 starr,114,1800,15.0
97139726,2877663,,GRL 1800 starr,109,,
97139725,2877663,,GRL 1800 starr,65,,16.0
97139724,2877663,,GRL 1800 starr,111,,
97139723,2877663,,GRL 1800 starr,113,,
97139722,2877663,,GRL 1800 starr,55,,11.0
97139721,2877663,,GRL 1800 starr,73,,15.0
97139717,00376,18449,EW100,160,,
97139716,00376,18449,EW100,99,,
97139715,00376,18449,EW100,69,,
97139714,00376,18449,EW100,83,,
97139713,00376,18449,EW100,23,,
97139712,00376,18449,EW100,78,,15.0
97139711,00376,18449,EW100,26,,15.0
97139710,00376,18449,EW100,113,,
97139709,00376,18449,EW100,40,,12.0
97139708,00376,18449,EW100,87,,
97139707,00376,18449,EW100,128,,
97139706,00376,18449,EW100,73,,15.0
97139705,00376,18449,EW100,141,,
97139704,00376,18449,EW100,6,,
97139703,00376,18449,EW100,11,,
97139702,00376,18449,EW100,111,,
97139701,00376,18449,EW100,112,,
97139700,00376,18449,EW100,109,,
97139699,00376,18449,EW100,55,,11.0
97139698,00376,18449,EW100,110,,
97139697,00376,18449,EW100,56,,15.0
97139696,00376,18449,EW100,30,,
97139695,00376,18449,EW100,89,,
97139694,00376,18449,EW100,148,,
97139693,00376,18449,EW100,57,,
97139692,00376,18449,EW100,120,,
97139691,00376,18449,EW100,88,,10.0
97139690,00376,18449,EW100,7,,
97139689,00376,18449,EW100,137,,
97139688,00376,18449,EW100,101,,
97139687,00376,18449,EW100,58,,
97139686,00376,18449,EW100,140,,
97139685,00376,18449,EW100,107,,
97139684,00376,18449,EW100,63,,15.0
97139683,00376,18449,EW100,106,,
97139682,00376,18449,EW100,60,,
96751687,,,TL 800,154,,19.0
96751686,,,TL 800,65,,16.0
96751685,,,TL 800,114,,15.0
96751684,,,TL 800,147,,
96751683,,,TL 800,12,,18.0
96751682,,,TL 800,110,,
96751681,,,TL 800,113,,
96751680,,,TL 800,109,,
96751679,,,TL 800,55,,11.0
96751678,,,TL 800,63,,15.0
96751677,,,TL 800,26,,15.0
96751676,,,TL 800,73,,15.0
96751672,62200860-30,,GRL 1800 starr,154,,19.0
96751671,62200860-30,,GRL 1800 starr,26,1800,15.0
96751670,62200860-30,,GRL 1800 starr,110,QC08,
96751669,62200860-30,,GRL 1800 starr,63,,15.0
96751668,62200860-30,,GRL 1800 starr,112,,
96751667,62200860-30,,GRL 1800 starr,114,1800,15.0
96751666,62200860-30,,GRL 1800 starr,109,,
96751665,62200860-30,,GRL 1800 starr,65,,16.0
96751664,62200860-30,,GRL 1800 starr,111,,
96751663,62200860-30,,GRL 1800 starr,113,,
96751662,62200860-30,,GRL 1800 starr,55,,11.0
96751661,62200860-30,,GRL 1800 starr,73,,15.0
96751657,HA805603,,B8S,154,,19.0
96751656,HA805603,,B8S,151,,13.0
96751655,HA805603,,B8S,14,,6.0
96751654,HA805603,,B8S,23,,
96751653,HA805603,,B8S,112,,
96751652,HA805603,,B8S,111,,
96751651,HA805603,,B8S,110,QC08,
96751650,HA805603,,B8S,113,,
96751649,HA805603,,B8S,109,,
96751648,HA805603,,B8S,55,,11.0
96751647,HA805603,,B8S,63,,15.0
96751646,HA805603,,B8S,26,,15.0
96751645,HA805603,,B8S,73,,15.0
96751641,GW900880,,309-CR-07A,99,,
96751640,GW900880,,309-CR-07A,141,,
96751639,GW900880,,309-CR-07A,110,,
96751638,GW900880,,309-CR-07A,23,,
96751637,GW900880,,309-CR-07A,137,,
96751636,GW900880,,309-CR-07A,26,,15.0
96751635,GW900880,,309-CR-07A,112,,
96751634,GW900880,,309-CR-07A,108,,
96751633,GW900880,,309-CR-07A,55,,11.0
96751632,GW900880,,309-CR-07A,69,,
96751631,GW900880,,309-CR-07A,73,,15.0
96751630,GW900880,,309-CR-07A,6,,
96751629,GW900880,,309-CR-07A,145,,
96751628,GW900880,,309-CR-07A,63,,15.0
96751627,GW900880,,309-CR-07A,66,,
96751626,GW900880,,309-CR-07A,148,,
96751625,GW900880,,309-CR-07A,120,,
96751624,GW900880,,309-CR-07A,56,,15.0
96751623,GW900880,,309-CR-07A,57,,
96751622,GW900880,,309-CR-07A,128,,
96751621,GW900880,,309-CR-07A,60,,
96751620,GW900880,,309-CR-07A,89,,
96751619,GW900880,,309-CR-07A,111,,
96751618,GW900880,,309-CR-07A,58,,
96751617,GW900880,,309-CR-07A,88,,10.0
96751616,GW900880,,309-CR-07A,7,,
96751615,GW900880,,309-CR-07A,113,,
96751614,GW900880,,309-CR-07A,109,,
96751613,GW900880,,309-CR-07A,30,,
96751612,GW900880,,309-CR-07A,87,,
96751611,GW900880,,309-CR-07A,106,,
96751610,GW900880,,309-CR-07A,140,,
96751609,GW900880,,309-CR-07A,78,,15.0
96721150,06130176,18442,W 150i,45,,15.0
96721149,06130176,18442,W 150i,23,,
96721148,06130176,18442,W 150i,8,,
96721147,06130176,18442,W 150i,6,,
96721146,06130176,18442,W 150i,142,,
96721145,06130176,18442,W 150i,69,,
96721144,06130176,18442,W 150i,26,,15.0
96721143,06130176,18442,W 150i,89,,
96721142,06130176,18442,W 150i,143,,
96721141,06130176,18442,W 150i,46,,18.0
96721140,06130176,18442,W 150i,87,,
96721139,06130176,18442,W 150i,30,,
96721138,06130176,18442,W 150i,77,,
96721137,06130176,18442,W 150i,148,,
96721136,06130176,18442,W 150i,9,,
96721135,06130176,18442,W 150i,47,,15.0
96721134,06130176,18442,W 150i,41,,
96721133,06130176,18442,W 150i,73,,15.0
96721132,06130176,18442,W 150i,63,,15.0
96721131,06130176,18442,W 150i,144,,
96721130,06130176,18442,W 150i,122,,
96721129,06130176,18442,W 150i,88,,10.0
96721128,06130176,18442,W 150i,61,,
96721127,06130176,18442,W 150i,7,,
96721126,06130176,18442,W 150i,55,,11.0
96494161,R00443,,8155,160,,
96494160,R00443,,8155,110,,
96494159,R00443,,8155,73,6540,15.0
96494158,R00443,,8155,89,TCD 3.6,
96494157,R00443,,8155,112,,
96494156,R00443,,8155,63,3010,15.0
96494155,R00443,,8155,40,20,12.0
96494154,R00443,,8155,95,,11.0
96494153,R00443,,8155,26,2500,15.0
96494152,R00443,,8155,7,,
96494151,R00443,,8155,30,,
96494150,R00443,,8155,126,Nein,
96494149,R00443,,8155,148,,
96494148,R00443,,8155,113,,
96494147,R00443,,8155,111,,
96494146,R00443,,8155,70,Ja,
96494145,R00443,,8155,11,Ja,
96494144,R00443,,8155,23,Nein,
96494143,R00443,,8155,87,Deutz,
96494142,R00443,,8155,55,,11.0
96494141,R00443,,8155,69,,
96494140,R00443,,8155,109,,
96494139,R00443,,8155,88,100,10.0
96494138,R00443,,8155,6,,
96437385,5416,,C807s,6,,
96437384,5416,,C807s,69,,
96437383,5416,,C807s,70,,
96437382,5416,,C807s,95,,11.0
96437381,5416,,C807s,73,4575,15.0
96437380,5416,,C807s,87,,
96437379,5416,,C807s,90,,
96437378,5416,,C807s,30,,
96437377,5416,,C807s,92,,16.0
96437376,5416,,C807s,89,,
96437375,5416,,C807s,55,,11.0
96437374,5416,,C807s,10,,
96437373,5416,,C807s,40,,12.0
96437372,5416,,C807s,148,,
96437371,5416,,C807s,26,2043,15.0
96437370,5416,,C807s,91,,
96437369,5416,,C807s,88,,10.0
96437368,5416,,C807s,7,,
96437367,5416,,C807s,63,2501,15.0
96437366,5416,,C807s,23,,
96306717,62102866/20,,TL 300,154,,19.0
96306716,62102866/20,,TL 300,65,,16.0
96306715,62102866/20,,TL 300,114,300,15.0
96306714,62102866/20,,TL 300,147,,
96306713,62102866/20,,TL 300,12,,
96306712,62102866/20,,TL 300,110,QC03,
96306711,62102866/20,,TL 300,109,,
96306710,62102866/20,,TL 300,55,,11.0
96306709,62102866/20,,TL 300,63,,15.0
96306708,62102866/20,,TL 300,26,300,15.0
96306707,62102866/20,,TL 300,73,,15.0
96306703,62200209/30,,GRL 1000,26,,15.0
96306702,62200209/30,,GRL 1000,55,,11.0
96306701,62200209/30,,GRL 1000,110,QC03,
96306700,62200209/30,,GRL 1000,109,,
96306699,62200209/30,,GRL 1000,73,1000,15.0
96306698,62200209/30,,GRL 1000,63,,15.0
96306694,RHM03943,,302.7CR-07A,99,,
96306693,RHM03943,,302.7CR-07A,128,,
96306692,RHM03943,,302.7CR-07A,60,,
96306691,RHM03943,,302.7CR-07A,110,,
96306690,RHM03943,,302.7CR-07A,78,1060,15.0
96306689,RHM03943,,302.7CR-07A,141,,
96306688,RHM03943,,302.7CR-07A,26,1500,15.0
96306687,RHM03943,,302.7CR-07A,73,4240,15.0
96306686,RHM03943,,302.7CR-07A,58,,
96306685,RHM03943,,302.7CR-07A,106,,
96306684,RHM03943,,302.7CR-07A,23,,
96306683,RHM03943,,302.7CR-07A,137,,
96306682,RHM03943,,302.7CR-07A,63,2480,15.0
96306681,RHM03943,,302.7CR-07A,145,Nein,
96306680,RHM03943,,302.7CR-07A,111,,
96306679,RHM03943,,302.7CR-07A,56,2510,15.0
96306678,RHM03943,,302.7CR-07A,7,,
96306677,RHM03943,,302.7CR-07A,140,,
96306676,RHM03943,,302.7CR-07A,87,Caterpillar,
96306675,RHM03943,,302.7CR-07A,6,Stufe V,
96306674,RHM03943,,302.7CR-07A,66,Ja,
96306673,RHM03943,,302.7CR-07A,112,,
96306672,RHM03943,,302.7CR-07A,148,,
96306671,RHM03943,,302.7CR-07A,120,,
96306670,RHM03943,,302.7CR-07A,30,Nein,
96306669,RHM03943,,302.7CR-07A,113,,
96306668,RHM03943,,302.7CR-07A,109,,
96306667,RHM03943,,302.7CR-07A,108,Ja,
96306666,RHM03943,,302.7CR-07A,69,,
96306665,RHM03943,,302.7CR-07A,88,"18,4",10.0
96306664,RHM03943,,302.7CR-07A,89,C1.1 Turbo,
96306663,RHM03943,,302.7CR-07A,57,,
96306662,RHM03943,,302.7CR-07A,55,2670,11.0
96168072,55512,18321,280 EC-H 12 Litronic,53,,19.0
96168071,55512,18321,280 EC-H 12 Litronic,146,,
96168070,55512,18321,280 EC-H 12 Litronic,69,,
96168069,55512,18321,280 EC-H 12 Litronic,19,,14.0
96168068,55512,18321,280 EC-H 12 Litronic,148,,
96168067,55512,18321,280 EC-H 12 Litronic,48,,3.0
96168066,55512,18321,280 EC-H 12 Litronic,93,,5.0
96168065,55512,18321,280 EC-H 12 Litronic,18,,14.0
96168064,55512,18321,280 EC-H 12 Litronic,131,,11.0
96168063,55512,18321,280 EC-H 12 Litronic,59,,14.0
96168062,55512,18321,280 EC-H 12 Litronic,66,,
96168061,55512,18321,280 EC-H 12 Litronic,94,,2.0
96168060,55512,18321,280 EC-H 12 Litronic,130,,11.0
96168059,55512,18321,280 EC-H 12 Litronic,76,,10.0
96168058,55512,18321,280 EC-H 12 Litronic,133,,
96168057,55512,18321,280 EC-H 12 Litronic,5,,
96168056,55512,18321,280 EC-H 12 Litronic,50,,
95516406,58243,18436,205 EC-B 10,53,,19.0
95516405,58243,18436,205 EC-B 10,146,,
95516404,58243,18436,205 EC-B 10,69,,
95516403,58243,18436,205 EC-B 10,19,,14.0
95516402,58243,18436,205 EC-B 10,148,,
95516401,58243,18436,205 EC-B 10,48,,3.0
95516400,58243,18436,205 EC-B 10,93,,5.0
95516399,58243,18436,205 EC-B 10,18,,14.0
95516398,58243,18436,205 EC-B 10,131,,11.0
95516397,58243,18436,205 EC-B 10,59,,14.0
95516396,58243,18436,205 EC-B 10,66,,
95516395,58243,18436,205 EC-B 10,94,,2.0
95516394,58243,18436,205 EC-B 10,130,,11.0
95516393,58243,18436,205 EC-B 10,76,,10.0
95516392,58243,18436,205 EC-B 10,133,,
95516391,58243,18436,205 EC-B 10,5,,
95516390,58243,18436,205 EC-B 10,50,,
95238794,WNCE0507EPAL00422,,EW65 / 6503-2,99,,
95238793,WNCE0507EPAL00422,,EW65 / 6503-2,69,,
95238792,WNCE0507EPAL00422,,EW65 / 6503-2,83,,
95238791,WNCE0507EPAL00422,,EW65 / 6503-2,23,,
95238790,WNCE0507EPAL00422,,EW65 / 6503-2,78,,15.0
95238789,WNCE0507EPAL00422,,EW65 / 6503-2,26,,15.0
95238788,WNCE0507EPAL00422,,EW65 / 6503-2,113,,
95238787,WNCE0507EPAL00422,,EW65 / 6503-2,40,,12.0
95238786,WNCE0507EPAL00422,,EW65 / 6503-2,87,Perkins,
95238785,WNCE0507EPAL00422,,EW65 / 6503-2,128,,
95238784,WNCE0507EPAL00422,,EW65 / 6503-2,73,,15.0
95238783,WNCE0507EPAL00422,,EW65 / 6503-2,141,,
95238782,WNCE0507EPAL00422,,EW65 / 6503-2,6,Stufe V,
95238781,WNCE0507EPAL00422,,EW65 / 6503-2,11,,
95238780,WNCE0507EPAL00422,,EW65 / 6503-2,111,,
95238779,WNCE0507EPAL00422,,EW65 / 6503-2,112,,
95238778,WNCE0507EPAL00422,,EW65 / 6503-2,109,,
95238777,WNCE0507EPAL00422,,EW65 / 6503-2,55,,11.0
95238776,WNCE0507EPAL00422,,EW65 / 6503-2,110,,
95238775,WNCE0507EPAL00422,,EW65 / 6503-2,56,,15.0
95238774,WNCE0507EPAL00422,,EW65 / 6503-2,30,,
95238773,WNCE0507EPAL00422,,EW65 / 6503-2,89,,
95238772,WNCE0507EPAL00422,,EW65 / 6503-2,148,,
95238771,WNCE0507EPAL00422,,EW65 / 6503-2,57,,
95238770,WNCE0507EPAL00422,,EW65 / 6503-2,120,,
95238769,WNCE0507EPAL00422,,EW65 / 6503-2,88,42,10.0
95238768,WNCE0507EPAL00422,,EW65 / 6503-2,7,,
95238767,WNCE0507EPAL00422,,EW65 / 6503-2,137,,
95238766,WNCE0507EPAL00422,,EW65 / 6503-2,101,,
95238765,WNCE0507EPAL00422,,EW65 / 6503-2,58,,
95238764,WNCE0507EPAL00422,,EW65 / 6503-2,140,,
95238763,WNCE0507EPAL00422,,EW65 / 6503-2,107,,
95238762,WNCE0507EPAL00422,,EW65 / 6503-2,63,2775,15.0
95238761,WNCE0507EPAL00422,,EW65 / 6503-2,106,,
95238760,WNCE0507EPAL00422,,EW65 / 6503-2,60,,
95238759,WNCE0507EPAL00422,,EW65 / 6503-2,99,Nein,
95238758,WNCE0507EPAL00422,,EW65 / 6503-2,69,Ja,
95238757,WNCE0507EPAL00422,,EW65 / 6503-2,83,Nein,
95238756,WNCE0507EPAL00422,,EW65 / 6503-2,23,Nein,
95238755,WNCE0507EPAL00422,,EW65 / 6503-2,78,,15.0
95238754,WNCE0507EPAL00422,,EW65 / 6503-2,40,,12.0
95238753,WNCE0507EPAL00422,,EW65 / 6503-2,128,Nein,
95238752,WNCE0507EPAL00422,,EW65 / 6503-2,141,Nein,
95238751,WNCE0507EPAL00422,,EW65 / 6503-2,11,Nein,
95238750,WNCE0507EPAL00422,,EW65 / 6503-2,30,,
95238749,WNCE0507EPAL00422,,EW65 / 6503-2,148,Nein,
95238748,WNCE0507EPAL00422,,EW65 / 6503-2,57,Ja,
95238747,WNCE0507EPAL00422,,EW65 / 6503-2,120,Ja,
95238746,WNCE0507EPAL00422,,EW65 / 6503-2,137,Ja,
95238745,WNCE0507EPAL00422,,EW65 / 6503-2,101,Nein,
95238744,WNCE0507EPAL00422,,EW65 / 6503-2,58,Ja,
95238743,WNCE0507EPAL00422,,EW65 / 6503-2,140,Nein,
95238742,WNCE0507EPAL00422,,EW65 / 6503-2,107,Ja,
95238741,WNCE0507EPAL00422,,EW65 / 6503-2,106,Ja,
95238740,WNCE0507EPAL00422,,EW65 / 6503-2,60,Ja,
95238739,WNCE0507EPAL00422,,EW65 / 6503-2,56,3531,15.0
95238738,WNCE0507EPAL00422,,EW65 / 6503-2,111,Ja,
95238737,WNCE0507EPAL00422,,EW65 / 6503-2,112,Nein,
95238736,WNCE0507EPAL00422,,EW65 / 6503-2,110,QC03,
95238735,WNCE0507EPAL00422,,EW65 / 6503-2,113,,
95238734,WNCE0507EPAL00422,,EW65 / 6503-2,109,Lehnhoff,
95238733,WNCE0507EPAL00422,,EW65 / 6503-2,7,,
95238732,WNCE0507EPAL00422,,EW65 / 6503-2,6,Stufe IV,
95238731,WNCE0507EPAL00422,,EW65 / 6503-2,88,"42,0",10.0
95238730,WNCE0507EPAL00422,,EW65 / 6503-2,89,404J-E22T,
95238729,WNCE0507EPAL00422,,EW65 / 6503-2,87,Perkins,
95238728,WNCE0507EPAL00422,,EW65 / 6503-2,55,7059,11.0
95238727,WNCE0507EPAL00422,,EW65 / 6503-2,63,2775,15.0
95238726,WNCE0507EPAL00422,,EW65 / 6503-2,26,1931,15.0
95238725,WNCE0507EPAL00422,,EW65 / 6503-2,73,6250,15.0
93631595,101870901034,18438,BW 174 AP-4i AM,158,,
93631594,101870901034,18438,BW 174 AP-4i AM,155,,
93631593,101870901034,18438,BW 174 AP-4i AM,69,,
93631592,101870901034,18438,BW 174 AP-4i AM,88,74,10.0
93631591,101870901034,18438,BW 174 AP-4i AM,54,,
93631590,101870901034,18438,BW 174 AP-4i AM,30,,
93631589,101870901034,18438,BW 174 AP-4i AM,13,,15.0
93631588,101870901034,18438,BW 174 AP-4i AM,23,,
93631587,101870901034,18438,BW 174 AP-4i AM,73,4420,15.0
93631586,101870901034,18438,BW 174 AP-4i AM,63,3000,15.0
93631585,101870901034,18438,BW 174 AP-4i AM,135,,11.0
93631584,101870901034,18438,BW 174 AP-4i AM,70,,
93631583,101870901034,18438,BW 174 AP-4i AM,67,,18.0
93631582,101870901034,18438,BW 174 AP-4i AM,87,Kubota,
93631581,101870901034,18438,BW 174 AP-4i AM,96,,
93631580,101870901034,18438,BW 174 AP-4i AM,26,1826,15.0
93631579,101870901034,18438,BW 174 AP-4i AM,89,V3800 CR-T,
93631578,101870901034,18438,BW 174 AP-4i AM,55,9920,11.0
93631577,101870901034,18438,BW 174 AP-4i AM,6,,
93631576,101870901034,18438,BW 174 AP-4i AM,148,,
93631575,101870901034,18438,BW 174 AP-4i AM,7,,
93631574,101870901034,18438,BW 174 AP-4i AM,16,,
93631573,101870901034,18438,BW 174 AP-4i AM,136,,
92455741,M-X00054,,TL 900,154,,19.0
92455740,M-X00054,,TL 900,65,,16.0
92455739,M-X00054,,TL 900,114,,15.0
92455738,M-X00054,,TL 900,147,,
92455737,M-X00054,,TL 900,12,,18.0
92455736,M-X00054,,TL 900,110,QC08,
92455735,M-X00054,,TL 900,109,Henle,
92455734,M-X00054,,TL 900,55,,11.0
92455733,M-X00054,,TL 900,63,,15.0
92455732,M-X00054,,TL 900,26,900,15.0
92455731,M-X00054,,TL 900,73,,15.0
92455727,X00039,,TL 600,154,,19.0
92455726,X00039,,TL 600,110,,
92455725,X00039,,TL 600,26,,15.0
92455724,X00039,,TL 600,65,,16.0
92455723,X00039,,TL 600,73,,15.0
92455722,X00039,,TL 600,147,,
92455721,X00039,,TL 600,12,,18.0
92455720,X00039,,TL 600,113,,
92455719,X00039,,TL 600,109,,
92455718,X00039,,TL 600,63,,15.0
92455717,X00039,,TL 600,55,,11.0
92455716,X00039,,TL 600,114,,15.0
92455712,X00038,,GRL 1800,154,,19.0
92455711,X00038,,GRL 1800,114,,15.0
92455710,X00038,,GRL 1800,112,,
92455709,X00038,,GRL 1800,55,,11.0
92455708,X00038,,GRL 1800,63,,15.0
92455707,X00038,,GRL 1800,65,,16.0
92455706,X00038,,GRL 1800,23,,
92455705,X00038,,GRL 1800,73,,15.0
92455704,X00038,,GRL 1800,26,,15.0
92455703,X00038,,GRL 1800,109,,
92455702,X00038,,GRL 1800,110,,
92455701,X00038,,GRL 1800,113,,
92455700,X00038,,GRL 1800,111,,
92455696,GW803592,,308CR NG,99,,
92455695,GW803592,,308CR NG,141,,
92455694,GW803592,,308CR NG,110,,
92455693,GW803592,,308CR NG,23,,
92455692,GW803592,,308CR NG,137,,
92455691,GW803592,,308CR NG,26,,15.0
92455690,GW803592,,308CR NG,112,,
92455689,GW803592,,308CR NG,108,,
92455688,GW803592,,308CR NG,55,,11.0
92455687,GW803592,,308CR NG,69,,
92455686,GW803592,,308CR NG,73,,15.0
92455685,GW803592,,308CR NG,6,,
92455684,GW803592,,308CR NG,145,,
92455683,GW803592,,308CR NG,63,,15.0
92455682,GW803592,,308CR NG,66,,
92455681,GW803592,,308CR NG,148,,
92455680,GW803592,,308CR NG,120,,
92455679,GW803592,,308CR NG,56,,15.0
92455678,GW803592,,308CR NG,57,,
92455677,GW803592,,308CR NG,128,,
92455676,GW803592,,308CR NG,60,,
92455675,GW803592,,308CR NG,89,,
92455674,GW803592,,308CR NG,111,,
92455673,GW803592,,308CR NG,58,,
92455672,GW803592,,308CR NG,88,,10.0
92455671,GW803592,,308CR NG,7,,
92455670,GW803592,,308CR NG,113,,
92455669,GW803592,,308CR NG,109,,
92455668,GW803592,,308CR NG,30,,
92455667,GW803592,,308CR NG,87,,
92455666,GW803592,,308CR NG,106,,
92455665,GW803592,,308CR NG,140,,
92455664,GW803592,,308CR NG,78,,15.0
91634220,SBK22985-6,,TL 800,154,,19.0
91634219,SBK22985-6,,TL 800,110,,
91634218,SBK22985-6,,TL 800,26,,15.0
91634217,SBK22985-6,,TL 800,65,,16.0
91634216,SBK22985-6,,TL 800,73,,15.0
91634215,SBK22985-6,,TL 800,147,,
91634214,SBK22985-6,,TL 800,12,,18.0
91634213,SBK22985-6,,TL 800,113,,
91634212,SBK22985-6,,TL 800,109,,
91634211,SBK22985-6,,TL 800,63,,15.0
91634210,SBK22985-6,,TL 800,55,,11.0
91634209,SBK22985-6,,TL 800,114,,15.0
91634205,SBK24740-2,,TL 1000,154,,19.0
91634204,SBK24740-2,,TL 1000,110,,
91634203,SBK24740-2,,TL 1000,26,,15.0
91634202,SBK24740-2,,TL 1000,65,,16.0
91634201,SBK24740-2,,TL 1000,73,,15.0
91634200,SBK24740-2,,TL 1000,147,,
91634199,SBK24740-2,,TL 1000,12,,18.0
91634198,SBK24740-2,,TL 1000,113,,
91634197,SBK24740-2,,TL 1000,109,,
91634196,SBK24740-2,,TL 1000,63,,15.0
91634195,SBK24740-2,,TL 1000,55,,11.0
91634194,SBK24740-2,,TL 1000,114,,15.0
91634190,SBK27106-2-3,,GRL 1800,154,16 - 21,19.0
91634189,SBK27106-2-3,,GRL 1800,114,1800,15.0
91634188,SBK27106-2-3,,GRL 1800,55,,11.0
91634187,SBK27106-2-3,,GRL 1800,63,,15.0
91634186,SBK27106-2-3,,GRL 1800,65,"0,64",16.0
91634185,SBK27106-2-3,,GRL 1800,73,,15.0
91634184,SBK27106-2-3,,GRL 1800,26,1800,15.0
91634183,SBK27106-2-3,,GRL 1800,109,OilQuick,
91634182,SBK27106-2-3,,GRL 1800,113,OQ 70/55,
91623787,62000620/90-1,,TL 500,154,,19.0
91623786,62000620/90-1,,TL 500,110,,
91623785,62000620/90-1,,TL 500,26,,15.0
91623784,62000620/90-1,,TL 500,65,,16.0
91623783,62000620/90-1,,TL 500,73,,15.0
91623782,62000620/90-1,,TL 500,147,,
91623781,62000620/90-1,,TL 500,12,,18.0
91623780,62000620/90-1,,TL 500,113,,
91623779,62000620/90-1,,TL 500,109,,
91623778,62000620/90-1,,TL 500,63,,15.0
91623777,62000620/90-1,,TL 500,55,,11.0
91623776,62000620/90-1,,TL 500,114,,15.0
91623772,287907,,TL 600,154,,19.0
91623771,287907,,TL 600,110,,
91623770,287907,,TL 600,26,600,15.0
91623769,287907,,TL 600,65,,16.0
91623768,287907,,TL 600,73,,15.0
91623767,287907,,TL 600,147,,
91623766,287907,,TL 600,12,,18.0
91623765,287907,,TL 600,113,,
91623764,287907,,TL 600,109,,
91623763,287907,,TL 600,63,,15.0
91623762,287907,,TL 600,55,,11.0
91623761,287907,,TL 600,114,600,15.0
91623754,CE900164,,303.5CR-07A,128,,
91623753,CE900164,,303.5CR-07A,60,,
91623752,CE900164,,303.5CR-07A,110,,
91623751,CE900164,,303.5CR-07A,78,,15.0
91623750,CE900164,,303.5CR-07A,141,,
91623749,CE900164,,303.5CR-07A,26,1780,15.0
91623748,CE900164,,303.5CR-07A,73,4800,15.0
91623747,CE900164,,303.5CR-07A,58,,
91623746,CE900164,,303.5CR-07A,106,,
91623745,CE900164,,303.5CR-07A,23,,
91623744,CE900164,,303.5CR-07A,137,,
91623743,CE900164,,303.5CR-07A,63,2480,15.0
91623742,CE900164,,303.5CR-07A,145,Nein,
91623741,CE900164,,303.5CR-07A,111,,
91623740,CE900164,,303.5CR-07A,56,,15.0
91623739,CE900164,,303.5CR-07A,7,Tier 4f,
91623738,CE900164,,303.5CR-07A,140,,
91623737,CE900164,,303.5CR-07A,87,Caterpillar,
91623736,CE900164,,303.5CR-07A,6,Stufe V,
91623735,CE900164,,303.5CR-07A,66,Ja,
91623734,CE900164,,303.5CR-07A,112,,
91623733,CE900164,,303.5CR-07A,148,,
91623732,CE900164,,303.5CR-07A,120,,
91623731,CE900164,,303.5CR-07A,30,,
91623730,CE900164,,303.5CR-07A,113,,
91623729,CE900164,,303.5CR-07A,109,,
91623728,CE900164,,303.5CR-07A,108,,
91623727,CE900164,,303.5CR-07A,69,,
91623726,CE900164,,303.5CR-07A,88,"17,6",10.0
91623725,CE900164,,303.5CR-07A,89,C1.7,
91623724,CE900164,,303.5CR-07A,57,,
91623723,CE900164,,303.5CR-07A,55,3480,11.0
91502200,SBK27598-1-1,,GRL 2000 starr,154,21 - 26,19.0
91502199,SBK27598-1-1,,GRL 2000 starr,26,2000,15.0
91502198,SBK27598-1-1,,GRL 2000 starr,63,,15.0
91502197,SBK27598-1-1,,GRL 2000 starr,114,2000,15.0
91502196,SBK27598-1-1,,GRL 2000 starr,109,OilQuick,
91502195,SBK27598-1-1,,GRL 2000 starr,65,"0,900",16.0
91502194,SBK27598-1-1,,GRL 2000 starr,113,OQ 70/55,
91502193,SBK27598-1-1,,GRL 2000 starr,55,,11.0
91502192,SBK27598-1-1,,GRL 2000 starr,73,,15.0
91502188,SBK24259-11,,TL 1000,154,,19.0
91502187,SBK24259-11,,TL 1000,110,,
91502186,SBK24259-11,,TL 1000,26,,15.0
91502185,SBK24259-11,,TL 1000,65,,16.0
91502184,SBK24259-11,,TL 1000,73,,15.0
91502183,SBK24259-11,,TL 1000,147,,
91502182,SBK24259-11,,TL 1000,12,,18.0
91502181,SBK24259-11,,TL 1000,113,,
91502180,SBK24259-11,,TL 1000,109,,
91502179,SBK24259-11,,TL 1000,63,,15.0
91502178,SBK24259-11,,TL 1000,55,,11.0
91502177,SBK24259-11,,TL 1000,114,,15.0
91502173,RES292562,,TL 600,154,,19.0
91502172,RES292562,,TL 600,110,,
91502171,RES292562,,TL 600,26,,15.0
91502170,RES292562,,TL 600,65,,16.0
91502169,RES292562,,TL 600,73,,15.0
91502168,RES292562,,TL 600,147,,
91502167,RES292562,,TL 600,12,,18.0
91502166,RES292562,,TL 600,113,,
91502165,RES292562,,TL 600,109,,
91502164,RES292562,,TL 600,63,,15.0
91502163,RES292562,,TL 600,55,,11.0
91502162,RES292562,,TL 600,114,,15.0
91502158,HYD14166,,MX18 G,160,,
91502157,HYD14166,,MX18 G,99,,
91502156,HYD14166,,MX18 G,69,,
91502155,HYD14166,,MX18 G,83,,
91502154,HYD14166,,MX18 G,23,,
91502153,HYD14166,,MX18 G,78,,15.0
91502152,HYD14166,,MX18 G,26,2530,15.0
91502151,HYD14166,,MX18 G,113,,
91502150,HYD14166,,MX18 G,40,,12.0
91502149,HYD14166,,MX18 G,87,,
91502148,HYD14166,,MX18 G,128,,
91502147,HYD14166,,MX18 G,73,,15.0
91502146,HYD14166,,MX18 G,141,Ja,
91502145,HYD14166,,MX18 G,6,,
91502144,HYD14166,,MX18 G,11,,
91502143,HYD14166,,MX18 G,111,,
91502142,HYD14166,,MX18 G,112,,
91502141,HYD14166,,MX18 G,109,,
91502140,HYD14166,,MX18 G,55,17900,11.0
91502139,HYD14166,,MX18 G,110,,
91502138,HYD14166,,MX18 G,56,5830,15.0
91502137,HYD14166,,MX18 G,30,,
91502136,HYD14166,,MX18 G,89,,
91502135,HYD14166,,MX18 G,148,,
91502134,HYD14166,,MX18 G,57,,
91502133,HYD14166,,MX18 G,120,,
91502132,HYD14166,,MX18 G,88,,10.0
91502131,HYD14166,,MX18 G,7,,
91502130,HYD14166,,MX18 G,137,,
91502129,HYD14166,,MX18 G,101,,
91502128,HYD14166,,MX18 G,58,,
91502127,HYD14166,,MX18 G,140,,
91502126,HYD14166,,MX18 G,107,,
91502125,HYD14166,,MX18 G,63,3120,15.0
91502124,HYD14166,,MX18 G,106,,
91502123,HYD14166,,MX18 G,60,,
89861961,101870221016,,BW 174 AP-4v,69,,
89861960,101870221016,,BW 174 AP-4v,88,,10.0
89861959,101870221016,,BW 174 AP-4v,54,,
89861958,101870221016,,BW 174 AP-4v,30,,
89861957,101870221016,,BW 174 AP-4v,13,,15.0
89861956,101870221016,,BW 174 AP-4v,23,,
89861955,101870221016,,BW 174 AP-4v,73,,15.0
89861954,101870221016,,BW 174 AP-4v,63,,15.0
89861953,101870221016,,BW 174 AP-4v,135,,11.0
89861952,101870221016,,BW 174 AP-4v,70,,
89861951,101870221016,,BW 174 AP-4v,67,,18.0
89861950,101870221016,,BW 174 AP-4v,87,,
89861949,101870221016,,BW 174 AP-4v,96,,
89861948,101870221016,,BW 174 AP-4v,26,,15.0
89861947,101870221016,,BW 174 AP-4v,89,,
89861946,101870221016,,BW 174 AP-4v,55,,11.0
89861945,101870221016,,BW 174 AP-4v,6,,
89861944,101870221016,,BW 174 AP-4v,148,,
89861943,101870221016,,BW 174 AP-4v,7,,
89861942,101870221016,,BW 174 AP-4v,16,,
89861941,101870221016,,BW 174 AP-4v,136,,
89735599,H424.12014422.0161,18431,RACO 350,23,,
89735598,H424.12014422.0161,18431,RACO 350,89,,
89735597,H424.12014422.0161,18431,RACO 350,73,,15.0
89735596,H424.12014422.0161,18431,RACO 350,63,,15.0
89735595,H424.12014422.0161,18431,RACO 350,148,,
89735594,H424.12014422.0161,18431,RACO 350,55,,11.0
89735593,H424.12014422.0161,18431,RACO 350,7,,
89735592,H424.12014422.0161,18431,RACO 350,6,,
89735591,H424.12014422.0161,18431,RACO 350,88,,10.0
89735590,H424.12014422.0161,18431,RACO 350,87,,
89735589,H424.12014422.0161,18431,RACO 350,47,,15.0
89735588,H424.12014422.0161,18431,RACO 350,46,,18.0
89735587,H424.12014422.0161,18431,RACO 350,45,,15.0
89735586,H424.12014422.0161,18431,RACO 350,26,,15.0
89735585,H424.12014422.0161,18431,RACO 350,69,,
89735584,H424.12014422.0161,18431,RACO 350,144,,
89735583,H424.12014422.0161,18431,RACO 350,30,,
89635350,101870221038,18428,BW 174 AP-4v,69,,
89635349,101870221038,18428,BW 174 AP-4v,88,,10.0
89635348,101870221038,18428,BW 174 AP-4v,54,,
89635347,101870221038,18428,BW 174 AP-4v,30,,
89635346,101870221038,18428,BW 174 AP-4v,13,,15.0
89635345,101870221038,18428,BW 174 AP-4v,23,,
89635344,101870221038,18428,BW 174 AP-4v,73,,15.0
89635343,101870221038,18428,BW 174 AP-4v,63,,15.0
89635342,101870221038,18428,BW 174 AP-4v,135,,11.0
89635341,101870221038,18428,BW 174 AP-4v,70,,
89635340,101870221038,18428,BW 174 AP-4v,67,,18.0
89635339,101870221038,18428,BW 174 AP-4v,87,,
89635338,101870221038,18428,BW 174 AP-4v,96,,
89635337,101870221038,18428,BW 174 AP-4v,26,,15.0
89635336,101870221038,18428,BW 174 AP-4v,89,,
89635335,101870221038,18428,BW 174 AP-4v,55,,11.0
89635334,101870221038,18428,BW 174 AP-4v,6,,
89635333,101870221038,18428,BW 174 AP-4v,148,,
89635332,101870221038,18428,BW 174 AP-4v,7,,
89635331,101870221038,18428,BW 174 AP-4v,16,,
89635330,101870221038,18428,BW 174 AP-4v,136,,
89635326,101870221004,18429,BW 174 AP-4v,69,,
89635325,101870221004,18429,BW 174 AP-4v,88,,10.0
89635324,101870221004,18429,BW 174 AP-4v,54,,
89635323,101870221004,18429,BW 174 AP-4v,30,,
89635322,101870221004,18429,BW 174 AP-4v,13,,15.0
89635321,101870221004,18429,BW 174 AP-4v,23,,
89635320,101870221004,18429,BW 174 AP-4v,73,,15.0
89635319,101870221004,18429,BW 174 AP-4v,63,,15.0
89635318,101870221004,18429,BW 174 AP-4v,135,,11.0
89635317,101870221004,18429,BW 174 AP-4v,70,,
89635316,101870221004,18429,BW 174 AP-4v,67,,18.0
89635315,101870221004,18429,BW 174 AP-4v,87,,
89635314,101870221004,18429,BW 174 AP-4v,96,,
89635313,101870221004,18429,BW 174 AP-4v,26,,15.0
89635312,101870221004,18429,BW 174 AP-4v,89,,
89635311,101870221004,18429,BW 174 AP-4v,55,,11.0
89635310,101870221004,18429,BW 174 AP-4v,6,,
89635309,101870221004,18429,BW 174 AP-4v,148,,
89635308,101870221004,18429,BW 174 AP-4v,7,,
89635307,101870221004,18429,BW 174 AP-4v,16,,
89635306,101870221004,18429,BW 174 AP-4v,136,,
89626555,101870851058,18427,BW 154 AP-4v,54,Ja,
89626554,101870851058,18427,BW 154 AP-4v,70,Nein,
89626553,101870851058,18427,BW 154 AP-4v,67,1,18.0
89626552,101870851058,18427,BW 154 AP-4v,96,Nein,
89626551,101870851058,18427,BW 154 AP-4v,16,Nein,
89626550,101870851058,18427,BW 154 AP-4v,135,,11.0
89626549,101870851058,18427,BW 154 AP-4v,136,Nein,
89626548,101870851058,18427,BW 154 AP-4v,13,1540,15.0
89626547,101870851058,18427,BW 154 AP-4v,148,Nein,
89626546,101870851058,18427,BW 154 AP-4v,69,Ja,
89626545,101870851058,18427,BW 154 AP-4v,23,Nein,
89626544,101870851058,18427,BW 154 AP-4v,30,Nein,
89626543,101870851058,18427,BW 154 AP-4v,6,Stufe V,
89626542,101870851058,18427,BW 154 AP-4v,7,Tier 4f,
89626541,101870851058,18427,BW 154 AP-4v,88,"55,4",10.0
89626540,101870851058,18427,BW 154 AP-4v,89,,
89626539,101870851058,18427,BW 154 AP-4v,87,,
89626538,101870851058,18427,BW 154 AP-4v,55,7220,11.0
89626537,101870851058,18427,BW 154 AP-4v,63,2955,15.0
89626536,101870851058,18427,BW 154 AP-4v,26,1500,15.0
89626535,101870851058,18427,BW 154 AP-4v,73,3990,15.0
89622152,SBK22985-14,,GRL 2000,154,16 - 21,19.0
89622151,SBK22985-14,,GRL 2000,114,2000,15.0
89622150,SBK22985-14,,GRL 2000,55,,11.0
89622149,SBK22985-14,,GRL 2000,63,,15.0
89622148,SBK22985-14,,GRL 2000,65,"0,72",16.0
89622147,SBK22985-14,,GRL 2000,73,,15.0
89622146,SBK22985-14,,GRL 2000,26,2000,15.0
89622145,SBK22985-14,,GRL 2000,109,OilQuick,
89622144,SBK22985-14,,GRL 2000,113,OQ 70/55,
87749947,0035494,,Materialkübel extern,73,2550,15.0
87749946,0035494,,Materialkübel extern,51,,
87749945,0035494,,Materialkübel extern,55,1200,11.0
87749944,0035494,,Materialkübel extern,65,11,16.0
87749943,0035494,,Materialkübel extern,26,3700,15.0
87749942,0035494,,Materialkübel extern,63,2190,15.0
87749938,0035493,,Materialkübel extern,73,2550,15.0
87749937,0035493,,Materialkübel extern,51,,
87749936,0035493,,Materialkübel extern,55,1200,11.0
87749935,0035493,,Materialkübel extern,65,11,16.0
87749934,0035493,,Materialkübel extern,26,3700,15.0
87749933,0035493,,Materialkübel extern,63,2190,15.0
87739361,08192695,,Super 1900-3i,158,Ja,
87372451,58333,18324,205 EC-B 10,53,,19.0
87372450,58333,18324,205 EC-B 10,146,,
87372449,58333,18324,205 EC-B 10,69,,
87372448,58333,18324,205 EC-B 10,19,,14.0
87372447,58333,18324,205 EC-B 10,148,,
87372446,58333,18324,205 EC-B 10,48,,3.0
87372445,58333,18324,205 EC-B 10,93,,5.0
87372444,58333,18324,205 EC-B 10,18,,14.0
87372443,58333,18324,205 EC-B 10,131,,11.0
87372442,58333,18324,205 EC-B 10,59,,14.0
87372441,58333,18324,205 EC-B 10,66,,
87372440,58333,18324,205 EC-B 10,94,,2.0
87372439,58333,18324,205 EC-B 10,130,,11.0
87372438,58333,18324,205 EC-B 10,76,,10.0
87372437,58333,18324,205 EC-B 10,133,,
87372436,58333,18324,205 EC-B 10,5,,
87372435,58333,18324,205 EC-B 10,50,,
87244715,H254.0333,,HC 130i,158,,
87244713,H254.0333,,HC 130i,124,,1.0
87244712,H254.0333,,HC 130i,155,,
87244711,H254.0333,,HC 130i,96,,
87244710,H254.0333,,HC 130i,136,,
87244709,H254.0333,,HC 130i,73,,15.0
87244708,H254.0333,,HC 130i,7,,
87244707,H254.0333,,HC 130i,63,,15.0
87244706,H254.0333,,HC 130i,148,,
87244705,H254.0333,,HC 130i,55,,11.0
87244704,H254.0333,,HC 130i,88,,10.0
87244703,H254.0333,,HC 130i,6,,
87244702,H254.0333,,HC 130i,30,,
87244701,H254.0333,,HC 130i,69,,
87244700,H254.0333,,HC 130i,26,,15.0
87244699,H254.0333,,HC 130i,123,,1.0
87244698,H254.0333,,HC 130i,135,,11.0
87244697,H254.0333,,HC 130i,13,,15.0
87244696,H254.0333,,HC 130i,23,,
87244695,H254.0333,,HC 130i,87,,
87244694,H254.0333,,HC 130i,89,,
86816567,11821462,18420,Super 1800-2,156,,
86816566,11821462,18420,Super 1800-2,152,,15.0
86816565,11821462,18420,Super 1800-2,52,,
86816564,11821462,18420,Super 1800-2,38,,14.0
86816563,11821462,18420,Super 1800-2,37,,14.0
86816562,11821462,18420,Super 1800-2,36,,14.0
86816561,11821462,18420,Super 1800-2,149,,
86816560,11821462,18420,Super 1800-2,73,,15.0
86816559,11821462,18420,Super 1800-2,89,,
86816558,11821462,18420,Super 1800-2,88,,10.0
86816557,11821462,18420,Super 1800-2,35,,
86816556,11821462,18420,Super 1800-2,127,,
86816555,11821462,18420,Super 1800-2,148,,
86816554,11821462,18420,Super 1800-2,8,,
86816553,11821462,18420,Super 1800-2,26,,15.0
86816552,11821462,18420,Super 1800-2,7,,
86816551,11821462,18420,Super 1800-2,63,,15.0
86816550,11821462,18420,Super 1800-2,87,,
86816549,11821462,18420,Super 1800-2,27,,
86816548,11821462,18420,Super 1800-2,23,,
86816547,11821462,18420,Super 1800-2,132,,
86816546,11821462,18420,Super 1800-2,34,,20.0
86816545,11821462,18420,Super 1800-2,30,,
86816544,11821462,18420,Super 1800-2,6,,
86816543,11821462,18420,Super 1800-2,55,,11.0
86410602,2410260,,GRL 1400 starr,154,"3,8 - 6,5",19.0
86410601,2410260,,GRL 1400 starr,26,1400,15.0
86410600,2410260,,GRL 1400 starr,110,QC03,
86410599,2410260,,GRL 1400 starr,63,,15.0
86410598,2410260,,GRL 1400 starr,114,1400,15.0
86410597,2410260,,GRL 1400 starr,109,Henle,
86410596,2410260,,GRL 1400 starr,65,"0,232",16.0
86410595,2410260,,GRL 1400 starr,55,,11.0
86410594,2410260,,GRL 1400 starr,73,,15.0
86410590,2410259,,GRL 1400 starr,154,"3,8 - 6,5",19.0
86410589,2410259,,GRL 1400 starr,26,1400,15.0
86410588,2410259,,GRL 1400 starr,110,QC03,
86410587,2410259,,GRL 1400 starr,63,,15.0
86410586,2410259,,GRL 1400 starr,114,1400,15.0
86410585,2410259,,GRL 1400 starr,109,Henle,
86410584,2410259,,GRL 1400 starr,65,"0,232",16.0
86410583,2410259,,GRL 1400 starr,55,,11.0
86410582,2410259,,GRL 1400 starr,73,,15.0
85889531,32644165,18422,140 EC-H 6 Litronic,53,,19.0
85889530,32644165,18422,140 EC-H 6 Litronic,146,,
85889529,32644165,18422,140 EC-H 6 Litronic,69,,
85889528,32644165,18422,140 EC-H 6 Litronic,19,,14.0
85889527,32644165,18422,140 EC-H 6 Litronic,148,,
85889526,32644165,18422,140 EC-H 6 Litronic,48,,3.0
85889525,32644165,18422,140 EC-H 6 Litronic,93,,5.0
85889524,32644165,18422,140 EC-H 6 Litronic,18,,14.0
85889523,32644165,18422,140 EC-H 6 Litronic,131,,11.0
85889522,32644165,18422,140 EC-H 6 Litronic,59,,14.0
85889521,32644165,18422,140 EC-H 6 Litronic,66,,
85889520,32644165,18422,140 EC-H 6 Litronic,94,,2.0
85889519,32644165,18422,140 EC-H 6 Litronic,130,,11.0
85889518,32644165,18422,140 EC-H 6 Litronic,76,,10.0
85889517,32644165,18422,140 EC-H 6 Litronic,133,,
85889516,32644165,18422,140 EC-H 6 Litronic,5,,
85889515,32644165,18422,140 EC-H 6 Litronic,50,,
83144283,06221082,18408,W 250i,45,,15.0
83144282,06221082,18408,W 250i,23,,
83144281,06221082,18408,W 250i,8,,
83144280,06221082,18408,W 250i,6,,
83144279,06221082,18408,W 250i,142,,
83144278,06221082,18408,W 250i,69,,
83144277,06221082,18408,W 250i,26,,15.0
83144276,06221082,18408,W 250i,89,,
83144275,06221082,18408,W 250i,143,,
83144274,06221082,18408,W 250i,46,,18.0
83144273,06221082,18408,W 250i,87,,
83144272,06221082,18408,W 250i,30,,
83144271,06221082,18408,W 250i,77,,
83144270,06221082,18408,W 250i,148,,
83144269,06221082,18408,W 250i,9,,
83144268,06221082,18408,W 250i,47,,15.0
83144267,06221082,18408,W 250i,41,,
83144266,06221082,18408,W 250i,73,,15.0
83144265,06221082,18408,W 250i,63,,15.0
83144264,06221082,18408,W 250i,144,,
83144263,06221082,18408,W 250i,122,,
83144262,06221082,18408,W 250i,88,,10.0
83144261,06221082,18408,W 250i,61,,
83144260,06221082,18408,W 250i,7,,
83144259,06221082,18408,W 250i,55,,11.0
82664717,M-X00063,,TL 1100 - OQ 70/55,154,,19.0
82664716,M-X00063,,TL 1100 - OQ 70/55,65,,16.0
82664715,M-X00063,,TL 1100 - OQ 70/55,114,,15.0
82664714,M-X00063,,TL 1100 - OQ 70/55,147,,
82664713,M-X00063,,TL 1100 - OQ 70/55,12,,18.0
82664712,M-X00063,,TL 1100 - OQ 70/55,110,,
82664711,M-X00063,,TL 1100 - OQ 70/55,113,OQ 70/55,
82664710,M-X00063,,TL 1100 - OQ 70/55,109,OilQuick,
82664709,M-X00063,,TL 1100 - OQ 70/55,55,,11.0
82664708,M-X00063,,TL 1100 - OQ 70/55,63,,15.0
82664707,M-X00063,,TL 1100 - OQ 70/55,26,1100,15.0
82664706,M-X00063,,TL 1100 - OQ 70/55,73,,15.0
82664702,M-X00084,,TL 800,154,,19.0
82664701,M-X00084,,TL 800,110,,
82664700,M-X00084,,TL 800,26,,15.0
82664699,M-X00084,,TL 800,65,,16.0
82664698,M-X00084,,TL 800,73,,15.0
82664697,M-X00084,,TL 800,147,,
82664696,M-X00084,,TL 800,12,,18.0
82664695,M-X00084,,TL 800,113,,
82664694,M-X00084,,TL 800,109,,
82664693,M-X00084,,TL 800,63,,15.0
82664692,M-X00084,,TL 800,55,,11.0
82664691,M-X00084,,TL 800,114,,15.0
82664687,M-X00090,,GRL 2000,154,21 - 26,19.0
82664686,M-X00090,,GRL 2000,114,2000,15.0
82664685,M-X00090,,GRL 2000,55,,11.0
82664684,M-X00090,,GRL 2000,63,,15.0
82664683,M-X00090,,GRL 2000,65,"0,900",16.0
82664682,M-X00090,,GRL 2000,73,,15.0
82664681,M-X00090,,GRL 2000,26,2000,15.0
82664680,M-X00090,,GRL 2000,109,OilQuick,
82664679,M-X00090,,GRL 2000,113,OQ 70/55,
82514167,W0VEDYHZ1RJ729603,,Combo Cargo,168,,
82514166,W0VEDYHZ1RJ729603,,Combo Cargo,167,,7.0
82514165,W0VEDYHZ1RJ729603,,Combo Cargo,166,,
82514164,W0VEDYHZ1RJ729603,,Combo Cargo,165,,
82514163,W0VEDYHZ1RJ729603,,Combo Cargo,164,,
82514162,W0VEDYHZ1RJ729603,,Combo Cargo,161,,11.0
82514161,W0VEDYHZ1RJ729603,,Combo Cargo,95,,11.0
82514160,W0VEDYHZ1RJ729603,,Combo Cargo,69,,
82514159,W0VEDYHZ1RJ729603,,Combo Cargo,30,,
82514158,W0VEDYHZ1RJ729603,,Combo Cargo,163,,
82514157,W0VEDYHZ1RJ729603,,Combo Cargo,86,,
82514156,W0VEDYHZ1RJ729603,,Combo Cargo,85,,
82514155,W0VEDYHZ1RJ729603,,Combo Cargo,84,,
82514154,W0VEDYHZ1RJ729603,,Combo Cargo,88,,10.0
82514153,W0VEDYHZ1RJ729603,,Combo Cargo,89,,
82514152,W0VEDYHZ1RJ729603,,Combo Cargo,87,,
82514151,W0VEDYHZ1RJ729603,,Combo Cargo,63,,15.0
82514150,W0VEDYHZ1RJ729603,,Combo Cargo,26,,15.0
82514149,W0VEDYHZ1RJ729603,,Combo Cargo,73,,15.0
82512809,W0VEDYHZ3RJ766510,,Combo Cargo,168,,
82512808,W0VEDYHZ3RJ766510,,Combo Cargo,167,,7.0
82512807,W0VEDYHZ3RJ766510,,Combo Cargo,166,,
82512806,W0VEDYHZ3RJ766510,,Combo Cargo,165,,
82512805,W0VEDYHZ3RJ766510,,Combo Cargo,164,,
82512804,W0VEDYHZ3RJ766510,,Combo Cargo,161,,11.0
82512803,W0VEDYHZ3RJ766510,,Combo Cargo,95,,11.0
82512802,W0VEDYHZ3RJ766510,,Combo Cargo,69,,
82512801,W0VEDYHZ3RJ766510,,Combo Cargo,30,,
82512800,W0VEDYHZ3RJ766510,,Combo Cargo,163,,
82512799,W0VEDYHZ3RJ766510,,Combo Cargo,86,,
82512798,W0VEDYHZ3RJ766510,,Combo Cargo,85,,
82512797,W0VEDYHZ3RJ766510,,Combo Cargo,84,,
82512796,W0VEDYHZ3RJ766510,,Combo Cargo,88,,10.0
82512795,W0VEDYHZ3RJ766510,,Combo Cargo,89,,
82512794,W0VEDYHZ3RJ766510,,Combo Cargo,87,,
82512793,W0VEDYHZ3RJ766510,,Combo Cargo,63,,15.0
82512792,W0VEDYHZ3RJ766510,,Combo Cargo,26,,15.0
82512791,W0VEDYHZ3RJ766510,,Combo Cargo,73,,15.0
82506369,18100606,18418,W 100 CFi,45,,15.0
82506368,18100606,18418,W 100 CFi,23,,
82506367,18100606,18418,W 100 CFi,8,,
82506366,18100606,18418,W 100 CFi,6,,
82506365,18100606,18418,W 100 CFi,142,,
82506364,18100606,18418,W 100 CFi,69,,
82506363,18100606,18418,W 100 CFi,26,,15.0
82506362,18100606,18418,W 100 CFi,89,,
82506361,18100606,18418,W 100 CFi,143,,
82506360,18100606,18418,W 100 CFi,46,,18.0
82506359,18100606,18418,W 100 CFi,87,,
82506358,18100606,18418,W 100 CFi,30,,
82506357,18100606,18418,W 100 CFi,77,,
82506356,18100606,18418,W 100 CFi,148,,
82506355,18100606,18418,W 100 CFi,9,,
82506354,18100606,18418,W 100 CFi,47,,15.0
82506353,18100606,18418,W 100 CFi,41,,
82506352,18100606,18418,W 100 CFi,73,,15.0
82506351,18100606,18418,W 100 CFi,63,,15.0
82506350,18100606,18418,W 100 CFi,144,,
82506349,18100606,18418,W 100 CFi,122,,
82506348,18100606,18418,W 100 CFi,88,,10.0
82506347,18100606,18418,W 100 CFi,61,,
82506346,18100606,18418,W 100 CFi,7,,
82506345,18100606,18418,W 100 CFi,55,,11.0
82506251,18100042,18417,W 100 CFi,45,,15.0
82506250,18100042,18417,W 100 CFi,23,,
82506249,18100042,18417,W 100 CFi,8,,
82506248,18100042,18417,W 100 CFi,6,,
82506247,18100042,18417,W 100 CFi,142,,
82506246,18100042,18417,W 100 CFi,69,,
82506245,18100042,18417,W 100 CFi,26,,15.0
82506244,18100042,18417,W 100 CFi,89,,
82506243,18100042,18417,W 100 CFi,143,,
82506242,18100042,18417,W 100 CFi,46,,18.0
82506241,18100042,18417,W 100 CFi,87,,
82506240,18100042,18417,W 100 CFi,30,,
82506239,18100042,18417,W 100 CFi,77,,
82506238,18100042,18417,W 100 CFi,148,,
82506237,18100042,18417,W 100 CFi,9,,
82506236,18100042,18417,W 100 CFi,47,,15.0
82506235,18100042,18417,W 100 CFi,41,,
82506234,18100042,18417,W 100 CFi,73,,15.0
82506233,18100042,18417,W 100 CFi,63,,15.0
82506232,18100042,18417,W 100 CFi,144,,
82506231,18100042,18417,W 100 CFi,122,,
82506230,18100042,18417,W 100 CFi,88,,10.0
82506229,18100042,18417,W 100 CFi,61,,
82506228,18100042,18417,W 100 CFi,7,,
82506227,18100042,18417,W 100 CFi,55,,11.0
82505272,06220056,18407,W 250i,45,,15.0
82505271,06220056,18407,W 250i,23,,
82505270,06220056,18407,W 250i,8,,
82505269,06220056,18407,W 250i,6,,
82505268,06220056,18407,W 250i,142,,
82505267,06220056,18407,W 250i,69,,
82505266,06220056,18407,W 250i,26,,15.0
82505265,06220056,18407,W 250i,89,,
82505264,06220056,18407,W 250i,143,,
82505263,06220056,18407,W 250i,46,,18.0
82505262,06220056,18407,W 250i,87,,
82505261,06220056,18407,W 250i,30,,
82505260,06220056,18407,W 250i,77,,
82505259,06220056,18407,W 250i,148,,
82505258,06220056,18407,W 250i,9,,
82505257,06220056,18407,W 250i,47,,15.0
82505256,06220056,18407,W 250i,41,,
82505255,06220056,18407,W 250i,73,,15.0
82505254,06220056,18407,W 250i,63,,15.0
82505253,06220056,18407,W 250i,144,,
82505252,06220056,18407,W 250i,122,,
82505251,06220056,18407,W 250i,88,,10.0
82505250,06220056,18407,W 250i,61,,
82505249,06220056,18407,W 250i,7,,
82505248,06220056,18407,W 250i,55,,11.0
82503740,18100489,18416,W 100 CFi,45,,15.0
82503739,18100489,18416,W 100 CFi,23,,
82503738,18100489,18416,W 100 CFi,8,,
82503737,18100489,18416,W 100 CFi,6,,
82503736,18100489,18416,W 100 CFi,142,,
82503735,18100489,18416,W 100 CFi,69,,
82503734,18100489,18416,W 100 CFi,26,,15.0
82503733,18100489,18416,W 100 CFi,89,,
82503732,18100489,18416,W 100 CFi,143,,
82503731,18100489,18416,W 100 CFi,46,,18.0
82503730,18100489,18416,W 100 CFi,87,,
82503729,18100489,18416,W 100 CFi,30,,
82503728,18100489,18416,W 100 CFi,77,,
82503727,18100489,18416,W 100 CFi,148,,
82503726,18100489,18416,W 100 CFi,9,,
82503725,18100489,18416,W 100 CFi,47,,15.0
82503724,18100489,18416,W 100 CFi,41,,
82503723,18100489,18416,W 100 CFi,73,,15.0
82503722,18100489,18416,W 100 CFi,63,,15.0
82503721,18100489,18416,W 100 CFi,144,,
82503720,18100489,18416,W 100 CFi,122,,
82503719,18100489,18416,W 100 CFi,88,,10.0
82503718,18100489,18416,W 100 CFi,61,,
82503717,18100489,18416,W 100 CFi,7,,
82503716,18100489,18416,W 100 CFi,55,,11.0
82502826,18100174,18415,W 100 CFi,45,,15.0
82502825,18100174,18415,W 100 CFi,23,,
82502824,18100174,18415,W 100 CFi,8,,
82502823,18100174,18415,W 100 CFi,6,,
82502822,18100174,18415,W 100 CFi,142,,
82502821,18100174,18415,W 100 CFi,69,,
82502820,18100174,18415,W 100 CFi,26,,15.0
82502819,18100174,18415,W 100 CFi,89,,
82502818,18100174,18415,W 100 CFi,143,,
82502817,18100174,18415,W 100 CFi,46,,18.0
82502816,18100174,18415,W 100 CFi,87,,
82502815,18100174,18415,W 100 CFi,30,,
82502814,18100174,18415,W 100 CFi,77,,
82502813,18100174,18415,W 100 CFi,148,,
82502812,18100174,18415,W 100 CFi,9,,
82502811,18100174,18415,W 100 CFi,47,,15.0
82502810,18100174,18415,W 100 CFi,41,,
82502809,18100174,18415,W 100 CFi,73,,15.0
82502808,18100174,18415,W 100 CFi,63,,15.0
82502807,18100174,18415,W 100 CFi,144,,
82502806,18100174,18415,W 100 CFi,122,,
82502805,18100174,18415,W 100 CFi,88,,10.0
82502804,18100174,18415,W 100 CFi,61,,
82502803,18100174,18415,W 100 CFi,7,,
82502802,18100174,18415,W 100 CFi,55,,11.0
82502596,18100045,18414,W 100 CFi,45,,15.0
82502595,18100045,18414,W 100 CFi,23,,
82502594,18100045,18414,W 100 CFi,8,,
82502593,18100045,18414,W 100 CFi,6,,
82502592,18100045,18414,W 100 CFi,142,,
82502591,18100045,18414,W 100 CFi,69,,
82502590,18100045,18414,W 100 CFi,26,,15.0
82502589,18100045,18414,W 100 CFi,89,,
82502588,18100045,18414,W 100 CFi,143,,
82502587,18100045,18414,W 100 CFi,46,,18.0
82502586,18100045,18414,W 100 CFi,87,,
82502585,18100045,18414,W 100 CFi,30,,
82502584,18100045,18414,W 100 CFi,77,,
82502583,18100045,18414,W 100 CFi,148,,
82502582,18100045,18414,W 100 CFi,9,,
82502581,18100045,18414,W 100 CFi,47,,15.0
82502580,18100045,18414,W 100 CFi,41,,
82502579,18100045,18414,W 100 CFi,73,,15.0
82502578,18100045,18414,W 100 CFi,63,,15.0
82502577,18100045,18414,W 100 CFi,144,,
82502576,18100045,18414,W 100 CFi,122,,
82502575,18100045,18414,W 100 CFi,88,,10.0
82502574,18100045,18414,W 100 CFi,61,,
82502573,18100045,18414,W 100 CFi,7,,
82502572,18100045,18414,W 100 CFi,55,,11.0
82501970,06130096,18412,W 150i,45,,15.0
82501969,06130096,18412,W 150i,23,,
82501968,06130096,18412,W 150i,8,,
82501967,06130096,18412,W 150i,6,,
82501966,06130096,18412,W 150i,142,,
82501965,06130096,18412,W 150i,69,,
82501964,06130096,18412,W 150i,26,,15.0
82501963,06130096,18412,W 150i,89,,
82501962,06130096,18412,W 150i,143,,
82501961,06130096,18412,W 150i,46,,18.0
82501960,06130096,18412,W 150i,87,,
82501959,06130096,18412,W 150i,30,,
82501958,06130096,18412,W 150i,77,,
82501957,06130096,18412,W 150i,148,,
82501956,06130096,18412,W 150i,9,,
82501955,06130096,18412,W 150i,47,,15.0
82501954,06130096,18412,W 150i,41,,
82501953,06130096,18412,W 150i,73,,15.0
82501952,06130096,18412,W 150i,63,,15.0
82501951,06130096,18412,W 150i,144,,
82501950,06130096,18412,W 150i,122,,
82501949,06130096,18412,W 150i,88,,10.0
82501948,06130096,18412,W 150i,61,,
82501947,06130096,18412,W 150i,7,,
82501946,06130096,18412,W 150i,55,,11.0
82500994,18100321,18413,W 100 CFi,45,,15.0
82500993,18100321,18413,W 100 CFi,23,,
82500992,18100321,18413,W 100 CFi,8,,
82500991,18100321,18413,W 100 CFi,6,,
82500990,18100321,18413,W 100 CFi,142,,
82500989,18100321,18413,W 100 CFi,69,,
82500988,18100321,18413,W 100 CFi,26,,15.0
82500987,18100321,18413,W 100 CFi,89,,
82500986,18100321,18413,W 100 CFi,143,,
82500985,18100321,18413,W 100 CFi,46,,18.0
82500984,18100321,18413,W 100 CFi,87,,
82500983,18100321,18413,W 100 CFi,30,,
82500982,18100321,18413,W 100 CFi,77,,
82500981,18100321,18413,W 100 CFi,148,,
82500980,18100321,18413,W 100 CFi,9,,
82500979,18100321,18413,W 100 CFi,47,,15.0
82500978,18100321,18413,W 100 CFi,41,,
82500977,18100321,18413,W 100 CFi,73,,15.0
82500976,18100321,18413,W 100 CFi,63,,15.0
82500975,18100321,18413,W 100 CFi,144,,
82500974,18100321,18413,W 100 CFi,122,,
82500973,18100321,18413,W 100 CFi,88,,10.0
82500972,18100321,18413,W 100 CFi,61,,
82500971,18100321,18413,W 100 CFi,7,,
82500970,18100321,18413,W 100 CFi,55,,11.0
82498026,12050060,18406,W 50 DCi,45,,15.0
82498025,12050060,18406,W 50 DCi,23,,
82498024,12050060,18406,W 50 DCi,8,,
82498023,12050060,18406,W 50 DCi,6,,
82498022,12050060,18406,W 50 DCi,142,,
82498021,12050060,18406,W 50 DCi,69,,
82498020,12050060,18406,W 50 DCi,26,,15.0
82498019,12050060,18406,W 50 DCi,89,,
82498018,12050060,18406,W 50 DCi,143,,
82498017,12050060,18406,W 50 DCi,46,,18.0
82498016,12050060,18406,W 50 DCi,87,,
82498015,12050060,18406,W 50 DCi,55,,11.0
82498014,12050060,18406,W 50 DCi,30,,
82498013,12050060,18406,W 50 DCi,77,,
82498012,12050060,18406,W 50 DCi,148,,
82498011,12050060,18406,W 50 DCi,9,,
82498010,12050060,18406,W 50 DCi,47,,15.0
82498009,12050060,18406,W 50 DCi,41,,
82498008,12050060,18406,W 50 DCi,73,,15.0
82498007,12050060,18406,W 50 DCi,63,,15.0
82498006,12050060,18406,W 50 DCi,144,,
82498005,12050060,18406,W 50 DCi,122,,
82498004,12050060,18406,W 50 DCi,88,,10.0
82498003,12050060,18406,W 50 DCi,61,,
82498002,12050060,18406,W 50 DCi,7,,
82498001,12050060,18406,W 50 DCi,55,,11.0
82367817,216008714,,TB 216 H,137,,
82367816,216008714,,TB 216 H,120,,
82367815,216008714,,TB 216 H,66,,
82367814,216008714,,TB 216 H,145,,
82367813,216008714,,TB 216 H,111,,
82367812,216008714,,TB 216 H,112,,
82367811,216008714,,TB 216 H,108,,
82367810,216008714,,TB 216 H,141,,
82367809,216008714,,TB 216 H,140,,
82367808,216008714,,TB 216 H,106,,
82367807,216008714,,TB 216 H,60,,
82367806,216008714,,TB 216 H,57,,
82367805,216008714,,TB 216 H,58,,
82367804,216008714,,TB 216 H,128,,
82367803,216008714,,TB 216 H,110,,
82367802,216008714,,TB 216 H,113,,
82367801,216008714,,TB 216 H,109,,
82367800,216008714,,TB 216 H,78,,15.0
82367799,216008714,,TB 216 H,56,,15.0
82367798,216008714,,TB 216 H,148,,
82367797,216008714,,TB 216 H,69,,
82367796,216008714,,TB 216 H,23,,
82367795,216008714,,TB 216 H,30,,
82367794,216008714,,TB 216 H,7,,
82367793,216008714,,TB 216 H,6,,
82367792,216008714,,TB 216 H,88,,10.0
82367791,216008714,,TB 216 H,89,,
82367790,216008714,,TB 216 H,87,,
82367789,216008714,,TB 216 H,55,,11.0
82367788,216008714,,TB 216 H,63,,15.0
82367787,216008714,,TB 216 H,26,,15.0
82367786,216008714,,TB 216 H,73,,15.0
82366435,14820520,18397,Super 1800-3i,156,,
82366434,14820520,18397,Super 1800-3i,152,bis 300,15.0
82366433,14820520,18397,Super 1800-3i,52,,
82366432,14820520,18397,Super 1800-3i,38,,14.0
82366431,14820520,18397,Super 1800-3i,37,,14.0
82366430,14820520,18397,Super 1800-3i,36,,14.0
82366429,14820520,18397,Super 1800-3i,149,,
82366428,14820520,18397,Super 1800-3i,73,,15.0
82366427,14820520,18397,Super 1800-3i,89,B6.7-C173,
82366426,14820520,18397,Super 1800-3i,88,129,10.0
82366424,14820520,18397,Super 1800-3i,35,,
82366423,14820520,18397,Super 1800-3i,127,,
82366422,14820520,18397,Super 1800-3i,148,,
82366421,14820520,18397,Super 1800-3i,8,,
82366420,14820520,18397,Super 1800-3i,26,2550,15.0
82366419,14820520,18397,Super 1800-3i,7,,
82366418,14820520,18397,Super 1800-3i,63,3100,15.0
82366417,14820520,18397,Super 1800-3i,87,Cummins,
82366416,14820520,18397,Super 1800-3i,27,,
82366415,14820520,18397,Super 1800-3i,23,,
82366414,14820520,18397,Super 1800-3i,132,,
82366413,14820520,18397,Super 1800-3i,34,700,20.0
82366412,14820520,18397,Super 1800-3i,30,,
82366411,14820520,18397,Super 1800-3i,6,,
82366410,14820520,18397,Super 1800-3i,55,,11.0
82354687,19309-1-1,,TL 600,154,,19.0
82354686,19309-1-1,,TL 600,110,,
82354685,19309-1-1,,TL 600,26,,15.0
82354684,19309-1-1,,TL 600,65,,16.0
82354683,19309-1-1,,TL 600,73,,15.0
82354682,19309-1-1,,TL 600,147,,
82354681,19309-1-1,,TL 600,12,,18.0
82354680,19309-1-1,,TL 600,113,,
82354679,19309-1-1,,TL 600,109,,
82354678,19309-1-1,,TL 600,63,,15.0
82354677,19309-1-1,,TL 600,55,,11.0
82354676,19309-1-1,,TL 600,114,,15.0
82354672,24740-4,,TL 1200,154,16 - 21,19.0
82354671,24740-4,,TL 1200,26,1200,15.0
82354670,24740-4,,TL 1200,65,"0,900",16.0
82354669,24740-4,,TL 1200,73,,15.0
82354668,24740-4,,TL 1200,147,CAT J300,
82354667,24740-4,,TL 1200,12,5,18.0
82354666,24740-4,,TL 1200,113,OQ 70/55,
82354665,24740-4,,TL 1200,109,OilQuick,
82354664,24740-4,,TL 1200,63,,15.0
82354663,24740-4,,TL 1200,55,,11.0
82354662,24740-4,,TL 1200,114,1200,15.0
82354658,24259-3,,GRL 2000,154,16 - 21,19.0
82354657,24259-3,,GRL 2000,114,2000,15.0
82354656,24259-3,,GRL 2000,55,,11.0
82354655,24259-3,,GRL 2000,63,,15.0
82354654,24259-3,,GRL 2000,65,"0,72",16.0
82354653,24259-3,,GRL 2000,73,,15.0
82354652,24259-3,,GRL 2000,26,2000,15.0
82354651,24259-3,,GRL 2000,109,OilQuick,
82354650,24259-3,,GRL 2000,113,OQ 70/55,
82354646,15140,,MX18 G,160,,
82354645,15140,,MX18 G,99,,
82354644,15140,,MX18 G,69,,
82354643,15140,,MX18 G,83,,
82354642,15140,,MX18 G,23,,
82354641,15140,,MX18 G,78,,15.0
82354640,15140,,MX18 G,26,2530,15.0
82354639,15140,,MX18 G,113,,
82354638,15140,,MX18 G,40,,12.0
82354637,15140,,MX18 G,87,,
82354636,15140,,MX18 G,128,,
82354635,15140,,MX18 G,73,,15.0
82354634,15140,,MX18 G,141,Ja,
82354633,15140,,MX18 G,6,,
82354632,15140,,MX18 G,11,,
82354631,15140,,MX18 G,111,,
82354630,15140,,MX18 G,112,,
82354629,15140,,MX18 G,109,,
82354628,15140,,MX18 G,55,17900,11.0
82354627,15140,,MX18 G,110,,
82354626,15140,,MX18 G,56,5830,15.0
82354625,15140,,MX18 G,30,,
82354624,15140,,MX18 G,89,,
82354623,15140,,MX18 G,148,,
82354622,15140,,MX18 G,57,,
82354621,15140,,MX18 G,120,,
82354620,15140,,MX18 G,88,,10.0
82354619,15140,,MX18 G,7,,
82354618,15140,,MX18 G,137,,
82354617,15140,,MX18 G,101,,
82354616,15140,,MX18 G,58,,
82354615,15140,,MX18 G,140,,
82354614,15140,,MX18 G,107,,
82354613,15140,,MX18 G,63,3120,15.0
82354612,15140,,MX18 G,106,,
82354611,15140,,MX18 G,60,,
81706196,40759047,18317,Grove GMK 4075,148,,
81706195,40759047,18317,Grove GMK 4075,50,,
81706194,40759047,18317,Grove GMK 4075,23,,
81706193,40759047,18317,Grove GMK 4075,131,,11.0
81706192,40759047,18317,Grove GMK 4075,69,,
81706191,40759047,18317,Grove GMK 4075,26,,15.0
81706190,40759047,18317,Grove GMK 4075,55,,11.0
81706189,40759047,18317,Grove GMK 4075,21,,19.0
81706188,40759047,18317,Grove GMK 4075,87,,
81706187,40759047,18317,Grove GMK 4075,88,,10.0
81706186,40759047,18317,Grove GMK 4075,89,,
81706185,40759047,18317,Grove GMK 4075,73,,15.0
81706184,40759047,18317,Grove GMK 4075,59,,14.0
81706183,40759047,18317,Grove GMK 4075,5,,
81706182,40759047,18317,Grove GMK 4075,129,,
81706181,40759047,18317,Grove GMK 4075,30,,
81706180,40759047,18317,Grove GMK 4075,18,,14.0
81706179,40759047,18317,Grove GMK 4075,7,,
81706178,40759047,18317,Grove GMK 4075,40,,12.0
81706177,40759047,18317,Grove GMK 4075,6,,
81706176,40759047,18317,Grove GMK 4075,63,,15.0
81694061,,,Verschmälerung - AB 135 V - R Mini 500,149,AB 135 V,
81694060,,,Verschmälerung - AB 135 V - R Mini 500,26,,15.0
81694059,,,Verschmälerung - AB 135 V - R Mini 500,55,,11.0
81694058,,,Verschmälerung - AB 135 V - R Mini 500,73,,15.0
81694057,,,Verschmälerung - AB 135 V - R Mini 500,63,,15.0
81694053,,,Verschmälerung - AB 135 V - L Mini 500,149,AB 135 V,
81694052,,,Verschmälerung - AB 135 V - L Mini 500,26,,15.0
81694051,,,Verschmälerung - AB 135 V - L Mini 500,55,,11.0
81694050,,,Verschmälerung - AB 135 V - L Mini 500,73,,15.0
81694049,,,Verschmälerung - AB 135 V - L Mini 500,63,,15.0
81306559,092498446,,Bürocontainer 20',55,1950,11.0
81306558,092498446,,Bürocontainer 20',63,2800,15.0
81306557,092498446,,Bürocontainer 20',26,2435,15.0
81306556,092498446,,Bürocontainer 20',73,6055,15.0
80790402,55VB.8147R,,Verbreiterung - AB 600-3 TV - 750R,149,,
80790401,55VB.8147R,,Verbreiterung - AB 600-3 TV - 750R,26,,15.0
80790400,55VB.8147R,,Verbreiterung - AB 600-3 TV - 750R,55,,11.0
80790399,55VB.8147R,,Verbreiterung - AB 600-3 TV - 750R,73,,15.0
80790398,55VB.8147R,,Verbreiterung - AB 600-3 TV - 750R,63,,15.0
80790394,55VB.8147L,,Verbreiterung - AB 600-3 TV - 750L,149,AB 600-3 TV,
80790393,55VB.8147L,,Verbreiterung - AB 600-3 TV - 750L,26,750,
80790392,55VB.8147L,,Verbreiterung - AB 600-3 TV - 750L,55,,
80790391,55VB.8147L,,Verbreiterung - AB 600-3 TV - 750L,23,,
80790390,55VB.8147L,,Verbreiterung - AB 600-3 TV - 750L,73,,
80790389,55VB.8147L,,Verbreiterung - AB 600-3 TV - 750L,63,,
80790385,14825153,,Super 1800-3i,156,,
80790384,14825153,,Super 1800-3i,152,bis 300,15.0
80790383,14825153,,Super 1800-3i,52,Nein,
80790382,14825153,,Super 1800-3i,38,"8,00",14.0
80790381,14825153,,Super 1800-3i,37,"8,00",14.0
80790380,14825153,,Super 1800-3i,36,"3,00 - 6,00",14.0
80790379,14825153,,Super 1800-3i,149,AB 600-3 TV,
80790378,14825153,,Super 1800-3i,73,,15.0
80790377,14825153,,Super 1800-3i,89,B6.7-C173,
80790376,14825153,,Super 1800-3i,88,129,10.0
80790374,14825153,,Super 1800-3i,35,Ja,
80790373,14825153,,Super 1800-3i,127,,
80790372,14825153,,Super 1800-3i,148,,
80790371,14825153,,Super 1800-3i,8,,
80790370,14825153,,Super 1800-3i,26,2550,15.0
80790369,14825153,,Super 1800-3i,7,,
80790368,14825153,,Super 1800-3i,63,3100,15.0
80790367,14825153,,Super 1800-3i,87,Cummins,
80790366,14825153,,Super 1800-3i,27,,
80790365,14825153,,Super 1800-3i,23,Nein,
80790364,14825153,,Super 1800-3i,132,,
80790363,14825153,,Super 1800-3i,34,700,20.0
80790362,14825153,,Super 1800-3i,30,,
80790361,14825153,,Super 1800-3i,6,,
80790360,14825153,,Super 1800-3i,55,"20100,00",11.0
80789558,2408073,,SL 1000,162,Gitterstreben,
80789557,2408073,,SL 1000,154,12 - 16,19.0
80789556,2408073,,SL 1000,114,1000,15.0
80789555,2408073,,SL 1000,110,,
80789554,2408073,,SL 1000,109,OilQuick,
80789553,2408073,,SL 1000,111,Ja,
80789552,2408073,,SL 1000,147,CAT J300,
80789551,2408073,,SL 1000,65,"0,64",16.0
80789550,2408073,,SL 1000,12,4,18.0
80789549,2408073,,SL 1000,26,1000,15.0
80789548,2408073,,SL 1000,113,OQ 60-5,
80789547,2408073,,SL 1000,112,Nein,
80789546,2408073,,SL 1000,63,,15.0
80789545,2408073,,SL 1000,55,760,11.0
80789544,2408073,,SL 1000,73,,15.0
80789543,2408073,,SL 1000,71,,15.0
80783377,11821411,18404,Super 1800-2,156,,
80783376,11821411,18404,Super 1800-2,152,,15.0
80783375,11821411,18404,Super 1800-2,52,,
80783374,11821411,18404,Super 1800-2,38,,14.0
80783373,11821411,18404,Super 1800-2,37,,14.0
80783372,11821411,18404,Super 1800-2,36,,14.0
80783371,11821411,18404,Super 1800-2,149,,
80783370,11821411,18404,Super 1800-2,73,,15.0
80783369,11821411,18404,Super 1800-2,89,,
80783368,11821411,18404,Super 1800-2,88,,10.0
80783366,11821411,18404,Super 1800-2,35,,
80783365,11821411,18404,Super 1800-2,127,,
80783364,11821411,18404,Super 1800-2,148,,
80783363,11821411,18404,Super 1800-2,8,,
80783362,11821411,18404,Super 1800-2,26,,15.0
80783361,11821411,18404,Super 1800-2,7,,
80783360,11821411,18404,Super 1800-2,63,,15.0
80783359,11821411,18404,Super 1800-2,87,,
80783358,11821411,18404,Super 1800-2,27,,
80783357,11821411,18404,Super 1800-2,23,,
80783356,11821411,18404,Super 1800-2,132,,
80783355,11821411,18404,Super 1800-2,34,,20.0
80783354,11821411,18404,Super 1800-2,30,,
80783353,11821411,18404,Super 1800-2,6,,
80783352,11821411,18404,Super 1800-2,55,,11.0
79999347,101871201039,,BW 174 AP-5 AM,158,,
79999346,101871201039,,BW 174 AP-5 AM,155,,
79999345,101871201039,,BW 174 AP-5 AM,69,,
79999344,101871201039,,BW 174 AP-5 AM,88,"74,4",10.0
79999343,101871201039,,BW 174 AP-5 AM,54,Ja,
79999342,101871201039,,BW 174 AP-5 AM,30,Ja,
79999341,101871201039,,BW 174 AP-5 AM,13,1680,15.0
79999340,101871201039,,BW 174 AP-5 AM,23,,
79999339,101871201039,,BW 174 AP-5 AM,73,5520,15.0
79999338,101871201039,,BW 174 AP-5 AM,63,3050,15.0
79999337,101871201039,,BW 174 AP-5 AM,135,,11.0
79999336,101871201039,,BW 174 AP-5 AM,70,Nein,
79999335,101871201039,,BW 174 AP-5 AM,67,,18.0
79999334,101871201039,,BW 174 AP-5 AM,87,Deutz,
79999333,101871201039,,BW 174 AP-5 AM,96,Nein,
79999332,101871201039,,BW 174 AP-5 AM,26,1860,15.0
79999331,101871201039,,BW 174 AP-5 AM,89,TCD 3.6,
79999330,101871201039,,BW 174 AP-5 AM,55,9700,11.0
79999329,101871201039,,BW 174 AP-5 AM,6,Stufe V,
79999328,101871201039,,BW 174 AP-5 AM,148,,
79999327,101871201039,,BW 174 AP-5 AM,7,Tier 4f,
79999326,101871201039,,BW 174 AP-5 AM,16,Ja,
79999325,101871201039,,BW 174 AP-5 AM,136,,
79999321,101871251025,,BW 174 AP-5 AM,158,Ja,
79999320,101871251025,,BW 174 AP-5 AM,155,,
79999319,101871251025,,BW 174 AP-5 AM,69,,
79999318,101871251025,,BW 174 AP-5 AM,88,"74,4",10.0
79999317,101871251025,,BW 174 AP-5 AM,54,Ja,
79999316,101871251025,,BW 174 AP-5 AM,30,Ja,
79999315,101871251025,,BW 174 AP-5 AM,13,1680,15.0
79999314,101871251025,,BW 174 AP-5 AM,23,,
79999313,101871251025,,BW 174 AP-5 AM,73,5520,15.0
79999312,101871251025,,BW 174 AP-5 AM,63,3050,15.0
79999311,101871251025,,BW 174 AP-5 AM,135,,11.0
79999310,101871251025,,BW 174 AP-5 AM,70,Nein,
79999309,101871251025,,BW 174 AP-5 AM,67,,18.0
79999308,101871251025,,BW 174 AP-5 AM,87,Deutz,
79999307,101871251025,,BW 174 AP-5 AM,96,Nein,
79999306,101871251025,,BW 174 AP-5 AM,26,1860,15.0
79999305,101871251025,,BW 174 AP-5 AM,89,TCD 3.6,
79999304,101871251025,,BW 174 AP-5 AM,55,9700,11.0
79999303,101871251025,,BW 174 AP-5 AM,6,Stufe V,
79999302,101871251025,,BW 174 AP-5 AM,148,,
79999301,101871251025,,BW 174 AP-5 AM,7,Tier 4f,
79999300,101871251025,,BW 174 AP-5 AM,16,Ja,
79999299,101871251025,,BW 174 AP-5 AM,136,,
79997279,VCEP5820KOH701278,18392,5820,152,,15.0
79997278,VCEP5820KOH701278,18392,5820,52,,
79997277,VCEP5820KOH701278,18392,5820,38,,14.0
79997276,VCEP5820KOH701278,18392,5820,37,,14.0
79997275,VCEP5820KOH701278,18392,5820,36,,14.0
79997274,VCEP5820KOH701278,18392,5820,149,,
79997273,VCEP5820KOH701278,18392,5820,73,,15.0
79997272,VCEP5820KOH701278,18392,5820,89,,
79997271,VCEP5820KOH701278,18392,5820,88,,10.0
79997269,VCEP5820KOH701278,18392,5820,35,,
79997268,VCEP5820KOH701278,18392,5820,127,,
79997267,VCEP5820KOH701278,18392,5820,148,,
79997266,VCEP5820KOH701278,18392,5820,8,,
79997265,VCEP5820KOH701278,18392,5820,26,,15.0
79997264,VCEP5820KOH701278,18392,5820,7,,
79997263,VCEP5820KOH701278,18392,5820,63,,15.0
79997262,VCEP5820KOH701278,18392,5820,87,,
79997261,VCEP5820KOH701278,18392,5820,27,,
79997260,VCEP5820KOH701278,18392,5820,23,,
79997259,VCEP5820KOH701278,18392,5820,132,,
79997258,VCEP5820KOH701278,18392,5820,34,,20.0
79997257,VCEP5820KOH701278,18392,5820,30,,
79997256,VCEP5820KOH701278,18392,5820,6,,
79997255,VCEP5820KOH701278,18392,5820,55,,11.0
79996255,1510600,,GRL 1800,154,,19.0
79996254,1510600,,GRL 1800,114,,15.0
79996253,1510600,,GRL 1800,112,,
79996252,1510600,,GRL 1800,55,,11.0
79996251,1510600,,GRL 1800,63,,15.0
79996250,1510600,,GRL 1800,65,,16.0
79996249,1510600,,GRL 1800,23,,
79996248,1510600,,GRL 1800,73,,15.0
79996247,1510600,,GRL 1800,26,,15.0
79996246,1510600,,GRL 1800,109,,
79996245,1510600,,GRL 1800,110,,
79996244,1510600,,GRL 1800,113,,
79996243,1510600,,GRL 1800,111,,
79996239,TXN00654,18396,D 314 DL CR,99,,
79996238,TXN00654,18396,D 314 DL CR,112,,
79996237,TXN00654,18396,D 314 DL CR,148,,
79996236,TXN00654,18396,D 314 DL CR,137,,
79996235,TXN00654,18396,D 314 DL CR,63,,15.0
79996234,TXN00654,18396,D 314 DL CR,141,,
79996233,TXN00654,18396,D 314 DL CR,58,,
79996232,TXN00654,18396,D 314 DL CR,88,,10.0
79996231,TXN00654,18396,D 314 DL CR,87,,
79996230,TXN00654,18396,D 314 DL CR,69,,
79996229,TXN00654,18396,D 314 DL CR,113,,
79996228,TXN00654,18396,D 314 DL CR,30,,
79996227,TXN00654,18396,D 314 DL CR,120,,
79996226,TXN00654,18396,D 314 DL CR,107,,
79996225,TXN00654,18396,D 314 DL CR,83,,
79996224,TXN00654,18396,D 314 DL CR,24,,15.0
79996223,TXN00654,18396,D 314 DL CR,55,,11.0
79996222,TXN00654,18396,D 314 DL CR,109,,
79996221,TXN00654,18396,D 314 DL CR,57,,
79996220,TXN00654,18396,D 314 DL CR,6,,
79996219,TXN00654,18396,D 314 DL CR,7,,
79996218,TXN00654,18396,D 314 DL CR,110,,
79996217,TXN00654,18396,D 314 DL CR,73,,15.0
79996216,TXN00654,18396,D 314 DL CR,140,,
79996215,TXN00654,18396,D 314 DL CR,23,,
79996214,TXN00654,18396,D 314 DL CR,111,,
79996213,TXN00654,18396,D 314 DL CR,26,,15.0
79996212,TXN00654,18396,D 314 DL CR,128,,
79996211,TXN00654,18396,D 314 DL CR,89,,
79996210,TXN00654,18396,D 314 DL CR,56,,15.0
79996209,TXN00654,18396,D 314 DL CR,106,,
79996208,TXN00654,18396,D 314 DL CR,60,,
79996207,TXN00654,18396,D 314 DL CR,78,,15.0
79948394,77632,18393,A 918 Compact,69,,
79948393,77632,18393,A 918 Compact,83,,
79948392,77632,18393,A 918 Compact,23,,
79948391,77632,18393,A 918 Compact,78,,15.0
79948390,77632,18393,A 918 Compact,26,,15.0
79948389,77632,18393,A 918 Compact,113,,
79948388,77632,18393,A 918 Compact,40,,12.0
79948387,77632,18393,A 918 Compact,87,,
79948386,77632,18393,A 918 Compact,128,,
79948385,77632,18393,A 918 Compact,73,,15.0
79948384,77632,18393,A 918 Compact,141,,
79948383,77632,18393,A 918 Compact,6,,
79948382,77632,18393,A 918 Compact,11,,
79948381,77632,18393,A 918 Compact,111,,
79948380,77632,18393,A 918 Compact,112,,
79948379,77632,18393,A 918 Compact,109,,
79948378,77632,18393,A 918 Compact,55,,11.0
79948377,77632,18393,A 918 Compact,110,,
79948376,77632,18393,A 918 Compact,56,,15.0
79948375,77632,18393,A 918 Compact,30,,
79948374,77632,18393,A 918 Compact,89,,
79948373,77632,18393,A 918 Compact,148,,
79948372,77632,18393,A 918 Compact,57,,
79948371,77632,18393,A 918 Compact,120,,
79948370,77632,18393,A 918 Compact,88,,10.0
79948369,77632,18393,A 918 Compact,7,,
79948368,77632,18393,A 918 Compact,137,,
79948367,77632,18393,A 918 Compact,101,,
79948366,77632,18393,A 918 Compact,58,,
79948365,77632,18393,A 918 Compact,140,,
79948364,77632,18393,A 918 Compact,107,,
79948363,77632,18393,A 918 Compact,63,,15.0
79948362,77632,18393,A 918 Compact,106,,
79948361,77632,18393,A 918 Compact,60,,
79945586,101870701072,18391,BW 174 AP-4 AM,158,,
79945585,101870701072,18391,BW 174 AP-4 AM,155,,
79945584,101870701072,18391,BW 174 AP-4 AM,69,,
79945583,101870701072,18391,BW 174 AP-4 AM,88,,10.0
79945582,101870701072,18391,BW 174 AP-4 AM,54,,
79945581,101870701072,18391,BW 174 AP-4 AM,30,,
79945580,101870701072,18391,BW 174 AP-4 AM,13,,15.0
79945579,101870701072,18391,BW 174 AP-4 AM,23,,
79945578,101870701072,18391,BW 174 AP-4 AM,73,,15.0
79945577,101870701072,18391,BW 174 AP-4 AM,63,,15.0
79945576,101870701072,18391,BW 174 AP-4 AM,135,,11.0
79945575,101870701072,18391,BW 174 AP-4 AM,70,,
79945574,101870701072,18391,BW 174 AP-4 AM,67,,18.0
79945573,101870701072,18391,BW 174 AP-4 AM,87,,
79945572,101870701072,18391,BW 174 AP-4 AM,96,,
79945571,101870701072,18391,BW 174 AP-4 AM,26,,15.0
79945570,101870701072,18391,BW 174 AP-4 AM,89,,
79945569,101870701072,18391,BW 174 AP-4 AM,55,,11.0
79945568,101870701072,18391,BW 174 AP-4 AM,6,,
79945567,101870701072,18391,BW 174 AP-4 AM,148,,
79945566,101870701072,18391,BW 174 AP-4 AM,7,,
79945565,101870701072,18391,BW 174 AP-4 AM,16,,
79945564,101870701072,18391,BW 174 AP-4 AM,136,,
79287935,98VB0099R,,Verbreiterung - AB 600-5 TP2 - 750R,149,AB 600-5 TP 2,
79287934,98VB0099R,,Verbreiterung - AB 600-5 TP2 - 750R,26,750,15.0
79287933,98VB0099R,,Verbreiterung - AB 600-5 TP2 - 750R,55,,11.0
79287932,98VB0099R,,Verbreiterung - AB 600-5 TP2 - 750R,73,,15.0
79287931,98VB0099R,,Verbreiterung - AB 600-5 TP2 - 750R,63,,15.0
79287927,98VB0026R,,Verbreiterung - AB 600-5 TP2 - 750R,149,AB 600-5 TP 2,
79287926,98VB0026R,,Verbreiterung - AB 600-5 TP2 - 750R,26,750,15.0
79287925,98VB0026R,,Verbreiterung - AB 600-5 TP2 - 750R,55,,11.0
79287924,98VB0026R,,Verbreiterung - AB 600-5 TP2 - 750R,73,,15.0
79287923,98VB0026R,,Verbreiterung - AB 600-5 TP2 - 750R,63,,15.0
79287919,98VB0099L,,Verbreiterung - AB 600-5 TP2 - 750L,149,AB 600-5 TP 2,
79287918,98VB0099L,,Verbreiterung - AB 600-5 TP2 - 750L,26,750,15.0
79287917,98VB0099L,,Verbreiterung - AB 600-5 TP2 - 750L,55,,11.0
79287916,98VB0099L,,Verbreiterung - AB 600-5 TP2 - 750L,73,,15.0
79287915,98VB0099L,,Verbreiterung - AB 600-5 TP2 - 750L,63,,15.0
79287911,98VB0026L,,Verbreiterung - AB 600-5 TP2 - 750L,149,AB 600-5 TP 2,
79287910,98VB0026L,,Verbreiterung - AB 600-5 TP2 - 750L,26,750,15.0
79287909,98VB0026L,,Verbreiterung - AB 600-5 TP2 - 750L,55,,11.0
79287908,98VB0026L,,Verbreiterung - AB 600-5 TP2 - 750L,73,,15.0
79287907,98VB0026L,,Verbreiterung - AB 600-5 TP2 - 750L,63,,15.0
79287903,97VB0013R,,Verbreiterung - AB 600-5 TP2 - 375R,149,AB 600-5 TP 2,
79287902,97VB0013R,,Verbreiterung - AB 600-5 TP2 - 375R,26,375,15.0
79287901,97VB0013R,,Verbreiterung - AB 600-5 TP2 - 375R,55,,11.0
79287900,97VB0013R,,Verbreiterung - AB 600-5 TP2 - 375R,73,,15.0
79287899,97VB0013R,,Verbreiterung - AB 600-5 TP2 - 375R,63,,15.0
79287895,97VB0013L,,Verbreiterung - AB 600-5 TP2 - 375L,149,AB 600-5 TP 2,
79287894,97VB0013L,,Verbreiterung - AB 600-5 TP2 - 375L,26,375,15.0
79287893,97VB0013L,,Verbreiterung - AB 600-5 TP2 - 375L,55,,11.0
79287892,97VB0013L,,Verbreiterung - AB 600-5 TP2 - 375L,73,,15.0
79287891,97VB0013L,,Verbreiterung - AB 600-5 TP2 - 375L,63,,15.0
79287887,11190353,,Super 1900-5i,156,,
79287886,11190353,,Super 1900-5i,152,bis 400,15.0
79287885,11190353,,Super 1900-5i,52,Nein,
79287884,11190353,,Super 1900-5i,38,"9,75",14.0
79287883,11190353,,Super 1900-5i,37,"9,75",14.0
79287882,11190353,,Super 1900-5i,36,"3,00 - 6,00",14.0
79287881,11190353,,Super 1900-5i,149,AB 600-5 TP 2,
79287880,11190353,,Super 1900-5i,73,,15.0
79287879,11190353,,Super 1900-5i,89,6.8L PVS,
79287878,11190353,,Super 1900-5i,88,149,10.0
79287876,11190353,,Super 1900-5i,35,Ja,
79287875,11190353,,Super 1900-5i,127,,
79287874,11190353,,Super 1900-5i,148,,
79287873,11190353,,Super 1900-5i,8,,
79287872,11190353,,Super 1900-5i,26,2550,15.0
79287871,11190353,,Super 1900-5i,7,Tier 4f,
79287870,11190353,,Super 1900-5i,63,3100,15.0
79287869,11190353,,Super 1900-5i,87,John Deere,
79287868,11190353,,Super 1900-5i,27,,
79287867,11190353,,Super 1900-5i,23,Nein,
79287866,11190353,,Super 1900-5i,132,Ja,
79287865,11190353,,Super 1900-5i,34,900,20.0
79287864,11190353,,Super 1900-5i,30,,
79287863,11190353,,Super 1900-5i,6,Stufe V,
79287862,11190353,,Super 1900-5i,55,"23500,00",11.0
79192785,1618,,Mobilair M 26,89,,
79192784,1618,,Mobilair M 26,7,,
79192783,1618,,Mobilair M 26,55,498,11.0
79192782,1618,,Mobilair M 26,73,,15.0
79192781,1618,,Mobilair M 26,33,7,6.0
79192780,1618,,Mobilair M 26,87,,
79192779,1618,,Mobilair M 26,29,Ja,
79192778,1618,,Mobilair M 26,14,7,6.0
79192777,1618,,Mobilair M 26,6,,
79192776,1618,,Mobilair M 26,30,,
79192775,1618,,Mobilair M 26,88,18,10.0
79192774,1618,,Mobilair M 26,63,,15.0
79192773,1618,,Mobilair M 26,23,,
79192772,1618,,Mobilair M 26,26,,15.0
79027311,SBK21759-3,,TL 1200,154,21 - 26,19.0
79027310,SBK21759-3,,TL 1200,26,1200,15.0
79027309,SBK21759-3,,TL 1200,65,"0,990",16.0
79027308,SBK21759-3,,TL 1200,73,,15.0
79027307,SBK21759-3,,TL 1200,147,CAT J350,
79027306,SBK21759-3,,TL 1200,12,5,18.0
79027305,SBK21759-3,,TL 1200,113,OQ 70/55,
79027304,SBK21759-3,,TL 1200,109,OilQuick,
79027303,SBK21759-3,,TL 1200,63,,15.0
79027302,SBK21759-3,,TL 1200,55,,11.0
79027301,SBK21759-3,,TL 1200,114,1200,15.0
79027297,HYD15695,,MX20 G,160,B,
79027296,HYD15695,,MX20 G,99,,
79027295,HYD15695,,MX20 G,69,,
79027294,HYD15695,,MX20 G,83,,
79027293,HYD15695,,MX20 G,23,,
79027292,HYD15695,,MX20 G,78,,15.0
79027291,HYD15695,,MX20 G,26,2530,15.0
79027290,HYD15695,,MX20 G,113,,
79027289,HYD15695,,MX20 G,40,,12.0
79027288,HYD15695,,MX20 G,87,,
79027287,HYD15695,,MX20 G,128,,
79027286,HYD15695,,MX20 G,73,9720,15.0
79027285,HYD15695,,MX20 G,141,,
79027284,HYD15695,,MX20 G,6,,
79027283,HYD15695,,MX20 G,11,,
79027282,HYD15695,,MX20 G,111,,
79027281,HYD15695,,MX20 G,112,,
79027280,HYD15695,,MX20 G,109,,
79027279,HYD15695,,MX20 G,55,20100,11.0
79027278,HYD15695,,MX20 G,110,,
79027277,HYD15695,,MX20 G,56,,15.0
79027276,HYD15695,,MX20 G,30,,
79027275,HYD15695,,MX20 G,89,,
79027274,HYD15695,,MX20 G,148,,
79027273,HYD15695,,MX20 G,57,,
79027272,HYD15695,,MX20 G,120,,
79027271,HYD15695,,MX20 G,88,129,10.0
79027270,HYD15695,,MX20 G,7,,
79027269,HYD15695,,MX20 G,137,,
79027268,HYD15695,,MX20 G,101,,
79027267,HYD15695,,MX20 G,58,,
79027266,HYD15695,,MX20 G,140,,
79027265,HYD15695,,MX20 G,107,,
79027264,HYD15695,,MX20 G,63,3120,15.0
79027263,HYD15695,,MX20 G,106,,
79027262,HYD15695,,MX20 G,60,,
77352894,241003266,,HRYW 35 T5 S5,89,,
77352893,241003266,,HRYW 35 T5 S5,26,,15.0
77352892,241003266,,HRYW 35 T5 S5,88,,10.0
77352891,241003266,,HRYW 35 T5 S5,93,,5.0
77352890,241003266,,HRYW 35 T5 S5,7,,
77352889,241003266,,HRYW 35 T5 S5,87,,
77352888,241003266,,HRYW 35 T5 S5,6,,
77352887,241003266,,HRYW 35 T5 S5,76,,10.0
77352886,241003266,,HRYW 35 T5 S5,118,,
77352885,241003266,,HRYW 35 T5 S5,48,,3.0
77352884,241003266,,HRYW 35 T5 S5,55,,11.0
77352883,241003266,,HRYW 35 T5 S5,75,,9.0
77352882,241003266,,HRYW 35 T5 S5,74,,17.0
77352881,241003266,,HRYW 35 T5 S5,29,,
77352880,241003266,,HRYW 35 T5 S5,28,,9.0
77352879,241003266,,HRYW 35 T5 S5,73,,15.0
77352878,241003266,,HRYW 35 T5 S5,63,,15.0
77352877,241003266,,HRYW 35 T5 S5,30,,
77352876,241003266,,HRYW 35 T5 S5,94,,2.0
77352872,241003265,,HRYW 35 T5 S5,89,,
77352871,241003265,,HRYW 35 T5 S5,26,,15.0
77352870,241003265,,HRYW 35 T5 S5,88,,10.0
77352869,241003265,,HRYW 35 T5 S5,93,,5.0
77352868,241003265,,HRYW 35 T5 S5,7,,
77352867,241003265,,HRYW 35 T5 S5,87,,
77352866,241003265,,HRYW 35 T5 S5,6,,
77352865,241003265,,HRYW 35 T5 S5,76,,10.0
77352864,241003265,,HRYW 35 T5 S5,118,,
77352863,241003265,,HRYW 35 T5 S5,48,,3.0
77352862,241003265,,HRYW 35 T5 S5,55,,11.0
77352861,241003265,,HRYW 35 T5 S5,75,,9.0
77352860,241003265,,HRYW 35 T5 S5,74,,17.0
77352859,241003265,,HRYW 35 T5 S5,29,,
77352858,241003265,,HRYW 35 T5 S5,28,,9.0
77352857,241003265,,HRYW 35 T5 S5,73,,15.0
77352856,241003265,,HRYW 35 T5 S5,63,,15.0
77352855,241003265,,HRYW 35 T5 S5,30,,
77352854,241003265,,HRYW 35 T5 S5,94,,2.0
77082005,52105,18390,250 EC-B 12 Litronic,53,,19.0
77082004,52105,18390,250 EC-B 12 Litronic,146,,
77082003,52105,18390,250 EC-B 12 Litronic,69,,
77082002,52105,18390,250 EC-B 12 Litronic,19,,14.0
77082001,52105,18390,250 EC-B 12 Litronic,148,,
77082000,52105,18390,250 EC-B 12 Litronic,48,,3.0
77081999,52105,18390,250 EC-B 12 Litronic,93,,5.0
77081998,52105,18390,250 EC-B 12 Litronic,18,,14.0
77081997,52105,18390,250 EC-B 12 Litronic,131,,11.0
77081996,52105,18390,250 EC-B 12 Litronic,59,,14.0
77081995,52105,18390,250 EC-B 12 Litronic,66,,
77081994,52105,18390,250 EC-B 12 Litronic,94,,2.0
77081993,52105,18390,250 EC-B 12 Litronic,130,,11.0
77081992,52105,18390,250 EC-B 12 Litronic,76,,10.0
77081991,52105,18390,250 EC-B 12 Litronic,133,,
77081990,52105,18390,250 EC-B 12 Litronic,5,,
77081989,52105,18390,250 EC-B 12 Litronic,50,,
76578911,20747-2,,TL 800,154,,19.0
76578910,20747-2,,TL 800,110,,
76578909,20747-2,,TL 800,26,,15.0
76578908,20747-2,,TL 800,65,,16.0
76578907,20747-2,,TL 800,73,,15.0
76578906,20747-2,,TL 800,147,,
76578905,20747-2,,TL 800,12,,18.0
76578904,20747-2,,TL 800,113,,
76578903,20747-2,,TL 800,109,,
76578902,20747-2,,TL 800,63,,15.0
76578901,20747-2,,TL 800,55,,11.0
76578900,20747-2,,TL 800,114,,15.0
76578896,21758-9,,TL 600,154,,19.0
76578895,21758-9,,TL 600,110,,
76578894,21758-9,,TL 600,26,,15.0
76578893,21758-9,,TL 600,65,,16.0
76578892,21758-9,,TL 600,73,,15.0
76578891,21758-9,,TL 600,147,,
76578890,21758-9,,TL 600,12,,18.0
76578889,21758-9,,TL 600,113,,
76578888,21758-9,,TL 600,109,,
76578887,21758-9,,TL 600,63,,15.0
76578886,21758-9,,TL 600,55,,11.0
76578885,21758-9,,TL 600,114,,15.0
76578881,LA08-04265,,SK 230 SRLC-5,99,,
76578880,LA08-04265,,SK 230 SRLC-5,112,,
76578879,LA08-04265,,SK 230 SRLC-5,148,,
76578878,LA08-04265,,SK 230 SRLC-5,137,,
76578877,LA08-04265,,SK 230 SRLC-5,63,,15.0
76578876,LA08-04265,,SK 230 SRLC-5,141,,
76578875,LA08-04265,,SK 230 SRLC-5,58,,
76578874,LA08-04265,,SK 230 SRLC-5,88,124,10.0
76578873,LA08-04265,,SK 230 SRLC-5,87,,
76578872,LA08-04265,,SK 230 SRLC-5,69,,
76578871,LA08-04265,,SK 230 SRLC-5,113,,
76578870,LA08-04265,,SK 230 SRLC-5,30,,
76578869,LA08-04265,,SK 230 SRLC-5,120,,
76578868,LA08-04265,,SK 230 SRLC-5,107,,
76578867,LA08-04265,,SK 230 SRLC-5,83,,
76578866,LA08-04265,,SK 230 SRLC-5,24,,15.0
76578865,LA08-04265,,SK 230 SRLC-5,55,27400,11.0
76578864,LA08-04265,,SK 230 SRLC-5,109,,
76578863,LA08-04265,,SK 230 SRLC-5,57,,
76578862,LA08-04265,,SK 230 SRLC-5,6,,
76578861,LA08-04265,,SK 230 SRLC-5,7,,
76578860,LA08-04265,,SK 230 SRLC-5,110,,
76578859,LA08-04265,,SK 230 SRLC-5,73,,15.0
76578858,LA08-04265,,SK 230 SRLC-5,140,,
76578857,LA08-04265,,SK 230 SRLC-5,23,,
76578856,LA08-04265,,SK 230 SRLC-5,111,,
76578855,LA08-04265,,SK 230 SRLC-5,26,,15.0
76578854,LA08-04265,,SK 230 SRLC-5,128,,
76578853,LA08-04265,,SK 230 SRLC-5,89,,
76578852,LA08-04265,,SK 230 SRLC-5,56,,15.0
76578851,LA08-04265,,SK 230 SRLC-5,106,,
76578850,LA08-04265,,SK 230 SRLC-5,60,,
76578849,LA08-04265,,SK 230 SRLC-5,78,,15.0
76314799,125105053,,TB 250-2,99,,
76314798,125105053,,TB 250-2,141,,
76314797,125105053,,TB 250-2,110,,
76314796,125105053,,TB 250-2,23,,
76314795,125105053,,TB 250-2,137,,
76314794,125105053,,TB 250-2,26,,15.0
76314793,125105053,,TB 250-2,112,,
76314792,125105053,,TB 250-2,108,,
76314791,125105053,,TB 250-2,55,,11.0
76314790,125105053,,TB 250-2,69,,
76314789,125105053,,TB 250-2,73,,15.0
76314788,125105053,,TB 250-2,6,,
76314787,125105053,,TB 250-2,145,,
76314786,125105053,,TB 250-2,63,,15.0
76314785,125105053,,TB 250-2,66,,
76314784,125105053,,TB 250-2,148,,
76314783,125105053,,TB 250-2,120,,
76314782,125105053,,TB 250-2,56,,15.0
76314781,125105053,,TB 250-2,57,,
76314780,125105053,,TB 250-2,128,,
76314779,125105053,,TB 250-2,60,,
76314778,125105053,,TB 250-2,89,,
76314777,125105053,,TB 250-2,111,,
76314776,125105053,,TB 250-2,58,,
76314775,125105053,,TB 250-2,88,,10.0
76314774,125105053,,TB 250-2,7,,
76314773,125105053,,TB 250-2,113,,
76314772,125105053,,TB 250-2,109,,
76314771,125105053,,TB 250-2,30,,
76314770,125105053,,TB 250-2,87,,
76314769,125105053,,TB 250-2,106,,
76314768,125105053,,TB 250-2,140,,
76314767,125105053,,TB 250-2,78,,15.0
76072347,,,Verschmälerung - AB 220-3 TV - R,149,AB 220-3 TV,
76072346,,,Verschmälerung - AB 220-3 TV - R,26,,15.0
76072345,,,Verschmälerung - AB 220-3 TV - R,55,,11.0
76072344,,,Verschmälerung - AB 220-3 TV - R,73,,15.0
76072343,,,Verschmälerung - AB 220-3 TV - R,63,,15.0
76072339,,,Verschmälerung - AB 220-3 TV - L,149,AB 220-3 TV,
76072338,,,Verschmälerung - AB 220-3 TV - L,26,,15.0
76072337,,,Verschmälerung - AB 220-3 TV - L,55,,11.0
76072336,,,Verschmälerung - AB 220-3 TV - L,73,,15.0
76072335,,,Verschmälerung - AB 220-3 TV - L,63,,15.0
76072331,65VB1274R,,Verbreiterung - AB 220-3 TV - 500R,149,AB 220-3 TV,
76072330,65VB1274R,,Verbreiterung - AB 220-3 TV - 500R,26,500,15.0
76072326,65VB1274L,,Verbreiterung - AB 220-3 TV - 500L,149,AB 220-3 TV,
76072325,65VB1274L,,Verbreiterung - AB 220-3 TV - 500L,26,500,15.0
76072321,09901269,,Super 800i,152,bis 20,15.0
76072320,09901269,,Super 800i,52,Nein,
76072319,09901269,,Super 800i,38,"3,20",14.0
76072318,09901269,,Super 800i,37,"3,20",14.0
76072317,09901269,,Super 800i,36,"1,20 - 2,20",14.0
76072316,09901269,,Super 800i,149,AB 220-3 TV,
76072315,09901269,,Super 800i,73,4760,15.0
76072314,09901269,,Super 800i,89,TCD 2.9 L4,
76072313,09901269,,Super 800i,88,"55,4",10.0
76072311,09901269,,Super 800i,35,Ja,
76072310,09901269,,Super 800i,127,Nein,
76072309,09901269,,Super 800i,148,Nein,
76072308,09901269,,Super 800i,8,Nein,
76072307,09901269,,Super 800i,26,1400,15.0
76072306,09901269,,Super 800i,7,Tier 4f,
76072305,09901269,,Super 800i,63,1980,15.0
76072304,09901269,,Super 800i,87,Deutz,
76072303,09901269,,Super 800i,27,mechanisch,
76072302,09901269,,Super 800i,23,Nein,
76072301,09901269,,Super 800i,132,Nein,
76072300,09901269,,Super 800i,34,300,20.0
76072299,09901269,,Super 800i,30,Ja,
76072298,09901269,,Super 800i,6,Stufe V,
76072297,09901269,,Super 800i,55,6600,11.0
76067973,14110768,,Super 1300-3i,152,bis 25,15.0
76067972,14110768,,Super 1300-3i,52,Nein,
76067971,14110768,,Super 1300-3i,38,"4,50",14.0
76067970,14110768,,Super 1300-3i,37,"4,50",14.0
76067969,14110768,,Super 1300-3i,36,"1,80 - 3,40",14.0
76067968,14110768,,Super 1300-3i,149,AB 340-3 TV,
76067967,14110768,,Super 1300-3i,73,4950,15.0
76067966,14110768,,Super 1300-3i,89,TCD 3.6 L4,
76067965,14110768,,Super 1300-3i,88,"74,4",10.0
76067963,14110768,,Super 1300-3i,35,Ja,
76067962,14110768,,Super 1300-3i,127,Nein,
76067961,14110768,,Super 1300-3i,148,Nein,
76067960,14110768,,Super 1300-3i,8,Ja,
76067959,14110768,,Super 1300-3i,26,1850,15.0
76067958,14110768,,Super 1300-3i,7,,
76067957,14110768,,Super 1300-3i,63,3000,15.0
76067956,14110768,,Super 1300-3i,87,Deutz,
76067955,14110768,,Super 1300-3i,27,mechanisch,
76067954,14110768,,Super 1300-3i,23,Nein,
76067953,14110768,,Super 1300-3i,132,Ja,
76067952,14110768,,Super 1300-3i,34,350,20.0
76067951,14110768,,Super 1300-3i,30,Ja,
76067950,14110768,,Super 1300-3i,6,Stufe V,
76067949,14110768,,Super 1300-3i,55,10850,11.0
76066042,01ME0039,,Materialkübel extern,73,,15.0
76066041,01ME0039,,Materialkübel extern,51,Ja,
76066040,01ME0039,,Materialkübel extern,55,1550,11.0
76066039,01ME0039,,Materialkübel extern,65,,16.0
76066038,01ME0039,,Materialkübel extern,26,,15.0
76066037,01ME0039,,Materialkübel extern,63,,15.0
76066033,08610124,,MT 3000-3i Offset,158,Nein,
76066032,08610124,,MT 3000-3i Offset,26,3000,15.0
76066031,08610124,,MT 3000-3i Offset,69,Nein,
76066030,08610124,,MT 3000-3i Offset,62,Nein,
76066029,08610124,,MT 3000-3i Offset,34,1200,20.0
76066028,08610124,,MT 3000-3i Offset,31,Ja,
76066027,08610124,,MT 3000-3i Offset,148,,
76066026,08610124,,MT 3000-3i Offset,43,1200,20.0
76066025,08610124,,MT 3000-3i Offset,30,Ja,
76066024,08610124,,MT 3000-3i Offset,89,TCD 6.1,
76066023,08610124,,MT 3000-3i Offset,22,1100,15.0
76066022,08610124,,MT 3000-3i Offset,73,15290,15.0
76066021,08610124,,MT 3000-3i Offset,8,Nein,
76066020,08610124,,MT 3000-3i Offset,88,160,10.0
76066019,08610124,,MT 3000-3i Offset,6,Stufe V,
76066018,08610124,,MT 3000-3i Offset,7,Tier 4f,
76066017,08610124,,MT 3000-3i Offset,119,Ja,
76066016,08610124,,MT 3000-3i Offset,63,3100,15.0
76066015,08610124,,MT 3000-3i Offset,87,Deutz,
76066014,08610124,,MT 3000-3i Offset,23,Nein,
76066013,08610124,,MT 3000-3i Offset,132,Ja,
76066012,08610124,,MT 3000-3i Offset,55,24300,11.0
76056132,RG004880,,MF 2500CS STG V 2019,26,2550,15.0
76056131,RG004880,,MF 2500CS STG V 2019,69,Nein,
76056130,RG004880,,MF 2500CS STG V 2019,62,Ja,
76056129,RG004880,,MF 2500CS STG V 2019,31,Ja,
76056128,RG004880,,MF 2500CS STG V 2019,148,Ja,
76056127,RG004880,,MF 2500CS STG V 2019,43,4000,20.0
76056126,RG004880,,MF 2500CS STG V 2019,30,Ja,
76056125,RG004880,,MF 2500CS STG V 2019,89,QSB 6.7-C225,
76056124,RG004880,,MF 2500CS STG V 2019,22,1200,15.0
76056123,RG004880,,MF 2500CS STG V 2019,73,9200,15.0
76056122,RG004880,,MF 2500CS STG V 2019,8,Nein,
76056121,RG004880,,MF 2500CS STG V 2019,88,168,10.0
76056120,RG004880,,MF 2500CS STG V 2019,6,Stufe IV,
76056119,RG004880,,MF 2500CS STG V 2019,7,Tier 4f,
76056118,RG004880,,MF 2500CS STG V 2019,63,3100,15.0
76056117,RG004880,,MF 2500CS STG V 2019,87,Cummins,
76056116,RG004880,,MF 2500CS STG V 2019,23,,
76056115,RG004880,,MF 2500CS STG V 2019,132,Ja,
76056114,RG004880,,MF 2500CS STG V 2019,55,20000,11.0
76056110,1000034142,,Materialkübel extern,73,2550,15.0
76056109,1000034142,,Materialkübel extern,51,,
76056108,1000034142,,Materialkübel extern,55,1200,11.0
76056107,1000034142,,Materialkübel extern,65,11,16.0
76056106,1000034142,,Materialkübel extern,26,3700,15.0
76056105,1000034142,,Materialkübel extern,63,2190,15.0
76049145,101586981080,,BW 219 PDH-5,158,,
76049144,101586981080,,BW 219 PDH-5,124,60,1.0
76049143,101586981080,,BW 219 PDH-5,155,,
76049142,101586981080,,BW 219 PDH-5,136,,
76049141,101586981080,,BW 219 PDH-5,123,62,1.0
76049140,101586981080,,BW 219 PDH-5,89,TCD 6.1 L6,
76049139,101586981080,,BW 219 PDH-5,55,21000,11.0
76049138,101586981080,,BW 219 PDH-5,87,Deutz,
76049137,101586981080,,BW 219 PDH-5,7,Tier 4f,
76049136,101586981080,,BW 219 PDH-5,148,,
76049135,101586981080,,BW 219 PDH-5,30,Ja,
76049134,101586981080,,BW 219 PDH-5,13,2130,15.0
76049133,101586981080,,BW 219 PDH-5,135,,11.0
76049132,101586981080,,BW 219 PDH-5,88,150,10.0
76049131,101586981080,,BW 219 PDH-5,69,,
76049130,101586981080,,BW 219 PDH-5,26,2300,15.0
76049129,101586981080,,BW 219 PDH-5,23,,
76049128,101586981080,,BW 219 PDH-5,63,3060,15.0
76049127,101586981080,,BW 219 PDH-5,73,6500,15.0
76049126,101586981080,,BW 219 PDH-5,6,Stufe V,
76041518,527015,18388,O&K - F 156.6 - Grader,10,,
76041517,527015,18388,O&K - F 156.6 - Grader,79,,15.0
76041516,527015,18388,O&K - F 156.6 - Grader,88,,10.0
76041515,527015,18388,O&K - F 156.6 - Grader,40,,12.0
76041514,527015,18388,O&K - F 156.6 - Grader,140,,
76041513,527015,18388,O&K - F 156.6 - Grader,6,,
76041512,527015,18388,O&K - F 156.6 - Grader,26,,15.0
76041511,527015,18388,O&K - F 156.6 - Grader,148,,
76041510,527015,18388,O&K - F 156.6 - Grader,49,,15.0
76041509,527015,18388,O&K - F 156.6 - Grader,30,,
76041508,527015,18388,O&K - F 156.6 - Grader,23,,
76041507,527015,18388,O&K - F 156.6 - Grader,69,,
76041506,527015,18388,O&K - F 156.6 - Grader,7,,
76041505,527015,18388,O&K - F 156.6 - Grader,63,,15.0
76041504,527015,18388,O&K - F 156.6 - Grader,73,,15.0
76041503,527015,18388,O&K - F 156.6 - Grader,87,,
76041502,527015,18388,O&K - F 156.6 - Grader,55,,11.0
76041501,527015,18388,O&K - F 156.6 - Grader,89,,
76041500,527015,18388,O&K - F 156.6 - Grader,141,,
75518063,101870701135,18387,BW 174 AP-4 AM,158,,
75518062,101870701135,18387,BW 174 AP-4 AM,155,,
75518061,101870701135,18387,BW 174 AP-4 AM,69,,
75518060,101870701135,18387,BW 174 AP-4 AM,88,,10.0
75518059,101870701135,18387,BW 174 AP-4 AM,54,,
75518058,101870701135,18387,BW 174 AP-4 AM,30,,
75518057,101870701135,18387,BW 174 AP-4 AM,13,,15.0
75518056,101870701135,18387,BW 174 AP-4 AM,23,,
75518055,101870701135,18387,BW 174 AP-4 AM,73,,15.0
75518054,101870701135,18387,BW 174 AP-4 AM,63,,15.0
75518053,101870701135,18387,BW 174 AP-4 AM,135,,11.0
75518052,101870701135,18387,BW 174 AP-4 AM,70,,
75518051,101870701135,18387,BW 174 AP-4 AM,67,,18.0
75518050,101870701135,18387,BW 174 AP-4 AM,87,,
75518049,101870701135,18387,BW 174 AP-4 AM,96,,
75518048,101870701135,18387,BW 174 AP-4 AM,26,,15.0
75518047,101870701135,18387,BW 174 AP-4 AM,89,,
75518046,101870701135,18387,BW 174 AP-4 AM,55,,11.0
75518045,101870701135,18387,BW 174 AP-4 AM,6,,
75518044,101870701135,18387,BW 174 AP-4 AM,148,,
75518043,101870701135,18387,BW 174 AP-4 AM,7,,
75518042,101870701135,18387,BW 174 AP-4 AM,16,,
75518041,101870701135,18387,BW 174 AP-4 AM,136,,
74750490,0820 0555,18384,W 1500,45,,15.0
74750489,0820 0555,18384,W 1500,23,,
74750488,0820 0555,18384,W 1500,8,,
74750487,0820 0555,18384,W 1500,6,,
74750486,0820 0555,18384,W 1500,142,,
74750485,0820 0555,18384,W 1500,69,,
74750484,0820 0555,18384,W 1500,26,,15.0
74750483,0820 0555,18384,W 1500,89,,
74750482,0820 0555,18384,W 1500,143,,
74750481,0820 0555,18384,W 1500,46,,18.0
74750480,0820 0555,18384,W 1500,87,,
74750479,0820 0555,18384,W 1500,30,,
74750478,0820 0555,18384,W 1500,77,,
74750477,0820 0555,18384,W 1500,148,,
74750476,0820 0555,18384,W 1500,9,,
74750475,0820 0555,18384,W 1500,47,,15.0
74750474,0820 0555,18384,W 1500,41,,
74750473,0820 0555,18384,W 1500,73,,15.0
74750472,0820 0555,18384,W 1500,63,,15.0
74750471,0820 0555,18384,W 1500,144,,
74750470,0820 0555,18384,W 1500,122,,
74750469,0820 0555,18384,W 1500,88,,10.0
74750468,0820 0555,18384,W 1500,61,,
74750467,0820 0555,18384,W 1500,7,,
74750466,0820 0555,18384,W 1500,55,,11.0
74734339,1000033749,,Materialkübel extern,73,2550,15.0
74734338,1000033749,,Materialkübel extern,51,Ja,
74734337,1000033749,,Materialkübel extern,55,1200,11.0
74734336,1000033749,,Materialkübel extern,65,11,16.0
74734335,1000033749,,Materialkübel extern,26,3700,15.0
74734334,1000033749,,Materialkübel extern,63,2190,15.0
74731584,RG004829,,MF 2500CS STG V 2019,26,2550,15.0
74731583,RG004829,,MF 2500CS STG V 2019,69,Nein,
74731582,RG004829,,MF 2500CS STG V 2019,62,Ja,
74731581,RG004829,,MF 2500CS STG V 2019,31,Ja,
74731580,RG004829,,MF 2500CS STG V 2019,148,Ja,
74731579,RG004829,,MF 2500CS STG V 2019,43,4000,20.0
74731578,RG004829,,MF 2500CS STG V 2019,30,Ja,
74731577,RG004829,,MF 2500CS STG V 2019,89,QSB 6.7-C225,
74731576,RG004829,,MF 2500CS STG V 2019,22,1200,15.0
74731575,RG004829,,MF 2500CS STG V 2019,73,9200,15.0
74731574,RG004829,,MF 2500CS STG V 2019,8,Nein,
74731573,RG004829,,MF 2500CS STG V 2019,88,168,10.0
74731572,RG004829,,MF 2500CS STG V 2019,6,Stufe IV,
74731571,RG004829,,MF 2500CS STG V 2019,7,Tier 4f,
74731570,RG004829,,MF 2500CS STG V 2019,63,3100,15.0
74731569,RG004829,,MF 2500CS STG V 2019,87,Cummins,
74731568,RG004829,,MF 2500CS STG V 2019,23,Nein,
74731567,RG004829,,MF 2500CS STG V 2019,132,Ja,
74731566,RG004829,,MF 2500CS STG V 2019,55,20000,11.0
74354150,1220 0351,18382,W 200,45,,15.0
74354149,1220 0351,18382,W 200,23,,
74354148,1220 0351,18382,W 200,8,,
74354147,1220 0351,18382,W 200,6,,
74354146,1220 0351,18382,W 200,142,,
74354145,1220 0351,18382,W 200,69,,
74354144,1220 0351,18382,W 200,26,,15.0
74354143,1220 0351,18382,W 200,89,,
74354142,1220 0351,18382,W 200,143,,
74354141,1220 0351,18382,W 200,46,,18.0
74354140,1220 0351,18382,W 200,87,,
74354139,1220 0351,18382,W 200,30,,
74354138,1220 0351,18382,W 200,77,,
74354137,1220 0351,18382,W 200,148,,
74354136,1220 0351,18382,W 200,9,,
74354135,1220 0351,18382,W 200,47,,15.0
74354134,1220 0351,18382,W 200,41,,
74354133,1220 0351,18382,W 200,73,,15.0
74354132,1220 0351,18382,W 200,63,,15.0
74354131,1220 0351,18382,W 200,144,,
74354130,1220 0351,18382,W 200,122,,
74354129,1220 0351,18382,W 200,88,,10.0
74354128,1220 0351,18382,W 200,61,,
74354127,1220 0351,18382,W 200,7,,
74354126,1220 0351,18382,W 200,55,,11.0
72920534,12200244,18377,W 200,45,,15.0
72920533,12200244,18377,W 200,23,,
72920532,12200244,18377,W 200,8,,
72920531,12200244,18377,W 200,6,,
72920530,12200244,18377,W 200,142,,
72920529,12200244,18377,W 200,69,,
72920528,12200244,18377,W 200,26,,15.0
72920527,12200244,18377,W 200,89,,
72920526,12200244,18377,W 200,143,,
72920525,12200244,18377,W 200,46,,18.0
72920524,12200244,18377,W 200,87,,
72920523,12200244,18377,W 200,30,,
72920522,12200244,18377,W 200,77,,
72920521,12200244,18377,W 200,148,,
72920520,12200244,18377,W 200,9,,
72920519,12200244,18377,W 200,47,,15.0
72920518,12200244,18377,W 200,41,,
72920517,12200244,18377,W 200,73,,15.0
72920516,12200244,18377,W 200,63,,15.0
72920515,12200244,18377,W 200,144,,
72920514,12200244,18377,W 200,122,,
72920513,12200244,18377,W 200,88,,10.0
72920512,12200244,18377,W 200,61,,
72920511,12200244,18377,W 200,7,,
72920510,12200244,18377,W 200,55,,11.0
72920097,63921080,18371,CC 722,158,,
72920096,63921080,18371,CC 722,155,,
72920095,63921080,18371,CC 722,69,,
72920094,63921080,18371,CC 722,88,,10.0
72920093,63921080,18371,CC 722,54,,
72920092,63921080,18371,CC 722,30,,
72920091,63921080,18371,CC 722,13,,15.0
72920090,63921080,18371,CC 722,23,,
72920089,63921080,18371,CC 722,73,,15.0
72920088,63921080,18371,CC 722,63,,15.0
72920087,63921080,18371,CC 722,135,,11.0
72920086,63921080,18371,CC 722,70,,
72920085,63921080,18371,CC 722,67,,18.0
72920084,63921080,18371,CC 722,87,,
72920083,63921080,18371,CC 722,96,,
72920082,63921080,18371,CC 722,26,,15.0
72920081,63921080,18371,CC 722,89,,
72920080,63921080,18371,CC 722,55,,11.0
72920079,63921080,18371,CC 722,6,,
72920078,63921080,18371,CC 722,148,,
72920077,63921080,18371,CC 722,7,,
72920076,63921080,18371,CC 722,16,,
72920075,63921080,18371,CC 722,136,,
72786927,101871121032,,BW 154 ACP-5 AM,54,Ja,
72786926,101871121032,,BW 154 ACP-5 AM,70,Nein,
72786925,101871121032,,BW 154 ACP-5 AM,67,1,18.0
72786924,101871121032,,BW 154 ACP-5 AM,96,Nein,
72786923,101871121032,,BW 154 ACP-5 AM,16,Ja,
72786922,101871121032,,BW 154 ACP-5 AM,135,,11.0
72786921,101871121032,,BW 154 ACP-5 AM,136,,
72786920,101871121032,,BW 154 ACP-5 AM,13,1500,15.0
72786919,101871121032,,BW 154 ACP-5 AM,148,Nein,
72786918,101871121032,,BW 154 ACP-5 AM,69,Ja,
72786917,101871121032,,BW 154 ACP-5 AM,23,Nein,
72786916,101871121032,,BW 154 ACP-5 AM,30,Ja,
72786915,101871121032,,BW 154 ACP-5 AM,7,Tier 4f,
72786914,101871121032,,BW 154 ACP-5 AM,6,Stufe V,
72786913,101871121032,,BW 154 ACP-5 AM,88,"55,4",10.0
72786912,101871121032,,BW 154 ACP-5 AM,89,V3307-T,
72786911,101871121032,,BW 154 ACP-5 AM,87,Kubota,
72786910,101871121032,,BW 154 ACP-5 AM,55,7650,11.0
72786909,101871121032,,BW 154 ACP-5 AM,26,1680,15.0
72786908,101871121032,,BW 154 ACP-5 AM,63,3020,15.0
72786907,101871121032,,BW 154 ACP-5 AM,73,3990,15.0
71751672,216027220,,TB 216 A,128,Nein,
71751671,216027220,,TB 216 A,60,Ja,
71751670,216027220,,TB 216 A,110,,
71751669,216027220,,TB 216 A,78,1130,15.0
71751668,216027220,,TB 216 A,141,Nein,
71751667,216027220,,TB 216 A,26,980 - 1300,15.0
71751666,216027220,,TB 216 A,73,4040,15.0
71751665,216027220,,TB 216 A,58,Ja,
71751664,216027220,,TB 216 A,106,,
71751663,216027220,,TB 216 A,23,Nein,
71751662,216027220,,TB 216 A,137,Nein,
71751661,216027220,,TB 216 A,63,2355,15.0
71751660,216027220,,TB 216 A,145,Nein,
71751659,216027220,,TB 216 A,111,Ja,
71751658,216027220,,TB 216 A,56,2390,15.0
71751657,216027220,,TB 216 A,7,Tier 4,
71751656,216027220,,TB 216 A,140,Nein,
71751655,216027220,,TB 216 A,87,Yanmar,
71751654,216027220,,TB 216 A,6,,
71751653,216027220,,TB 216 A,66,Ja,
71751652,216027220,,TB 216 A,112,Nein,
71751651,216027220,,TB 216 A,148,Nein,
71751650,216027220,,TB 216 A,120,Ja,
71751649,216027220,,TB 216 A,30,Nein,
71751648,216027220,,TB 216 A,113,,
71751647,216027220,,TB 216 A,109,Lehnhoff,
71751646,216027220,,TB 216 A,108,Ja,
71751645,216027220,,TB 216 A,69,Nein,
71751644,216027220,,TB 216 A,88,"11,1",10.0
71751643,216027220,,TB 216 A,89,3TNV70,
71751642,216027220,,TB 216 A,57,,
71751641,216027220,,TB 216 A,55,1865,11.0
71748839,216027221,,TB 216 A,128,Nein,
71748838,216027221,,TB 216 A,60,Ja,
71748837,216027221,,TB 216 A,110,,
71748836,216027221,,TB 216 A,78,1130,15.0
71748835,216027221,,TB 216 A,141,Nein,
71748834,216027221,,TB 216 A,26,980 - 1300,15.0
71748833,216027221,,TB 216 A,73,4040,15.0
71748832,216027221,,TB 216 A,58,Ja,
71748831,216027221,,TB 216 A,106,,
71748830,216027221,,TB 216 A,23,Nein,
71748829,216027221,,TB 216 A,137,Nein,
71748828,216027221,,TB 216 A,63,2355,15.0
71748827,216027221,,TB 216 A,145,Nein,
71748826,216027221,,TB 216 A,111,Ja,
71748825,216027221,,TB 216 A,56,2390,15.0
71748824,216027221,,TB 216 A,7,Tier 4,
71748823,216027221,,TB 216 A,140,Nein,
71748822,216027221,,TB 216 A,87,Yanmar,
71748821,216027221,,TB 216 A,6,,
71748820,216027221,,TB 216 A,66,Ja,
71748819,216027221,,TB 216 A,112,Nein,
71748818,216027221,,TB 216 A,148,Nein,
71748817,216027221,,TB 216 A,120,Ja,
71748816,216027221,,TB 216 A,30,Nein,
71748815,216027221,,TB 216 A,113,,
71748814,216027221,,TB 216 A,109,Lehnhoff,
71748813,216027221,,TB 216 A,108,Ja,
71748812,216027221,,TB 216 A,69,Nein,
71748811,216027221,,TB 216 A,88,"11,1",10.0
71748810,216027221,,TB 216 A,89,3TNV70,
71748809,216027221,,TB 216 A,57,,
71748808,216027221,,TB 216 A,55,1865,11.0
71136255,YA30637739D0204056,,XAS 87,89,,
71136254,YA30637739D0204056,,XAS 87,7,,
71136253,YA30637739D0204056,,XAS 87,55,,11.0
71136252,YA30637739D0204056,,XAS 87,73,,15.0
71136251,YA30637739D0204056,,XAS 87,33,,6.0
71136250,YA30637739D0204056,,XAS 87,87,,
71136249,YA30637739D0204056,,XAS 87,29,,
71136248,YA30637739D0204056,,XAS 87,14,,6.0
71136247,YA30637739D0204056,,XAS 87,6,,
71136246,YA30637739D0204056,,XAS 87,30,,
71136245,YA30637739D0204056,,XAS 87,88,,10.0
71136244,YA30637739D0204056,,XAS 87,63,,15.0
71136243,YA30637739D0204056,,XAS 87,23,,
71136242,YA30637739D0204056,,XAS 87,26,,15.0
71102179,1857480,18372,L 30 B,160,,
71102178,1857480,18372,L 30 B,110,,
71102177,1857480,18372,L 30 B,73,,15.0
71102176,1857480,18372,L 30 B,89,,
71102175,1857480,18372,L 30 B,112,,
71102174,1857480,18372,L 30 B,63,,15.0
71102173,1857480,18372,L 30 B,40,,12.0
71102172,1857480,18372,L 30 B,95,,11.0
71102171,1857480,18372,L 30 B,26,,15.0
71102170,1857480,18372,L 30 B,7,,
71102169,1857480,18372,L 30 B,30,,
71102168,1857480,18372,L 30 B,126,,
71102167,1857480,18372,L 30 B,148,,
71102166,1857480,18372,L 30 B,113,,
71102165,1857480,18372,L 30 B,111,,
71102164,1857480,18372,L 30 B,70,,
71102163,1857480,18372,L 30 B,11,,
71102162,1857480,18372,L 30 B,23,,
71102161,1857480,18372,L 30 B,87,,
71102160,1857480,18372,L 30 B,55,,11.0
71102159,1857480,18372,L 30 B,69,,
71102158,1857480,18372,L 30 B,109,,
71102157,1857480,18372,L 30 B,88,,10.0
71102156,1857480,18372,L 30 B,6,,
71102152,PER00793,18374,D 6 N XL,87,,
71102151,PER00793,18374,D 6 N XL,63,,15.0
71102150,PER00793,18374,D 6 N XL,134,,15.0
71102149,PER00793,18374,D 6 N XL,68,,
71102148,PER00793,18374,D 6 N XL,140,,
71102147,PER00793,18374,D 6 N XL,7,,
71102146,PER00793,18374,D 6 N XL,69,,
71102145,PER00793,18374,D 6 N XL,88,,10.0
71102144,PER00793,18374,D 6 N XL,125,,15.0
71102143,PER00793,18374,D 6 N XL,55,,11.0
71102142,PER00793,18374,D 6 N XL,89,,
71102141,PER00793,18374,D 6 N XL,148,,
71102140,PER00793,18374,D 6 N XL,6,,
71102139,PER00793,18374,D 6 N XL,26,,15.0
71102138,PER00793,18374,D 6 N XL,23,,
71102137,PER00793,18374,D 6 N XL,121,,15.0
71102136,PER00793,18374,D 6 N XL,141,,
71102135,PER00793,18374,D 6 N XL,30,,
71102134,PER00793,18374,D 6 N XL,97,,15.0
71102133,PER00793,18374,D 6 N XL,24,,15.0
71102132,PER00793,18374,D 6 N XL,73,,15.0
71102128,MEL00109,18373,D 6 T XL mit GPS Trimble,87,,
71102127,MEL00109,18373,D 6 T XL mit GPS Trimble,63,,15.0
71102126,MEL00109,18373,D 6 T XL mit GPS Trimble,134,,15.0
71102125,MEL00109,18373,D 6 T XL mit GPS Trimble,68,,
71102124,MEL00109,18373,D 6 T XL mit GPS Trimble,140,,
71102123,MEL00109,18373,D 6 T XL mit GPS Trimble,7,,
71102122,MEL00109,18373,D 6 T XL mit GPS Trimble,69,,
71102121,MEL00109,18373,D 6 T XL mit GPS Trimble,88,,10.0
71102120,MEL00109,18373,D 6 T XL mit GPS Trimble,125,,15.0
71102119,MEL00109,18373,D 6 T XL mit GPS Trimble,55,,11.0
71102118,MEL00109,18373,D 6 T XL mit GPS Trimble,89,,
71102117,MEL00109,18373,D 6 T XL mit GPS Trimble,148,,
71102116,MEL00109,18373,D 6 T XL mit GPS Trimble,6,,
71102115,MEL00109,18373,D 6 T XL mit GPS Trimble,26,,15.0
71102114,MEL00109,18373,D 6 T XL mit GPS Trimble,23,,
71102113,MEL00109,18373,D 6 T XL mit GPS Trimble,121,,15.0
71102112,MEL00109,18373,D 6 T XL mit GPS Trimble,141,,
71102111,MEL00109,18373,D 6 T XL mit GPS Trimble,30,,
71102110,MEL00109,18373,D 6 T XL mit GPS Trimble,97,,15.0
71102109,MEL00109,18373,D 6 T XL mit GPS Trimble,24,,15.0
71102108,MEL00109,18373,D 6 T XL mit GPS Trimble,73,,15.0
70958615,40889-3,,GRL 1000,26,,15.0
70958614,40889-3,,GRL 1000,55,,11.0
70958613,40889-3,,GRL 1000,110,QC01,
70958612,40889-3,,GRL 1000,109,,
70958611,40889-3,,GRL 1000,73,1000,15.0
70958610,40889-3,,GRL 1000,63,,15.0
70958606,62201296/20,,TL 300,154,"0,1 - 1,0",19.0
70958605,62201296/20,,TL 300,65,"0,020",16.0
70958604,62201296/20,,TL 300,114,300,15.0
70958603,62201296/20,,TL 300,147,Mini-Z 1,
70958602,62201296/20,,TL 300,12,3,
70958601,62201296/20,,TL 300,110,QC01,
70958600,62201296/20,,TL 300,109,Henle,
70958599,62201296/20,,TL 300,55,,11.0
70958598,62201296/20,,TL 300,63,,15.0
70958597,62201296/20,,TL 300,26,300,15.0
70958596,62201296/20,,TL 300,73,,15.0
70958592,CAT3009DPLJM03511,,300.9D,99,,
70958591,CAT3009DPLJM03511,,300.9D,128,,
70958590,CAT3009DPLJM03511,,300.9D,60,,
70958589,CAT3009DPLJM03511,,300.9D,110,,
70958588,CAT3009DPLJM03511,,300.9D,78,,15.0
70958587,CAT3009DPLJM03511,,300.9D,141,,
70958586,CAT3009DPLJM03511,,300.9D,26,730,15.0
70958585,CAT3009DPLJM03511,,300.9D,73,2746,15.0
70958584,CAT3009DPLJM03511,,300.9D,58,,
70958583,CAT3009DPLJM03511,,300.9D,106,,
70958582,CAT3009DPLJM03511,,300.9D,23,,
70958581,CAT3009DPLJM03511,,300.9D,137,,
70958580,CAT3009DPLJM03511,,300.9D,63,1507 / 2276,15.0
70958579,CAT3009DPLJM03511,,300.9D,145,,
70958578,CAT3009DPLJM03511,,300.9D,111,,
70958577,CAT3009DPLJM03511,,300.9D,56,,15.0
70958576,CAT3009DPLJM03511,,300.9D,7,Tier 4f,
70958575,CAT3009DPLJM03511,,300.9D,140,,
70958574,CAT3009DPLJM03511,,300.9D,87,Yanmar,
70958573,CAT3009DPLJM03511,,300.9D,6,Stufe V,
70958572,CAT3009DPLJM03511,,300.9D,66,,
70958571,CAT3009DPLJM03511,,300.9D,112,,
70958570,CAT3009DPLJM03511,,300.9D,148,,
70958569,CAT3009DPLJM03511,,300.9D,120,,
70958568,CAT3009DPLJM03511,,300.9D,30,,
70958567,CAT3009DPLJM03511,,300.9D,113,,
70958566,CAT3009DPLJM03511,,300.9D,109,,
70958565,CAT3009DPLJM03511,,300.9D,108,,
70958564,CAT3009DPLJM03511,,300.9D,69,,
70958563,CAT3009DPLJM03511,,300.9D,88,"9,6",10.0
70958562,CAT3009DPLJM03511,,300.9D,89,31NV70,
70958561,CAT3009DPLJM03511,,300.9D,57,,
70958560,CAT3009DPLJM03511,,300.9D,55,935,11.0
70730952,13100452,18376,W 100 Fi,45,1000,
70730951,13100452,18376,W 100 Fi,23,,
70730950,13100452,18376,W 100 Fi,8,,
70730949,13100452,18376,W 100 Fi,6,Stufe III B,
70730948,13100452,18376,W 100 Fi,142,,
70730947,13100452,18376,W 100 Fi,69,,
70730946,13100452,18376,W 100 Fi,26,2575,
70730945,13100452,18376,W 100 Fi,89,QSL 9,
70730944,13100452,18376,W 100 Fi,143,,
70730943,13100452,18376,W 100 Fi,46,,
70730942,13100452,18376,W 100 Fi,87,,
70730941,13100452,18376,W 100 Fi,55,18700,
70730940,13100452,18376,W 100 Fi,30,,
70730939,13100452,18376,W 100 Fi,77,,
70730938,13100452,18376,W 100 Fi,148,,
70730937,13100452,18376,W 100 Fi,9,,
70730936,13100452,18376,W 100 Fi,47,320,
70730935,13100452,18376,W 100 Fi,41,,
70730934,13100452,18376,W 100 Fi,73,10685,
70730933,13100452,18376,W 100 Fi,63,3000,
70730932,13100452,18376,W 100 Fi,144,,
70730931,13100452,18376,W 100 Fi,122,,
70730930,13100452,18376,W 100 Fi,88,224,
70730929,13100452,18376,W 100 Fi,61,,
70730928,13100452,18376,W 100 Fi,7,Tier 4,
70069688,101996,,Klappschaufel - 906/907/908,114,,15.0
70069687,101996,,Klappschaufel - 906/907/908,109,Caterpillar,
70069686,101996,,Klappschaufel - 906/907/908,73,,15.0
70069685,101996,,Klappschaufel - 906/907/908,65,,16.0
70069684,101996,,Klappschaufel - 906/907/908,63,,15.0
70069683,101996,,Klappschaufel - 906/907/908,55,,11.0
70069682,101996,,Klappschaufel - 906/907/908,26,,15.0
70069681,101996,,Klappschaufel - 906/907/908,23,,
70069677,101995,,Klappschaufel - 906/907/908,114,,15.0
70069676,101995,,Klappschaufel - 906/907/908,109,Caterpillar,
70069675,101995,,Klappschaufel - 906/907/908,73,,15.0
70069674,101995,,Klappschaufel - 906/907/908,65,,16.0
70069673,101995,,Klappschaufel - 906/907/908,63,,15.0
70069672,101995,,Klappschaufel - 906/907/908,55,,11.0
70069671,101995,,Klappschaufel - 906/907/908,26,,15.0
70069670,101995,,Klappschaufel - 906/907/908,23,,
70069654,101990,,Verbreiterung V 1300 V - 175R,149,V 1300 V,
70069653,101990,,Verbreiterung V 1300 V - 175R,26,175,15.0
70069652,101990,,Verbreiterung V 1300 V - 175R,55,,11.0
70069648,101989,,Verbreiterung V 1300 V - 175L,149,V 1300 V,
70069647,101989,,Verbreiterung V 1300 V - 175L,26,175,15.0
70069646,101989,,Verbreiterung V 1300 V - 175L,55,,11.0
70069642,4510066,18365,AFW 150-2,159,Nein (bitte ausschließlich unseren HGT Fertiger anmieten),
70069641,4510066,18365,AFW 150-2,158,Nein,
70069640,4510066,18365,AFW 150-2,156,Nein,
70069639,4510066,18365,AFW 150-2,152,5 - 100,15.0
70069638,4510066,18365,AFW 150-2,52,Ja,
70069637,4510066,18365,AFW 150-2,38,"1,65",14.0
70069636,4510066,18365,AFW 150-2,37,"1,30",14.0
70069635,4510066,18365,AFW 150-2,36,"0,80",14.0
70069634,4510066,18365,AFW 150-2,149,SB 1300 G,
70069633,4510066,18365,AFW 150-2,73,2865,15.0
70069632,4510066,18365,AFW 150-2,89,1B50E,
70069631,4510066,18365,AFW 150-2,88,"7,6",10.0
70069629,4510066,18365,AFW 150-2,35,Nein,
70069628,4510066,18365,AFW 150-2,127,Nein,
70069627,4510066,18365,AFW 150-2,148,Nein,
70069626,4510066,18365,AFW 150-2,8,Nein,
70069625,4510066,18365,AFW 150-2,26,1150,15.0
70069624,4510066,18365,AFW 150-2,7,Tier 4f,
70069623,4510066,18365,AFW 150-2,63,1598,15.0
70069622,4510066,18365,AFW 150-2,87,Hatz,
70069621,4510066,18365,AFW 150-2,27,mechanisch,
70069620,4510066,18365,AFW 150-2,23,Nein,
70069619,4510066,18365,AFW 150-2,132,Nein,
70069618,4510066,18365,AFW 150-2,34,35,20.0
70069617,4510066,18365,AFW 150-2,30,,
70069616,4510066,18365,AFW 150-2,6,,
70069615,4510066,18365,AFW 150-2,55,1260,11.0
69973185,2403780,HEN - 2403780,TL 1200,154,21 - 26,19.0
69973184,2403780,HEN - 2403780,TL 1200,26,1200,15.0
69973183,2403780,HEN - 2403780,TL 1200,65,"0,990",16.0
69973182,2403780,HEN - 2403780,TL 1200,73,1650,15.0
69973181,2403780,HEN - 2403780,TL 1200,147,CAT J350,
69973180,2403780,HEN - 2403780,TL 1200,12,5,18.0
69973179,2403780,HEN - 2403780,TL 1200,113,OQ 70/55,
69973178,2403780,HEN - 2403780,TL 1200,109,OilQuick,
69973177,2403780,HEN - 2403780,TL 1200,63,1300,15.0
69973176,2403780,HEN - 2403780,TL 1200,55,760,11.0
69973175,2403780,HEN - 2403780,TL 1200,114,1200,15.0
69833799,360-3320,,Standardschaufel - 926,55,,11.0
69833798,360-3320,,Standardschaufel - 926,73,,15.0
69833797,360-3320,,Standardschaufel - 926,113,,
69833796,360-3320,,Standardschaufel - 926,109,,
69833795,360-3320,,Standardschaufel - 926,63,,15.0
69833794,360-3320,,Standardschaufel - 926,112,,
69833793,360-3320,,Standardschaufel - 926,110,,
69833792,360-3320,,Standardschaufel - 926,111,,
69833791,360-3320,,Standardschaufel - 926,65,,16.0
69833790,360-3320,,Standardschaufel - 926,114,,15.0
69833789,360-3320,,Standardschaufel - 926,26,,15.0
69833788,360-3320,,Standardschaufel - 926,23,,
69833784,345-2417,,Gabel - 926,73,,15.0
69833783,345-2417,,Gabel - 926,113,,
69833782,345-2417,,Gabel - 926,63,,15.0
69833781,345-2417,,Gabel - 926,95,,11.0
69833780,345-2417,,Gabel - 926,110,,
69833779,345-2417,,Gabel - 926,112,,
69833778,345-2417,,Gabel - 926,111,,
69833777,345-2417,,Gabel - 926,26,,15.0
69833776,345-2417,,Gabel - 926,109,,
69833775,345-2417,,Gabel - 926,55,,11.0
69833771,CAT0926MHLTE07875,,926 M,160,,
69833770,CAT0926MHLTE07875,,926 M,110,,
69833769,CAT0926MHLTE07875,,926 M,73,7451,15.0
69833768,CAT0926MHLTE07875,,926 M,89,,
69833767,CAT0926MHLTE07875,,926 M,112,,
69833766,CAT0926MHLTE07875,,926 M,63,3340,15.0
69833765,CAT0926MHLTE07875,,926 M,40,,12.0
69833764,CAT0926MHLTE07875,,926 M,95,4645,11.0
69833763,CAT0926MHLTE07875,,926 M,26,2540,15.0
69833762,CAT0926MHLTE07875,,926 M,7,,
69833761,CAT0926MHLTE07875,,926 M,30,,
69833760,CAT0926MHLTE07875,,926 M,126,,
69833759,CAT0926MHLTE07875,,926 M,148,,
69833758,CAT0926MHLTE07875,,926 M,113,,
69833757,CAT0926MHLTE07875,,926 M,111,,
69833756,CAT0926MHLTE07875,,926 M,70,,
69833755,CAT0926MHLTE07875,,926 M,11,,
69833754,CAT0926MHLTE07875,,926 M,23,,
69833753,CAT0926MHLTE07875,,926 M,87,,
69833752,CAT0926MHLTE07875,,926 M,55,12789,11.0
69833751,CAT0926MHLTE07875,,926 M,69,,
69833750,CAT0926MHLTE07875,,926 M,109,,
69833749,CAT0926MHLTE07875,,926 M,88,114,10.0
69833748,CAT0926MHLTE07875,,926 M,6,,
68898908,101650371390,18360,BW 138 AD-5,158,,
68898907,101650371390,18360,BW 138 AD-5,155,,
68898906,101650371390,18360,BW 138 AD-5,69,,
68898905,101650371390,18360,BW 138 AD-5,88,,10.0
68898904,101650371390,18360,BW 138 AD-5,54,,
68898903,101650371390,18360,BW 138 AD-5,30,,
68898902,101650371390,18360,BW 138 AD-5,13,,15.0
68898901,101650371390,18360,BW 138 AD-5,23,,
68898900,101650371390,18360,BW 138 AD-5,73,,15.0
68898899,101650371390,18360,BW 138 AD-5,63,,15.0
68898898,101650371390,18360,BW 138 AD-5,135,,11.0
68898897,101650371390,18360,BW 138 AD-5,70,,
68898896,101650371390,18360,BW 138 AD-5,67,,18.0
68898895,101650371390,18360,BW 138 AD-5,87,,
68898894,101650371390,18360,BW 138 AD-5,96,,
68898893,101650371390,18360,BW 138 AD-5,26,,15.0
68898892,101650371390,18360,BW 138 AD-5,89,,
68898891,101650371390,18360,BW 138 AD-5,55,,11.0
68898890,101650371390,18360,BW 138 AD-5,6,,
68898889,101650371390,18360,BW 138 AD-5,148,,
68898888,101650371390,18360,BW 138 AD-5,7,,
68898887,101650371390,18360,BW 138 AD-5,16,,
68898886,101650371390,18360,BW 138 AD-5,136,,
68898882,101650371393,18359,BW 138 AD-5,158,,
68898881,101650371393,18359,BW 138 AD-5,155,,
68898880,101650371393,18359,BW 138 AD-5,69,,
68898879,101650371393,18359,BW 138 AD-5,88,,10.0
68898878,101650371393,18359,BW 138 AD-5,54,,
68898877,101650371393,18359,BW 138 AD-5,30,,
68898876,101650371393,18359,BW 138 AD-5,13,,15.0
68898875,101650371393,18359,BW 138 AD-5,23,,
68898874,101650371393,18359,BW 138 AD-5,73,,15.0
68898873,101650371393,18359,BW 138 AD-5,63,,15.0
68898872,101650371393,18359,BW 138 AD-5,135,,11.0
68898871,101650371393,18359,BW 138 AD-5,70,,
68898870,101650371393,18359,BW 138 AD-5,67,,18.0
68898869,101650371393,18359,BW 138 AD-5,87,,
68898868,101650371393,18359,BW 138 AD-5,96,,
68898867,101650371393,18359,BW 138 AD-5,26,,15.0
68898866,101650371393,18359,BW 138 AD-5,89,,
68898865,101650371393,18359,BW 138 AD-5,55,,11.0
68898864,101650371393,18359,BW 138 AD-5,6,,
68898863,101650371393,18359,BW 138 AD-5,148,,
68898862,101650371393,18359,BW 138 AD-5,7,,
68898861,101650371393,18359,BW 138 AD-5,16,,
68898860,101650371393,18359,BW 138 AD-5,136,,
68898856,101650401016,18358,BW 138 AD-5,158,,
68898855,101650401016,18358,BW 138 AD-5,155,,
68898854,101650401016,18358,BW 138 AD-5,69,,
68898853,101650401016,18358,BW 138 AD-5,88,,10.0
68898852,101650401016,18358,BW 138 AD-5,54,,
68898851,101650401016,18358,BW 138 AD-5,30,,
68898850,101650401016,18358,BW 138 AD-5,13,,15.0
68898849,101650401016,18358,BW 138 AD-5,23,,
68898848,101650401016,18358,BW 138 AD-5,73,,15.0
68898847,101650401016,18358,BW 138 AD-5,63,,15.0
68898846,101650401016,18358,BW 138 AD-5,135,,11.0
68898845,101650401016,18358,BW 138 AD-5,70,,
68898844,101650401016,18358,BW 138 AD-5,67,,18.0
68898843,101650401016,18358,BW 138 AD-5,87,,
68898842,101650401016,18358,BW 138 AD-5,96,,
68898841,101650401016,18358,BW 138 AD-5,26,,15.0
68898840,101650401016,18358,BW 138 AD-5,89,,
68898839,101650401016,18358,BW 138 AD-5,55,,11.0
68898838,101650401016,18358,BW 138 AD-5,6,,
68898837,101650401016,18358,BW 138 AD-5,148,,
68898836,101650401016,18358,BW 138 AD-5,7,,
68898835,101650401016,18358,BW 138 AD-5,16,,
68898834,101650401016,18358,BW 138 AD-5,136,,
68898830,101650401015,18357,BW 138 AD-5,158,,
68898829,101650401015,18357,BW 138 AD-5,155,,
68898828,101650401015,18357,BW 138 AD-5,69,,
68898827,101650401015,18357,BW 138 AD-5,88,,10.0
68898826,101650401015,18357,BW 138 AD-5,54,,
68898825,101650401015,18357,BW 138 AD-5,30,,
68898824,101650401015,18357,BW 138 AD-5,13,,15.0
68898823,101650401015,18357,BW 138 AD-5,23,,
68898822,101650401015,18357,BW 138 AD-5,73,,15.0
68898821,101650401015,18357,BW 138 AD-5,63,,15.0
68898820,101650401015,18357,BW 138 AD-5,135,,11.0
68898819,101650401015,18357,BW 138 AD-5,70,,
68898818,101650401015,18357,BW 138 AD-5,67,,18.0
68898817,101650401015,18357,BW 138 AD-5,87,,
68898816,101650401015,18357,BW 138 AD-5,96,,
68898815,101650401015,18357,BW 138 AD-5,26,,15.0
68898814,101650401015,18357,BW 138 AD-5,89,,
68898813,101650401015,18357,BW 138 AD-5,55,,11.0
68898812,101650401015,18357,BW 138 AD-5,6,,
68898811,101650401015,18357,BW 138 AD-5,148,,
68898810,101650401015,18357,BW 138 AD-5,7,,
68898809,101650401015,18357,BW 138 AD-5,16,,
68898808,101650401015,18357,BW 138 AD-5,136,,
68898804,101650401021,18356,BW 138 AD-5,158,,
68898803,101650401021,18356,BW 138 AD-5,155,,
68898802,101650401021,18356,BW 138 AD-5,69,,
68898801,101650401021,18356,BW 138 AD-5,88,,10.0
68898800,101650401021,18356,BW 138 AD-5,54,,
68898799,101650401021,18356,BW 138 AD-5,30,,
68898798,101650401021,18356,BW 138 AD-5,13,,15.0
68898797,101650401021,18356,BW 138 AD-5,23,,
68898796,101650401021,18356,BW 138 AD-5,73,,15.0
68898795,101650401021,18356,BW 138 AD-5,63,,15.0
68898794,101650401021,18356,BW 138 AD-5,135,,11.0
68898793,101650401021,18356,BW 138 AD-5,70,,
68898792,101650401021,18356,BW 138 AD-5,67,,18.0
68898791,101650401021,18356,BW 138 AD-5,87,,
68898790,101650401021,18356,BW 138 AD-5,96,,
68898789,101650401021,18356,BW 138 AD-5,26,,15.0
68898788,101650401021,18356,BW 138 AD-5,89,,
68898787,101650401021,18356,BW 138 AD-5,55,,11.0
68898786,101650401021,18356,BW 138 AD-5,6,,
68898785,101650401021,18356,BW 138 AD-5,148,,
68898784,101650401021,18356,BW 138 AD-5,7,,
68898783,101650401021,18356,BW 138 AD-5,16,,
68898782,101650401021,18356,BW 138 AD-5,136,,
68898778,101650401067,18355,BW 138 AD-5,158,,
68898777,101650401067,18355,BW 138 AD-5,155,,
68898776,101650401067,18355,BW 138 AD-5,69,,
68898775,101650401067,18355,BW 138 AD-5,88,,10.0
68898774,101650401067,18355,BW 138 AD-5,54,,
68898773,101650401067,18355,BW 138 AD-5,30,,
68898772,101650401067,18355,BW 138 AD-5,13,,15.0
68898771,101650401067,18355,BW 138 AD-5,23,,
68898770,101650401067,18355,BW 138 AD-5,73,,15.0
68898769,101650401067,18355,BW 138 AD-5,63,,15.0
68898768,101650401067,18355,BW 138 AD-5,135,,11.0
68898767,101650401067,18355,BW 138 AD-5,70,,
68898766,101650401067,18355,BW 138 AD-5,67,,18.0
68898765,101650401067,18355,BW 138 AD-5,87,,
68898764,101650401067,18355,BW 138 AD-5,96,,
68898763,101650401067,18355,BW 138 AD-5,26,,15.0
68898762,101650401067,18355,BW 138 AD-5,89,,
68898761,101650401067,18355,BW 138 AD-5,55,,11.0
68898760,101650401067,18355,BW 138 AD-5,6,,
68898759,101650401067,18355,BW 138 AD-5,148,,
68898758,101650401067,18355,BW 138 AD-5,7,,
68898757,101650401067,18355,BW 138 AD-5,16,,
68898756,101650401067,18355,BW 138 AD-5,136,,
68898752,101650401018,18354,BW 138 AD-5,158,,
68898751,101650401018,18354,BW 138 AD-5,155,,
68898750,101650401018,18354,BW 138 AD-5,69,,
68898749,101650401018,18354,BW 138 AD-5,88,,10.0
68898748,101650401018,18354,BW 138 AD-5,54,,
68898747,101650401018,18354,BW 138 AD-5,30,,
68898746,101650401018,18354,BW 138 AD-5,13,,15.0
68898745,101650401018,18354,BW 138 AD-5,23,,
68898744,101650401018,18354,BW 138 AD-5,73,,15.0
68898743,101650401018,18354,BW 138 AD-5,63,,15.0
68898742,101650401018,18354,BW 138 AD-5,135,,11.0
68898741,101650401018,18354,BW 138 AD-5,70,,
68898740,101650401018,18354,BW 138 AD-5,67,,18.0
68898739,101650401018,18354,BW 138 AD-5,87,,
68898738,101650401018,18354,BW 138 AD-5,96,,
68898737,101650401018,18354,BW 138 AD-5,26,,15.0
68898736,101650401018,18354,BW 138 AD-5,89,,
68898735,101650401018,18354,BW 138 AD-5,55,,11.0
68898734,101650401018,18354,BW 138 AD-5,6,,
68898733,101650401018,18354,BW 138 AD-5,148,,
68898732,101650401018,18354,BW 138 AD-5,7,,
68898731,101650401018,18354,BW 138 AD-5,16,,
68898730,101650401018,18354,BW 138 AD-5,136,,
68898726,861880411140,18353,BW 100 AD-5,148,Ja,
68898725,861880411140,18353,BW 100 AD-5,136,Nein,
68898724,861880411140,18353,BW 100 AD-5,96,Nein,
68898723,861880411140,18353,BW 100 AD-5,89,D1803,
68898722,861880411140,18353,BW 100 AD-5,88,"24,6",10.0
68898721,861880411140,18353,BW 100 AD-5,87,Kubota,
68898720,861880411140,18353,BW 100 AD-5,73,2529,15.0
68898719,861880411140,18353,BW 100 AD-5,70,Ja,
68898718,861880411140,18353,BW 100 AD-5,69,Nein,
68898717,861880411140,18353,BW 100 AD-5,67,1,18.0
68898716,861880411140,18353,BW 100 AD-5,63,1808,15.0
68898715,861880411140,18353,BW 100 AD-5,55,2550,11.0
68898714,861880411140,18353,BW 100 AD-5,54,Nein,
68898713,861880411140,18353,BW 100 AD-5,30,Ja,
68898712,861880411140,18353,BW 100 AD-5,26,1072,15.0
68898711,861880411140,18353,BW 100 AD-5,23,Nein,
68898710,861880411140,18353,BW 100 AD-5,16,Nein,
68898709,861880411140,18353,BW 100 AD-5,13,1000,15.0
68898708,861880411140,18353,BW 100 AD-5,7,Tier 4f,
68898707,861880411140,18353,BW 100 AD-5,6,Stufe V,
68898703,861880411139,18352,BW 100 AD-5,148,Ja,
68898702,861880411139,18352,BW 100 AD-5,136,Nein,
68898701,861880411139,18352,BW 100 AD-5,96,Nein,
68898700,861880411139,18352,BW 100 AD-5,89,D1803,
68898699,861880411139,18352,BW 100 AD-5,88,"24,6",10.0
68898698,861880411139,18352,BW 100 AD-5,87,Kubota,
68898697,861880411139,18352,BW 100 AD-5,73,2529,15.0
68898696,861880411139,18352,BW 100 AD-5,70,Ja,
68898695,861880411139,18352,BW 100 AD-5,69,Nein,
68898694,861880411139,18352,BW 100 AD-5,67,1,18.0
68898693,861880411139,18352,BW 100 AD-5,63,1808,15.0
68898692,861880411139,18352,BW 100 AD-5,55,2550,11.0
68898691,861880411139,18352,BW 100 AD-5,54,Nein,
68898690,861880411139,18352,BW 100 AD-5,30,Ja,
68898689,861880411139,18352,BW 100 AD-5,26,1072,15.0
68898688,861880411139,18352,BW 100 AD-5,23,Nein,
68898687,861880411139,18352,BW 100 AD-5,16,Nein,
68898686,861880411139,18352,BW 100 AD-5,13,1000,15.0
68898685,861880411139,18352,BW 100 AD-5,7,Tier 4f,
68898684,861880411139,18352,BW 100 AD-5,6,Stufe V,
68898680,861880541060,18351,BW 100 AD-5,148,Ja,
68898679,861880541060,18351,BW 100 AD-5,136,Nein,
68898678,861880541060,18351,BW 100 AD-5,96,Nein,
68898677,861880541060,18351,BW 100 AD-5,89,D1803,
68898676,861880541060,18351,BW 100 AD-5,88,"24,6",10.0
68898675,861880541060,18351,BW 100 AD-5,87,Kubota,
68898674,861880541060,18351,BW 100 AD-5,73,2529,15.0
68898673,861880541060,18351,BW 100 AD-5,70,Ja,
68898672,861880541060,18351,BW 100 AD-5,69,Nein,
68898671,861880541060,18351,BW 100 AD-5,67,1,18.0
68898670,861880541060,18351,BW 100 AD-5,63,1808,15.0
68898669,861880541060,18351,BW 100 AD-5,55,2550,11.0
68898668,861880541060,18351,BW 100 AD-5,54,Nein,
68898667,861880541060,18351,BW 100 AD-5,30,Ja,
68898666,861880541060,18351,BW 100 AD-5,26,1072,15.0
68898665,861880541060,18351,BW 100 AD-5,23,Nein,
68898664,861880541060,18351,BW 100 AD-5,16,Nein,
68898663,861880541060,18351,BW 100 AD-5,13,1000,15.0
68898662,861880541060,18351,BW 100 AD-5,7,Tier 4f,
68898661,861880541060,18351,BW 100 AD-5,6,Stufe V,
68898657,861880541010,18350,BW 100 AD-5,148,Ja,
68898656,861880541010,18350,BW 100 AD-5,136,Nein,
68898655,861880541010,18350,BW 100 AD-5,96,Nein,
68898654,861880541010,18350,BW 100 AD-5,89,D1803,
68898653,861880541010,18350,BW 100 AD-5,88,"24,6",10.0
68898652,861880541010,18350,BW 100 AD-5,87,Kubota,
68898651,861880541010,18350,BW 100 AD-5,73,2529,15.0
68898650,861880541010,18350,BW 100 AD-5,70,Ja,
68898649,861880541010,18350,BW 100 AD-5,69,Nein,
68898648,861880541010,18350,BW 100 AD-5,67,1,18.0
68898647,861880541010,18350,BW 100 AD-5,63,1808,15.0
68898646,861880541010,18350,BW 100 AD-5,55,2550,11.0
68898645,861880541010,18350,BW 100 AD-5,54,Nein,
68898644,861880541010,18350,BW 100 AD-5,30,Ja,
68898643,861880541010,18350,BW 100 AD-5,26,1072,15.0
68898642,861880541010,18350,BW 100 AD-5,23,Nein,
68898641,861880541010,18350,BW 100 AD-5,16,Nein,
68898640,861880541010,18350,BW 100 AD-5,13,1000,15.0
68898639,861880541010,18350,BW 100 AD-5,7,Tier 4f,
68898638,861880541010,18350,BW 100 AD-5,6,Stufe V,
68898634,WNCD1802CPAL01142,18349,DW 90,6,Stufe V,
68898633,WNCD1802CPAL01142,18349,DW 90,69,,
68898632,WNCD1802CPAL01142,18349,DW 90,70,,
68898631,WNCD1802CPAL01142,18349,DW 90,95,9000,11.0
68898630,WNCD1802CPAL01142,18349,DW 90,73,4670,15.0
68898629,WNCD1802CPAL01142,18349,DW 90,87,DEUTZ,
68898628,WNCD1802CPAL01142,18349,DW 90,90,Nein,
68898627,WNCD1802CPAL01142,18349,DW 90,30,,
68898626,WNCD1802CPAL01142,18349,DW 90,92,3600,16.0
68898625,WNCD1802CPAL01142,18349,DW 90,89,TD 2.9,
68898624,WNCD1802CPAL01142,18349,DW 90,55,4727,11.0
68898623,WNCD1802CPAL01142,18349,DW 90,10,Ja,
68898622,WNCD1802CPAL01142,18349,DW 90,40,25,12.0
68898621,WNCD1802CPAL01142,18349,DW 90,148,,
68898620,WNCD1802CPAL01142,18349,DW 90,26,2486,15.0
68898619,WNCD1802CPAL01142,18349,DW 90,91,,
68898618,WNCD1802CPAL01142,18349,DW 90,88,"55,4",10.0
68898617,WNCD1802CPAL01142,18349,DW 90,7,,
68898616,WNCD1802CPAL01142,18349,DW 90,63,3280,15.0
68898615,WNCD1802CPAL01142,18349,DW 90,23,,
68898611,WNCD1802LPAL01145,18348,DW 90,6,Stufe V,
68898610,WNCD1802LPAL01145,18348,DW 90,69,,
68898609,WNCD1802LPAL01145,18348,DW 90,70,,
68898608,WNCD1802LPAL01145,18348,DW 90,95,9000,11.0
68898607,WNCD1802LPAL01145,18348,DW 90,73,4670,15.0
68898606,WNCD1802LPAL01145,18348,DW 90,87,DEUTZ,
68898605,WNCD1802LPAL01145,18348,DW 90,90,Nein,
68898604,WNCD1802LPAL01145,18348,DW 90,30,,
68898603,WNCD1802LPAL01145,18348,DW 90,92,3600,16.0
68898602,WNCD1802LPAL01145,18348,DW 90,89,TD 2.9,
68898601,WNCD1802LPAL01145,18348,DW 90,55,4727,11.0
68898600,WNCD1802LPAL01145,18348,DW 90,10,Ja,
68898599,WNCD1802LPAL01145,18348,DW 90,40,25,12.0
68898598,WNCD1802LPAL01145,18348,DW 90,148,,
68898597,WNCD1802LPAL01145,18348,DW 90,26,2486,15.0
68898596,WNCD1802LPAL01145,18348,DW 90,91,,
68898595,WNCD1802LPAL01145,18348,DW 90,88,"55,4",10.0
68898594,WNCD1802LPAL01145,18348,DW 90,7,,
68898593,WNCD1802LPAL01145,18348,DW 90,63,3280,15.0
68898592,WNCD1802LPAL01145,18348,DW 90,23,,
67906077,14825030,,Super 1800-3i Sprayjet,159,Nein (bitte ausschließlich unseren HGT Fertiger anmieten),
67906076,14825030,,Super 1800-3i Sprayjet,158,Nein,
67906075,14825030,,Super 1800-3i Sprayjet,156,Nein,
67906074,14825030,,Super 1800-3i Sprayjet,152,300,15.0
67906073,14825030,,Super 1800-3i Sprayjet,52,Nein,
67906072,14825030,,Super 1800-3i Sprayjet,38,"6,00",14.0
67906071,14825030,,Super 1800-3i Sprayjet,37,"6,00",14.0
67906070,14825030,,Super 1800-3i Sprayjet,36,"3,00 - 6,00",14.0
67906069,14825030,,Super 1800-3i Sprayjet,149,AB 600-3 TV,
67906068,14825030,,Super 1800-3i Sprayjet,73,6040,15.0
67906067,14825030,,Super 1800-3i Sprayjet,89,B6.7 - C173,
67906066,14825030,,Super 1800-3i Sprayjet,88,129,10.0
67906064,14825030,,Super 1800-3i Sprayjet,35,Ja,
67906063,14825030,,Super 1800-3i Sprayjet,127,Nein,
67906062,14825030,,Super 1800-3i Sprayjet,148,Ja,
67906061,14825030,,Super 1800-3i Sprayjet,8,Ja,
67906060,14825030,,Super 1800-3i Sprayjet,26,2550,15.0
67906059,14825030,,Super 1800-3i Sprayjet,7,Tier 4f,
67906058,14825030,,Super 1800-3i Sprayjet,63,"2,85",15.0
67906057,14825030,,Super 1800-3i Sprayjet,87,Cummins,
67906056,14825030,,Super 1800-3i Sprayjet,27,mechanisch,
67906055,14825030,,Super 1800-3i Sprayjet,23,Nein,
67906054,14825030,,Super 1800-3i Sprayjet,132,Nein,
67906053,14825030,,Super 1800-3i Sprayjet,34,,20.0
67906052,14825030,,Super 1800-3i Sprayjet,30,Ja,
67906051,14825030,,Super 1800-3i Sprayjet,6,Stufe V,
67906050,14825030,,Super 1800-3i Sprayjet,55,22850,11.0
67904562,95VB0069R,,Verbreiterung - AB 600-5 TV - 750R,149,AB 600-5 TV,
67904561,95VB0069R,,Verbreiterung - AB 600-5 TV - 750R,55,,11.0
67904560,95VB0069R,,Verbreiterung - AB 600-5 TV - 750R,63,,15.0
67904559,95VB0069R,,Verbreiterung - AB 600-5 TV - 750R,26,750,15.0
67904558,95VB0069R,,Verbreiterung - AB 600-5 TV - 750R,73,,15.0
67904554,95VB0069L,,Verbreiterung - AB 600-5 TV - 750L,149,AB 600-5 TV,
67904553,95VB0069L,,Verbreiterung - AB 600-5 TV - 750L,55,,11.0
67904552,95VB0069L,,Verbreiterung - AB 600-5 TV - 750L,63,,15.0
67904551,95VB0069L,,Verbreiterung - AB 600-5 TV - 750L,26,750,15.0
67904550,95VB0069L,,Verbreiterung - AB 600-5 TV - 750L,73,,15.0
67896060,101870901162,18331,BW 174 AP-4i AM,158,,
67896059,101870901162,18331,BW 174 AP-4i AM,155,,
67896058,101870901162,18331,BW 174 AP-4i AM,69,,
67896057,101870901162,18331,BW 174 AP-4i AM,88,74,10.0
67896056,101870901162,18331,BW 174 AP-4i AM,54,,
67896055,101870901162,18331,BW 174 AP-4i AM,30,,
67896054,101870901162,18331,BW 174 AP-4i AM,13,,15.0
67896053,101870901162,18331,BW 174 AP-4i AM,23,,
67896052,101870901162,18331,BW 174 AP-4i AM,73,4420,15.0
67896051,101870901162,18331,BW 174 AP-4i AM,63,3000,15.0
67896050,101870901162,18331,BW 174 AP-4i AM,135,,11.0
67896049,101870901162,18331,BW 174 AP-4i AM,70,,
67896048,101870901162,18331,BW 174 AP-4i AM,67,,18.0
67896047,101870901162,18331,BW 174 AP-4i AM,87,Kubota,
67896046,101870901162,18331,BW 174 AP-4i AM,96,,
67896045,101870901162,18331,BW 174 AP-4i AM,26,1826,15.0
67896044,101870901162,18331,BW 174 AP-4i AM,89,V3800 CR-T,
67896043,101870901162,18331,BW 174 AP-4i AM,55,9920,11.0
67896042,101870901162,18331,BW 174 AP-4i AM,6,,
67896041,101870901162,18331,BW 174 AP-4i AM,148,,
67896040,101870901162,18331,BW 174 AP-4i AM,7,,
67896039,101870901162,18331,BW 174 AP-4i AM,16,,
67896038,101870901162,18331,BW 174 AP-4i AM,136,,
67896034,101870602195,18330,BW 154 AP-4 AM,69,,
67896033,101870602195,18330,BW 154 AP-4 AM,88,,10.0
67896032,101870602195,18330,BW 154 AP-4 AM,54,,
67896031,101870602195,18330,BW 154 AP-4 AM,30,,
67896030,101870602195,18330,BW 154 AP-4 AM,13,,15.0
67896029,101870602195,18330,BW 154 AP-4 AM,23,,
67896028,101870602195,18330,BW 154 AP-4 AM,73,,15.0
67896027,101870602195,18330,BW 154 AP-4 AM,63,,15.0
67896026,101870602195,18330,BW 154 AP-4 AM,135,,11.0
67896025,101870602195,18330,BW 154 AP-4 AM,70,,
67896024,101870602195,18330,BW 154 AP-4 AM,67,,18.0
67896023,101870602195,18330,BW 154 AP-4 AM,87,,
67896022,101870602195,18330,BW 154 AP-4 AM,96,,
67896021,101870602195,18330,BW 154 AP-4 AM,26,,15.0
67896020,101870602195,18330,BW 154 AP-4 AM,89,,
67896019,101870602195,18330,BW 154 AP-4 AM,55,,11.0
67896018,101870602195,18330,BW 154 AP-4 AM,6,,
67896017,101870602195,18330,BW 154 AP-4 AM,148,,
67896016,101870602195,18330,BW 154 AP-4 AM,7,,
67896015,101870602195,18330,BW 154 AP-4 AM,16,,
67896014,101870602195,18330,BW 154 AP-4 AM,136,,
67896010,101870901031,18329,BW 174 AP-4i AM,158,,
67896009,101870901031,18329,BW 174 AP-4i AM,155,,
67896008,101870901031,18329,BW 174 AP-4i AM,69,,
67896007,101870901031,18329,BW 174 AP-4i AM,88,74,10.0
67896006,101870901031,18329,BW 174 AP-4i AM,54,,
67896005,101870901031,18329,BW 174 AP-4i AM,30,,
67896004,101870901031,18329,BW 174 AP-4i AM,13,,15.0
67896003,101870901031,18329,BW 174 AP-4i AM,23,,
67896002,101870901031,18329,BW 174 AP-4i AM,73,4420,15.0
67896001,101870901031,18329,BW 174 AP-4i AM,63,3000,15.0
67896000,101870901031,18329,BW 174 AP-4i AM,135,,11.0
67895999,101870901031,18329,BW 174 AP-4i AM,70,,
67895998,101870901031,18329,BW 174 AP-4i AM,67,,18.0
67895997,101870901031,18329,BW 174 AP-4i AM,87,Kubota,
67895996,101870901031,18329,BW 174 AP-4i AM,96,,
67895995,101870901031,18329,BW 174 AP-4i AM,26,1826,15.0
67895994,101870901031,18329,BW 174 AP-4i AM,89,V3800 CR-T,
67895993,101870901031,18329,BW 174 AP-4i AM,55,9920,11.0
67895992,101870901031,18329,BW 174 AP-4i AM,6,,
67895991,101870901031,18329,BW 174 AP-4i AM,148,,
67895990,101870901031,18329,BW 174 AP-4i AM,7,,
67895989,101870901031,18329,BW 174 AP-4i AM,16,,
67895988,101870901031,18329,BW 174 AP-4i AM,136,,
67895984,101870751049,18328,BW 174 AP-4i AM,158,,
67895983,101870751049,18328,BW 174 AP-4i AM,155,,
67895982,101870751049,18328,BW 174 AP-4i AM,69,,
67895981,101870751049,18328,BW 174 AP-4i AM,88,74,10.0
67895980,101870751049,18328,BW 174 AP-4i AM,54,,
67895979,101870751049,18328,BW 174 AP-4i AM,30,,
67895978,101870751049,18328,BW 174 AP-4i AM,13,,15.0
67895977,101870751049,18328,BW 174 AP-4i AM,23,,
67895976,101870751049,18328,BW 174 AP-4i AM,73,4420,15.0
67895975,101870751049,18328,BW 174 AP-4i AM,63,3000,15.0
67895974,101870751049,18328,BW 174 AP-4i AM,135,,11.0
67895973,101870751049,18328,BW 174 AP-4i AM,70,,
67895972,101870751049,18328,BW 174 AP-4i AM,67,,18.0
67895971,101870751049,18328,BW 174 AP-4i AM,87,Kubota,
67895970,101870751049,18328,BW 174 AP-4i AM,96,,
67895969,101870751049,18328,BW 174 AP-4i AM,26,1826,15.0
67895968,101870751049,18328,BW 174 AP-4i AM,89,V3800 CR-T,
67895967,101870751049,18328,BW 174 AP-4i AM,55,9920,11.0
67895966,101870751049,18328,BW 174 AP-4i AM,6,,
67895965,101870751049,18328,BW 174 AP-4i AM,148,,
67895964,101870751049,18328,BW 174 AP-4i AM,7,,
67895963,101870751049,18328,BW 174 AP-4i AM,16,,
67895962,101870751049,18328,BW 174 AP-4i AM,136,,
67482063,95VB.0203R,,Verbreiterung - AB 600-5 TV - 750R,149,AB 600-5 TV,
67482062,95VB.0203R,,Verbreiterung - AB 600-5 TV - 750R,55,,11.0
67482061,95VB.0203R,,Verbreiterung - AB 600-5 TV - 750R,63,,15.0
67482060,95VB.0203R,,Verbreiterung - AB 600-5 TV - 750R,26,750,15.0
67482059,95VB.0203R,,Verbreiterung - AB 600-5 TV - 750R,73,,15.0
67482055,95VB.0203L,,Verbreiterung - AB 600-5 TV - 750L,149,AB 600-5 TV,
67482054,95VB.0203L,,Verbreiterung - AB 600-5 TV - 750L,55,,11.0
67482053,95VB.0203L,,Verbreiterung - AB 600-5 TV - 750L,63,,15.0
67482052,95VB.0203L,,Verbreiterung - AB 600-5 TV - 750L,26,750,15.0
67482051,95VB.0203L,,Verbreiterung - AB 600-5 TV - 750L,73,,15.0
67482047,11190295,,Super 1900-5i,156,Nein,
67482046,11190295,,Super 1900-5i,152,bis 40,15.0
67482045,11190295,,Super 1900-5i,52,Nein,
67482044,11190295,,Super 1900-5i,38,"9,75",14.0
67482043,11190295,,Super 1900-5i,37,"9,75",14.0
67482042,11190295,,Super 1900-5i,36,"3,00 - 6,00",14.0
67482041,11190295,,Super 1900-5i,149,AB 600-5 TV,
67482040,11190295,,Super 1900-5i,73,6700,15.0
67482039,11190295,,Super 1900-5i,89,6.8L PVS,
67482038,11190295,,Super 1900-5i,88,149,10.0
67482036,11190295,,Super 1900-5i,35,Ja,
67482035,11190295,,Super 1900-5i,127,Nein,
67482034,11190295,,Super 1900-5i,148,Ja,
67482033,11190295,,Super 1900-5i,8,Ja,
67482032,11190295,,Super 1900-5i,26,2550,15.0
67482031,11190295,,Super 1900-5i,7,Tier 4f,
67482030,11190295,,Super 1900-5i,63,3100,15.0
67482029,11190295,,Super 1900-5i,87,John Deere,
67482028,11190295,,Super 1900-5i,27,mechanisch,
67482027,11190295,,Super 1900-5i,23,Nein,
67482026,11190295,,Super 1900-5i,132,Ja,
67482025,11190295,,Super 1900-5i,34,900,20.0
67482024,11190295,,Super 1900-5i,30,Ja,
67482023,11190295,,Super 1900-5i,6,Stufe V,
67482022,11190295,,Super 1900-5i,55,22800,11.0
67370920,20109867,,CR 5-II,87,Hatz,
67370919,20109867,,CR 5-II,117,,15.0
67370918,20109867,,CR 5-II,88,"4,6",10.0
67370917,20109867,,CR 5-II,136,,
67370916,20109867,,CR 5-II,39,,
67370915,20109867,,CR 5-II,29,Ja,
67370914,20109867,,CR 5-II,55,196,11.0
67370913,20109867,,CR 5-II,89,1 B 30,
67370912,20109867,,CR 5-II,73,1545,15.0
67370911,20109867,,CR 5-II,13,550,15.0
67370910,20109867,,CR 5-II,85,Ja,
67370909,20109867,,CR 5-II,26,550,15.0
67370908,20109867,,CR 5-II,138,Ja,
67370907,20109867,,CR 5-II,104,Ja,
67370906,20109867,,CR 5-II,135,,11.0
67370905,20109867,,CR 5-II,63,1065,15.0
67370904,20109867,,CR 5-II,84,Nein,
67370903,20109867,,CR 5-II,139,Ja,
67253280,101954,,"TS - 120 HC, L=5,00 m",133,120 HC,
67253279,101954,,"TS - 120 HC, L=5,00 m",55,,11.0
67253278,101954,,"TS - 120 HC, L=5,00 m",63,,15.0
67253277,101954,,"TS - 120 HC, L=5,00 m",73,,15.0
67253276,101954,,"TS - 120 HC, L=5,00 m",26,,15.0
67253266,326 46444,18332,140 EC-H 6 Litronic,53,,19.0
67253265,326 46444,18332,140 EC-H 6 Litronic,146,,
67253264,326 46444,18332,140 EC-H 6 Litronic,69,,
67253263,326 46444,18332,140 EC-H 6 Litronic,19,,14.0
67253262,326 46444,18332,140 EC-H 6 Litronic,148,,
67253261,326 46444,18332,140 EC-H 6 Litronic,48,,3.0
67253260,326 46444,18332,140 EC-H 6 Litronic,93,,5.0
67253259,326 46444,18332,140 EC-H 6 Litronic,18,,14.0
67253258,326 46444,18332,140 EC-H 6 Litronic,131,,11.0
67253257,326 46444,18332,140 EC-H 6 Litronic,59,,14.0
67253256,326 46444,18332,140 EC-H 6 Litronic,66,,
67253255,326 46444,18332,140 EC-H 6 Litronic,94,,2.0
67253254,326 46444,18332,140 EC-H 6 Litronic,130,,11.0
67253253,326 46444,18332,140 EC-H 6 Litronic,76,,10.0
67253252,326 46444,18332,140 EC-H 6 Litronic,133,,
67253251,326 46444,18332,140 EC-H 6 Litronic,5,,
67253250,326 46444,18332,140 EC-H 6 Litronic,50,,
67251800,101871201138,,BW 174 AP-5 AM,158,,
67251799,101871201138,,BW 174 AP-5 AM,155,,
67251798,101871201138,,BW 174 AP-5 AM,69,Ja,
67251797,101871201138,,BW 174 AP-5 AM,88,"74,4",10.0
67251796,101871201138,,BW 174 AP-5 AM,54,Ja,
67251795,101871201138,,BW 174 AP-5 AM,30,Ja,
67251794,101871201138,,BW 174 AP-5 AM,13,1680,15.0
67251793,101871201138,,BW 174 AP-5 AM,23,Nein,
67251792,101871201138,,BW 174 AP-5 AM,73,5520,15.0
67251791,101871201138,,BW 174 AP-5 AM,63,3050,15.0
67251790,101871201138,,BW 174 AP-5 AM,135,,11.0
67251789,101871201138,,BW 174 AP-5 AM,70,Nein,
67251788,101871201138,,BW 174 AP-5 AM,67,1,18.0
67251787,101871201138,,BW 174 AP-5 AM,87,Deutz,
67251786,101871201138,,BW 174 AP-5 AM,96,Nein,
67251785,101871201138,,BW 174 AP-5 AM,26,1860,15.0
67251784,101871201138,,BW 174 AP-5 AM,89,TCD 3.6,
67251783,101871201138,,BW 174 AP-5 AM,55,9700,11.0
67251782,101871201138,,BW 174 AP-5 AM,6,Stufe V,
67251781,101871201138,,BW 174 AP-5 AM,148,Nein,
67251780,101871201138,,BW 174 AP-5 AM,7,Tier 4f,
67251779,101871201138,,BW 174 AP-5 AM,16,Ja,
67251778,101871201138,,BW 174 AP-5 AM,136,,
67251633,326 46447,18333,140 EC-H 6 Litronic,53,,19.0
67251632,326 46447,18333,140 EC-H 6 Litronic,146,,
67251631,326 46447,18333,140 EC-H 6 Litronic,69,,
67251630,326 46447,18333,140 EC-H 6 Litronic,19,,14.0
67251629,326 46447,18333,140 EC-H 6 Litronic,148,,
67251628,326 46447,18333,140 EC-H 6 Litronic,48,,3.0
67251627,326 46447,18333,140 EC-H 6 Litronic,93,,5.0
67251626,326 46447,18333,140 EC-H 6 Litronic,18,,14.0
67251625,326 46447,18333,140 EC-H 6 Litronic,131,,11.0
67251624,326 46447,18333,140 EC-H 6 Litronic,59,,14.0
67251623,326 46447,18333,140 EC-H 6 Litronic,66,,
67251622,326 46447,18333,140 EC-H 6 Litronic,94,,2.0
67251621,326 46447,18333,140 EC-H 6 Litronic,130,,11.0
67251620,326 46447,18333,140 EC-H 6 Litronic,76,,10.0
67251619,326 46447,18333,140 EC-H 6 Litronic,133,,
67251618,326 46447,18333,140 EC-H 6 Litronic,5,,
67251617,326 46447,18333,140 EC-H 6 Litronic,50,,
67244051,10831952,,Super 1803-3i,156,Nein,
67244050,10831952,,Super 1803-3i,152,bis 300,15.0
67244049,10831952,,Super 1803-3i,52,Nein,
67244048,10831952,,Super 1803-3i,38,"8,00",14.0
67244047,10831952,,Super 1803-3i,37,"8,00",14.0
67244046,10831952,,Super 1803-3i,36,"2,55 - 5,10",14.0
67244045,10831952,,Super 1803-3i,149,AB 500-3 TV,
67244044,10831952,,Super 1803-3i,73,6500,15.0
67244043,10831952,,Super 1803-3i,89,B6.7-C173,
67244042,10831952,,Super 1803-3i,88,129,10.0
67244040,10831952,,Super 1803-3i,35,Ja,
67244039,10831952,,Super 1803-3i,127,Nein,
67244038,10831952,,Super 1803-3i,148,Ja,
67244037,10831952,,Super 1803-3i,8,Ja,
67244036,10831952,,Super 1803-3i,26,2550,15.0
67244035,10831952,,Super 1803-3i,7,Tier 4f,
67244034,10831952,,Super 1803-3i,63,3100,15.0
67244033,10831952,,Super 1803-3i,87,Cummins,
67244032,10831952,,Super 1803-3i,27,hydraulisch,
67244031,10831952,,Super 1803-3i,23,Nein,
67244030,10831952,,Super 1803-3i,132,Ja,
67244029,10831952,,Super 1803-3i,34,700,20.0
67244028,10831952,,Super 1803-3i,30,Ja,
67244027,10831952,,Super 1803-3i,6,Stufe V,
67244026,10831952,,Super 1803-3i,55,18500,11.0
67227125,14825017,,Super 1800-3i,156,Nein,
67227124,14825017,,Super 1800-3i,152,bis 300,15.0
67227123,14825017,,Super 1800-3i,52,Nein,
67227122,14825017,,Super 1800-3i,38,"8,00",14.0
67227121,14825017,,Super 1800-3i,37,"8,00",14.0
67227120,14825017,,Super 1800-3i,36,"3,00 - 6,00",14.0
67227119,14825017,,Super 1800-3i,149,AB 600-3 TV,
67227118,14825017,,Super 1800-3i,73,6500,15.0
67227117,14825017,,Super 1800-3i,89,B6.7-C173,
67227116,14825017,,Super 1800-3i,88,129,10.0
67227114,14825017,,Super 1800-3i,35,Ja,
67227113,14825017,,Super 1800-3i,127,Nein,
67227112,14825017,,Super 1800-3i,148,Ja,
67227111,14825017,,Super 1800-3i,8,Ja,
67227110,14825017,,Super 1800-3i,26,2550,15.0
67227109,14825017,,Super 1800-3i,7,,
67227108,14825017,,Super 1800-3i,63,3100,15.0
67227107,14825017,,Super 1800-3i,87,Cummins,
67227106,14825017,,Super 1800-3i,27,hydraulisch,
67227105,14825017,,Super 1800-3i,23,Ja,
67227104,14825017,,Super 1800-3i,132,Ja,
67227103,14825017,,Super 1800-3i,34,700,20.0
67227102,14825017,,Super 1800-3i,30,Ja,
67227101,14825017,,Super 1800-3i,6,Stufe V,
67227100,14825017,,Super 1800-3i,55,20100,11.0
67227096,55VB8031L,,Verbreiterung - AB 600-3 TV - 750L,149,AB 600-3 TV,
67227095,55VB8031L,,Verbreiterung - AB 600-3 TV - 750L,26,750,
67227094,55VB8031L,,Verbreiterung - AB 600-3 TV - 750L,55,,
67227093,55VB8031L,,Verbreiterung - AB 600-3 TV - 750L,23,,
67227092,55VB8031L,,Verbreiterung - AB 600-3 TV - 750L,73,,
67227091,55VB8031L,,Verbreiterung - AB 600-3 TV - 750L,63,,
67227087,55VB8031R,,Verbreiterung - AB 600-3 TV - 750R,149,,
67227086,55VB8031R,,Verbreiterung - AB 600-3 TV - 750R,26,,15.0
67227085,55VB8031R,,Verbreiterung - AB 600-3 TV - 750R,55,,11.0
67227084,55VB8031R,,Verbreiterung - AB 600-3 TV - 750R,73,,15.0
67227083,55VB8031R,,Verbreiterung - AB 600-3 TV - 750R,63,,15.0
67220981,11190299,,Super 1900-5i,156,Nein,
67220980,11190299,,Super 1900-5i,152,bis 40,15.0
67220979,11190299,,Super 1900-5i,52,Nein,
67220978,11190299,,Super 1900-5i,38,"9,75",14.0
67220977,11190299,,Super 1900-5i,37,"9,75",14.0
67220976,11190299,,Super 1900-5i,36,"3,00 - 6,00",14.0
67220975,11190299,,Super 1900-5i,149,AB 600-5 TV,
67220974,11190299,,Super 1900-5i,73,6700,15.0
67220973,11190299,,Super 1900-5i,89,6.8L PVS,
67220972,11190299,,Super 1900-5i,88,149,10.0
67220970,11190299,,Super 1900-5i,35,Ja,
67220969,11190299,,Super 1900-5i,127,Nein,
67220968,11190299,,Super 1900-5i,148,Ja,
67220967,11190299,,Super 1900-5i,8,Ja,
67220966,11190299,,Super 1900-5i,26,2550,15.0
67220965,11190299,,Super 1900-5i,7,Tier 4f,
67220964,11190299,,Super 1900-5i,63,3100,15.0
67220963,11190299,,Super 1900-5i,87,John Deere,
67220962,11190299,,Super 1900-5i,27,hydraulisch,
67220961,11190299,,Super 1900-5i,23,Nein,
67220960,11190299,,Super 1900-5i,132,Ja,
67220959,11190299,,Super 1900-5i,34,900,20.0
67220958,11190299,,Super 1900-5i,30,Ja,
67220957,11190299,,Super 1900-5i,6,Stufe V,
67220956,11190299,,Super 1900-5i,55,22800,11.0
67220952,94VB0046L,,Verbreiterung - AB 600-5 TV - 375L,149,AB 600-5 TV,
67220951,94VB0046L,,Verbreiterung - AB 600-5 TV - 375L,26,375,15.0
67220950,94VB0046L,,Verbreiterung - AB 600-5 TV - 375L,55,,11.0
67220949,94VB0046L,,Verbreiterung - AB 600-5 TV - 375L,73,,15.0
67220948,94VB0046L,,Verbreiterung - AB 600-5 TV - 375L,63,,15.0
67220944,94VB0046R,,Verbreiterung - AB 600-5 TV - 375R,149,AB 600-5 TV,
67220943,94VB0046R,,Verbreiterung - AB 600-5 TV - 375R,26,375,15.0
67220942,94VB0046R,,Verbreiterung - AB 600-5 TV - 375R,55,,11.0
67220941,94VB0046R,,Verbreiterung - AB 600-5 TV - 375R,73,,15.0
67220940,94VB0046R,,Verbreiterung - AB 600-5 TV - 375R,63,,15.0
67220936,95VB0068L,,Verbreiterung - AB 600-5 TV - 750L,149,AB 600-5 TV,
67220935,95VB0068L,,Verbreiterung - AB 600-5 TV - 750L,55,,11.0
67220934,95VB0068L,,Verbreiterung - AB 600-5 TV - 750L,63,,15.0
67220933,95VB0068L,,Verbreiterung - AB 600-5 TV - 750L,26,750,15.0
67220932,95VB0068L,,Verbreiterung - AB 600-5 TV - 750L,73,,15.0
67220928,95VB0068R,,Verbreiterung - AB 600-5 TV - 750R,149,AB 600-5 TV,
67220927,95VB0068R,,Verbreiterung - AB 600-5 TV - 750R,55,,11.0
67220926,95VB0068R,,Verbreiterung - AB 600-5 TV - 750R,63,,15.0
67220925,95VB0068R,,Verbreiterung - AB 600-5 TV - 750R,26,750,15.0
67220924,95VB0068R,,Verbreiterung - AB 600-5 TV - 750R,73,,15.0
67220819,56339,18318,53 K,131,,11.0
67220818,56339,18318,53 K,53,,19.0
67220817,56339,18318,53 K,93,,5.0
67220816,56339,18318,53 K,148,,
67220815,56339,18318,53 K,146,,
67220814,56339,18318,53 K,76,,10.0
67220813,56339,18318,53 K,94,,2.0
67220812,56339,18318,53 K,66,,
67220811,56339,18318,53 K,59,,14.0
67220810,56339,18318,53 K,18,,14.0
67220809,56339,18318,53 K,130,,11.0
67220808,56339,18318,53 K,50,,
67220807,56339,18318,53 K,69,,
67220806,56339,18318,53 K,48,,3.0
67220805,56339,18318,53 K,5,,
67220804,56339,18318,53 K,19,"40,00",14.0
67220803,56339,18318,53 K,133,,
67219062,09901233,,Super 800i,152,bis 20,15.0
67219061,09901233,,Super 800i,52,Nein,
67219060,09901233,,Super 800i,38,"3,20",14.0
67219059,09901233,,Super 800i,37,"3,20",14.0
67219058,09901233,,Super 800i,36,"1,20 - 2,20",14.0
67219057,09901233,,Super 800i,149,AB 220-3 TV,
67219056,09901233,,Super 800i,73,4760,15.0
67219055,09901233,,Super 800i,89,TCD 2.9 L4,
67219054,09901233,,Super 800i,88,"55,4",10.0
67219052,09901233,,Super 800i,35,Ja,
67219051,09901233,,Super 800i,127,Nein,
67219050,09901233,,Super 800i,148,Nein,
67219049,09901233,,Super 800i,8,Nein,
67219048,09901233,,Super 800i,26,1400,15.0
67219047,09901233,,Super 800i,7,Tier 4f,
67219046,09901233,,Super 800i,63,1980,15.0
67219045,09901233,,Super 800i,87,Deutz,
67219044,09901233,,Super 800i,27,hydraulisch,
67219043,09901233,,Super 800i,23,Nein,
67219042,09901233,,Super 800i,132,Nein,
67219041,09901233,,Super 800i,34,300,20.0
67219040,09901233,,Super 800i,30,Ja,
67219039,09901233,,Super 800i,6,Stufe V,
67219038,09901233,,Super 800i,55,6600,11.0
67219034,65VB1265L,,Verbreiterung - AB 220-3 TV - 500L,149,AB 220-3 TV,
67219033,65VB1265L,,Verbreiterung - AB 220-3 TV - 500L,26,500,15.0
67219029,65VB1265R,,Verbreiterung - AB 220-3 TV - 500R,149,AB 220-3 TV,
67219028,65VB1265R,,Verbreiterung - AB 220-3 TV - 500R,26,500,15.0
67219024,,,Verschmälerung - AB 220-3 TV - L,149,AB 220-3 TV,
67219023,,,Verschmälerung - AB 220-3 TV - L,26,,15.0
67219022,,,Verschmälerung - AB 220-3 TV - L,55,,11.0
67219021,,,Verschmälerung - AB 220-3 TV - L,73,,15.0
67219020,,,Verschmälerung - AB 220-3 TV - L,63,,15.0
67219016,,,Verschmälerung - AB 220-3 TV - R,149,AB 220-3 TV,
67219015,,,Verschmälerung - AB 220-3 TV - R,26,,15.0
67219014,,,Verschmälerung - AB 220-3 TV - R,55,,11.0
67219013,,,Verschmälerung - AB 220-3 TV - R,73,,15.0
67219012,,,Verschmälerung - AB 220-3 TV - R,63,,15.0
67213108,14825010,,Super 1800-3i,156,Nein,
67213107,14825010,,Super 1800-3i,152,bis 300,15.0
67213106,14825010,,Super 1800-3i,52,Nein,
67213105,14825010,,Super 1800-3i,38,"8,00",14.0
67213104,14825010,,Super 1800-3i,37,"8,00",14.0
67213103,14825010,,Super 1800-3i,36,"3,00 - 6,00",14.0
67213102,14825010,,Super 1800-3i,149,AB 600-3 TV,
67213101,14825010,,Super 1800-3i,73,6500,15.0
67213100,14825010,,Super 1800-3i,89,B6.7-C173,
67213099,14825010,,Super 1800-3i,88,129,10.0
67213097,14825010,,Super 1800-3i,35,Ja,
67213096,14825010,,Super 1800-3i,127,Nein,
67213095,14825010,,Super 1800-3i,148,Ja,
67213094,14825010,,Super 1800-3i,8,Ja,
67213093,14825010,,Super 1800-3i,26,2550,15.0
67213092,14825010,,Super 1800-3i,7,,
67213091,14825010,,Super 1800-3i,63,3100,15.0
67213090,14825010,,Super 1800-3i,87,Cummins,
67213089,14825010,,Super 1800-3i,27,hydraulisch,
67213088,14825010,,Super 1800-3i,23,Nein,
67213087,14825010,,Super 1800-3i,132,Ja,
67213086,14825010,,Super 1800-3i,34,700,20.0
67213085,14825010,,Super 1800-3i,30,Ja,
67213084,14825010,,Super 1800-3i,6,,
67213083,14825010,,Super 1800-3i,55,20100,11.0
67213079,55VB.8028L,,Verbreiterung - AB 600-3 TV - 750L,149,AB 600-3 TV,
67213078,55VB.8028L,,Verbreiterung - AB 600-3 TV - 750L,26,750,
67213077,55VB.8028L,,Verbreiterung - AB 600-3 TV - 750L,55,,
67213076,55VB.8028L,,Verbreiterung - AB 600-3 TV - 750L,23,,
67213075,55VB.8028L,,Verbreiterung - AB 600-3 TV - 750L,73,,
67213074,55VB.8028L,,Verbreiterung - AB 600-3 TV - 750L,63,,
67213070,55VB.8028R,,Verbreiterung - AB 600-3 TV - 750R,149,,
67213069,55VB.8028R,,Verbreiterung - AB 600-3 TV - 750R,26,,15.0
67213068,55VB.8028R,,Verbreiterung - AB 600-3 TV - 750R,55,,11.0
67213067,55VB.8028R,,Verbreiterung - AB 600-3 TV - 750R,73,,15.0
67213066,55VB.8028R,,Verbreiterung - AB 600-3 TV - 750R,63,,15.0
67208386,09901227,,Super 800i,152,bis 20,15.0
67208385,09901227,,Super 800i,52,Nein,
67208384,09901227,,Super 800i,38,"3,20",14.0
67208383,09901227,,Super 800i,37,"3,20",14.0
67208382,09901227,,Super 800i,36,"1,20 - 2,20",14.0
67208381,09901227,,Super 800i,149,AB 220-3 TV,
67208380,09901227,,Super 800i,73,4760,15.0
67208379,09901227,,Super 800i,89,TCD 2.9 L4,
67208378,09901227,,Super 800i,88,"55,4",10.0
67208376,09901227,,Super 800i,35,Ja,
67208375,09901227,,Super 800i,127,Nein,
67208374,09901227,,Super 800i,148,Nein,
67208373,09901227,,Super 800i,8,Nein,
67208372,09901227,,Super 800i,26,1400,15.0
67208371,09901227,,Super 800i,7,Tier 4f,
67208370,09901227,,Super 800i,63,1980,15.0
67208369,09901227,,Super 800i,87,Deutz,
67208368,09901227,,Super 800i,27,mechanisch,
67208367,09901227,,Super 800i,23,Nein,
67208366,09901227,,Super 800i,132,Nein,
67208365,09901227,,Super 800i,34,300,20.0
67208364,09901227,,Super 800i,30,Ja,
67208363,09901227,,Super 800i,6,Stufe V,
67208362,09901227,,Super 800i,55,6600,11.0
67208358,65VB.1264L,,Verbreiterung - AB 220-3 TV - 500L,149,AB 220-3 TV,
67208357,65VB.1264L,,Verbreiterung - AB 220-3 TV - 500L,26,500,15.0
67208353,65VB.1264R,,Verbreiterung - AB 220-3 TV - 500R,149,AB 220-3 TV,
67208352,65VB.1264R,,Verbreiterung - AB 220-3 TV - 500R,26,500,15.0
67208348,101701,,Verschmälerung - AB 220-3 TV - L,149,AB 220-3 TV,
67208347,101701,,Verschmälerung - AB 220-3 TV - L,26,,15.0
67208346,101701,,Verschmälerung - AB 220-3 TV - L,55,,11.0
67208345,101701,,Verschmälerung - AB 220-3 TV - L,73,,15.0
67208344,101701,,Verschmälerung - AB 220-3 TV - L,63,,15.0
67208340,101700,,Verschmälerung - AB 220-3 TV - R,149,AB 220-3 TV,
67208339,101700,,Verschmälerung - AB 220-3 TV - R,26,,15.0
67208338,101700,,Verschmälerung - AB 220-3 TV - R,55,,11.0
67208337,101700,,Verschmälerung - AB 220-3 TV - R,73,,15.0
67208336,101700,,Verschmälerung - AB 220-3 TV - R,63,,15.0
67127514,11900135,,Mini 500,159,,
67127513,11900135,,Mini 500,158,Nein,
67127512,11900135,,Mini 500,156,Nein,
67127511,11900135,,Mini 500,152,10,15.0
67127510,11900135,,Mini 500,52,Ja,
67127509,11900135,,Mini 500,38,"1,35",14.0
67127508,11900135,,Mini 500,37,"1,35",14.0
67127507,11900135,,Mini 500,36,"0,8 - 1,35",14.0
67127506,11900135,,Mini 500,149,AB 135 V,
67127505,11900135,,Mini 500,73,2870,15.0
67127504,11900135,,Mini 500,89,Z602-B4B-EU-X7,
67127503,11900135,,Mini 500,88,"10,2",10.0
67127501,11900135,,Mini 500,35,Nein,
67127500,11900135,,Mini 500,127,Nein,
67127499,11900135,,Mini 500,148,Nein,
67127498,11900135,,Mini 500,8,Nein,
67127497,11900135,,Mini 500,26,1245,15.0
67127496,11900135,,Mini 500,7,Tier 4f,
67127495,11900135,,Mini 500,63,1540,15.0
67127494,11900135,,Mini 500,87,Kubota,
67127493,11900135,,Mini 500,27,mechanisch,
67127492,11900135,,Mini 500,23,Nein,
67127491,11900135,,Mini 500,132,Nein,
67127490,11900135,,Mini 500,34,20,20.0
67127489,11900135,,Mini 500,30,,
67127488,11900135,,Mini 500,6,Stufe V,
67127487,11900135,,Mini 500,55,1440,11.0
65666001,55066,,81 K.1,131,,11.0
65666000,55066,,81 K.1,53,,19.0
65665999,55066,,81 K.1,93,,5.0
65665998,55066,,81 K.1,148,,
65665997,55066,,81 K.1,146,,
65665996,55066,,81 K.1,76,,10.0
65665995,55066,,81 K.1,94,,2.0
65665994,55066,,81 K.1,66,,
65665993,55066,,81 K.1,59,,14.0
65665992,55066,,81 K.1,18,,14.0
65665991,55066,,81 K.1,130,,11.0
65665990,55066,,81 K.1,50,,
65665989,55066,,81 K.1,69,,
65665988,55066,,81 K.1,48,,3.0
65665987,55066,,81 K.1,5,,
65665986,55066,,81 K.1,19,,14.0
65665985,55066,,81 K.1,133,,
65665591,55738,,81 K.1,131,,11.0
65665590,55738,,81 K.1,53,,19.0
65665589,55738,,81 K.1,93,,5.0
65665588,55738,,81 K.1,148,,
65665587,55738,,81 K.1,146,,
65665586,55738,,81 K.1,76,,10.0
65665585,55738,,81 K.1,94,,2.0
65665584,55738,,81 K.1,66,,
65665583,55738,,81 K.1,59,,14.0
65665582,55738,,81 K.1,18,,14.0
65665581,55738,,81 K.1,130,,11.0
65665580,55738,,81 K.1,50,,
65665579,55738,,81 K.1,69,,
65665578,55738,,81 K.1,48,,3.0
65665577,55738,,81 K.1,5,,
65665576,55738,,81 K.1,19,,14.0
65665575,55738,,81 K.1,133,,
65643244,101871201071,,BW 174 AP-5 AM,158,Ja,
65643243,101871201071,,BW 174 AP-5 AM,155,Ja,
65643242,101871201071,,BW 174 AP-5 AM,69,Ja,
65643241,101871201071,,BW 174 AP-5 AM,88,"74,4",10.0
65643240,101871201071,,BW 174 AP-5 AM,54,Ja,
65643239,101871201071,,BW 174 AP-5 AM,30,Ja,
65643238,101871201071,,BW 174 AP-5 AM,13,1680,15.0
65643237,101871201071,,BW 174 AP-5 AM,23,Nein,
65643236,101871201071,,BW 174 AP-5 AM,73,5520,15.0
65643235,101871201071,,BW 174 AP-5 AM,63,3050,15.0
65643234,101871201071,,BW 174 AP-5 AM,135,,11.0
65643233,101871201071,,BW 174 AP-5 AM,70,Nein,
65643232,101871201071,,BW 174 AP-5 AM,67,1,18.0
65643231,101871201071,,BW 174 AP-5 AM,87,Deutz,
65643230,101871201071,,BW 174 AP-5 AM,96,Nein,
65643229,101871201071,,BW 174 AP-5 AM,26,1860,15.0
65643228,101871201071,,BW 174 AP-5 AM,89,TCD 3.6,
65643227,101871201071,,BW 174 AP-5 AM,55,9700,11.0
65643226,101871201071,,BW 174 AP-5 AM,6,Stufe V,
65643225,101871201071,,BW 174 AP-5 AM,148,Nein,
65643224,101871201071,,BW 174 AP-5 AM,7,Tier 4f,
65643223,101871201071,,BW 174 AP-5 AM,16,Ja,
65643222,101871201071,,BW 174 AP-5 AM,136,,
65559096,1000007720,,Materialkübel extern,73,2550,15.0
65559095,1000007720,,Materialkübel extern,51,,
65559094,1000007720,,Materialkübel extern,55,1200,11.0
65559093,1000007720,,Materialkübel extern,65,11,16.0
65559092,1000007720,,Materialkübel extern,26,3700,15.0
65559091,1000007720,,Materialkübel extern,63,2190,15.0
65408278,3200077,,SW 6500,22,1200,15.0
65408277,3200077,,SW 6500,23,Nein,
65408275,3200077,,SW 6500,73,8605,15.0
65408274,3200077,,SW 6500,26,2260,15.0
65408272,3200077,,SW 6500,55,5000,11.0
65408271,3200077,,SW 6500,148,Nein,
65408270,3200077,,SW 6500,63,1630,15.0
65408266,PG004548,,MF 2500CS STG V 2019,26,2550,15.0
65408265,PG004548,,MF 2500CS STG V 2019,69,Nein,
65408264,PG004548,,MF 2500CS STG V 2019,62,Ja,
65408263,PG004548,,MF 2500CS STG V 2019,31,Ja,
65408262,PG004548,,MF 2500CS STG V 2019,148,Ja,
65408261,PG004548,,MF 2500CS STG V 2019,43,4000,20.0
65408260,PG004548,,MF 2500CS STG V 2019,30,Ja,
65408259,PG004548,,MF 2500CS STG V 2019,89,QSB 6.7-C225,
65408258,PG004548,,MF 2500CS STG V 2019,22,1200,15.0
65408257,PG004548,,MF 2500CS STG V 2019,73,9200,15.0
65408256,PG004548,,MF 2500CS STG V 2019,8,Nein,
65408255,PG004548,,MF 2500CS STG V 2019,88,168,10.0
65408254,PG004548,,MF 2500CS STG V 2019,6,Stufe IV,
65408253,PG004548,,MF 2500CS STG V 2019,7,Tier 4f,
65408252,PG004548,,MF 2500CS STG V 2019,63,3100,15.0
65408251,PG004548,,MF 2500CS STG V 2019,87,Cummins,
65408250,PG004548,,MF 2500CS STG V 2019,23,Nein,
65408249,PG004548,,MF 2500CS STG V 2019,132,Ja,
65408248,PG004548,,MF 2500CS STG V 2019,55,20000,11.0
65406186,514901570,,TB 2150 R CV,99,Ja,
65406185,514901570,,TB 2150 R CV,112,Nein,
65406184,514901570,,TB 2150 R CV,148,Ja,
65406183,514901570,,TB 2150 R CV,137,Ja,
65406182,514901570,,TB 2150 R CV,63,2960,15.0
65406181,514901570,,TB 2150 R CV,141,Nein,
65406180,514901570,,TB 2150 R CV,58,Ja,
65406179,514901570,,TB 2150 R CV,88,85,10.0
65406178,514901570,,TB 2150 R CV,87,Deutz,
65406177,514901570,,TB 2150 R CV,69,Ja,
65406176,514901570,,TB 2150 R CV,113,OQ 60-5,
65406175,514901570,,TB 2150 R CV,30,Ja,
65406174,514901570,,TB 2150 R CV,120,Nein,
65406173,514901570,,TB 2150 R CV,107,Ja,
65406172,514901570,,TB 2150 R CV,83,Nein,
65406171,514901570,,TB 2150 R CV,24,500,15.0
65406170,514901570,,TB 2150 R CV,55,15420,11.0
65406169,514901570,,TB 2150 R CV,109,OilQuick,
65406168,514901570,,TB 2150 R CV,57,Ja,
65406167,514901570,,TB 2150 R CV,6,Stufe IV,
65406166,514901570,,TB 2150 R CV,7,Tier 4,
65406165,514901570,,TB 2150 R CV,110,,
65406164,514901570,,TB 2150 R CV,73,7490,15.0
65406163,514901570,,TB 2150 R CV,140,Nein,
65406162,514901570,,TB 2150 R CV,23,Nein,
65406161,514901570,,TB 2150 R CV,111,Ja,
65406160,514901570,,TB 2150 R CV,26,2490,15.0
65406159,514901570,,TB 2150 R CV,128,Nein,
65406158,514901570,,TB 2150 R CV,89,TCD 3.6 L4,
65406157,514901570,,TB 2150 R CV,56,5720,15.0
65406156,514901570,,TB 2150 R CV,106,Ja,
65406155,514901570,,TB 2150 R CV,60,Ja,
65406154,514901570,,TB 2150 R CV,78,,15.0
65380833,101907,,Schienenfahrwerk - 256 HC,133,,
65380832,101907,,Schienenfahrwerk - 256 HC,55,,11.0
65380831,101907,,Schienenfahrwerk - 256 HC,63,,15.0
65380830,101907,,Schienenfahrwerk - 256 HC,73,,15.0
65380829,101907,,Schienenfahrwerk - 256 HC,26,,15.0
65374502,6240003260,,TL 1800 hydraulisch schwenkbar,154,23 - 28,19.0
65374501,6240003260,,TL 1800 hydraulisch schwenkbar,23,Nein,
65374500,6240003260,,TL 1800 hydraulisch schwenkbar,63,1600,15.0
65374499,6240003260,,TL 1800 hydraulisch schwenkbar,12,0,18.0
65374498,6240003260,,TL 1800 hydraulisch schwenkbar,73,1300,15.0
65374497,6240003260,,TL 1800 hydraulisch schwenkbar,147,keine,
65374496,6240003260,,TL 1800 hydraulisch schwenkbar,65,"1,79",16.0
65374495,6240003260,,TL 1800 hydraulisch schwenkbar,26,1800,15.0
65374494,6240003260,,TL 1800 hydraulisch schwenkbar,109,OilQuick,
65374493,6240003260,,TL 1800 hydraulisch schwenkbar,55,1500,11.0
65374492,6240003260,,TL 1800 hydraulisch schwenkbar,112,Nein,
65374491,6240003260,,TL 1800 hydraulisch schwenkbar,111,Ja,
65374490,6240003260,,TL 1800 hydraulisch schwenkbar,114,1800,15.0
65374489,6240003260,,TL 1800 hydraulisch schwenkbar,113,OQ 70/55,
65374485,6240003250,,TL 1600 hydraulisch schwenkbar,154,18 - 24,19.0
65374484,6240003250,,TL 1600 hydraulisch schwenkbar,23,Nein,
65374483,6240003250,,TL 1600 hydraulisch schwenkbar,63,1600,15.0
65374482,6240003250,,TL 1600 hydraulisch schwenkbar,12,0,18.0
65374481,6240003250,,TL 1600 hydraulisch schwenkbar,73,1250,15.0
65374480,6240003250,,TL 1600 hydraulisch schwenkbar,147,keine,
65374479,6240003250,,TL 1600 hydraulisch schwenkbar,65,"1,40",16.0
65374478,6240003250,,TL 1600 hydraulisch schwenkbar,26,1600,15.0
65374477,6240003250,,TL 1600 hydraulisch schwenkbar,109,OilQuick,
65374476,6240003250,,TL 1600 hydraulisch schwenkbar,55,1250,11.0
65374475,6240003250,,TL 1600 hydraulisch schwenkbar,112,Nein,
65374474,6240003250,,TL 1600 hydraulisch schwenkbar,111,Ja,
65374473,6240003250,,TL 1600 hydraulisch schwenkbar,114,1600,15.0
65374472,6240003250,,TL 1600 hydraulisch schwenkbar,113,OQ 70/55,
65374468,6240003240,,GRL 1800,154,23 -28 to.,19.0
65374467,6240003240,,GRL 1800,114,1800,15.0
65374466,6240003240,,GRL 1800,112,Nein,
65374465,6240003240,,GRL 1800,55,900,11.0
65374464,6240003240,,GRL 1800,63,1300,15.0
65374463,6240003240,,GRL 1800,65,"0,670",16.0
65374462,6240003240,,GRL 1800,23,Nein,
65374461,6240003240,,GRL 1800,73,750,15.0
65374460,6240003240,,GRL 1800,26,1800,15.0
65374459,6240003240,,GRL 1800,109,OilQuick,
65374458,6240003240,,GRL 1800,113,OQ 70/55,
65374457,6240003240,,GRL 1800,111,Ja,
65374453,6240003230,,GRL 2000,154,12 - 15,19.0
65374452,6240003230,,GRL 2000,114,2000,15.0
65374451,6240003230,,GRL 2000,112,Nein,
65374450,6240003230,,GRL 2000,55,856,11.0
65374449,6240003230,,GRL 2000,63,1200,15.0
65374448,6240003230,,GRL 2000,65,"0,750",16.0
65374447,6240003230,,GRL 2000,23,Nein,
65374446,6240003230,,GRL 2000,73,750,15.0
65374445,6240003230,,GRL 2000,26,2000,15.0
65374444,6240003230,,GRL 2000,109,OilQuick,
65374443,6240003230,,GRL 2000,113,OQ 60-5,
65374442,6240003230,,GRL 2000,111,Ja,
65374438,6240003220,,GRL 1800,154,12 - 15,19.0
65374437,6240003220,,GRL 1800,114,1800,15.0
65374436,6240003220,,GRL 1800,112,Nein,
65374435,6240003220,,GRL 1800,55,850,11.0
65374434,6240003220,,GRL 1800,63,1200,15.0
65374433,6240003220,,GRL 1800,65,"0,670",16.0
65374432,6240003220,,GRL 1800,23,Nein,
65374431,6240003220,,GRL 1800,73,700,15.0
65374430,6240003220,,GRL 1800,26,1800,15.0
65374429,6240003220,,GRL 1800,109,OilQuick,
65374428,6240003220,,GRL 1800,113,OQ 60-5,
65374427,6240003220,,GRL 1800,111,Ja,
65374423,62400032202,,GRL 1800,154,12 - 15,19.0
65374422,62400032202,,GRL 1800,114,1800,15.0
65374421,62400032202,,GRL 1800,112,Nein,
65374420,62400032202,,GRL 1800,55,850,11.0
65374419,62400032202,,GRL 1800,63,1200,15.0
65374418,62400032202,,GRL 1800,65,"0,670",16.0
65374417,62400032202,,GRL 1800,23,Nein,
65374416,62400032202,,GRL 1800,73,750,15.0
65374415,62400032202,,GRL 1800,26,1800,15.0
65374414,62400032202,,GRL 1800,109,OilQuick,
65374413,62400032202,,GRL 1800,113,OQ 60-5,
65374412,62400032202,,GRL 1800,111,Ja,
65374408,6240003210,,GRL 1600,154,"7,0 - 9,5",19.0
65374407,6240003210,,GRL 1600,114,1600,15.0
65374406,6240003210,,GRL 1600,112,Nein,
65374405,6240003210,,GRL 1600,55,340,11.0
65374404,6240003210,,GRL 1600,63,1000,15.0
65374403,6240003210,,GRL 1600,65,"0,380",16.0
65374402,6240003210,,GRL 1600,23,Nein,
65374401,6240003210,,GRL 1600,73,700,15.0
65374400,6240003210,,GRL 1600,26,1600,15.0
65374399,6240003210,,GRL 1600,109,OilQuick,
65374398,6240003210,,GRL 1600,113,OQ 60-5,
65374397,6240003210,,GRL 1600,111,Ja,
65371757,0613 0063,18326,W 150i,45,,15.0
65371756,0613 0063,18326,W 150i,23,,
65371755,0613 0063,18326,W 150i,8,,
65371754,0613 0063,18326,W 150i,6,,
65371753,0613 0063,18326,W 150i,142,,
65371752,0613 0063,18326,W 150i,69,,
65371751,0613 0063,18326,W 150i,26,,15.0
65371750,0613 0063,18326,W 150i,89,,
65371749,0613 0063,18326,W 150i,143,,
65371748,0613 0063,18326,W 150i,46,,18.0
65371747,0613 0063,18326,W 150i,87,,
65371746,0613 0063,18326,W 150i,30,,
65371745,0613 0063,18326,W 150i,77,,
65371744,0613 0063,18326,W 150i,148,,
65371743,0613 0063,18326,W 150i,9,,
65371742,0613 0063,18326,W 150i,47,,15.0
65371741,0613 0063,18326,W 150i,41,,
65371740,0613 0063,18326,W 150i,73,,15.0
65371739,0613 0063,18326,W 150i,63,,15.0
65371738,0613 0063,18326,W 150i,144,,
65371737,0613 0063,18326,W 150i,122,,
65371736,0613 0063,18326,W 150i,88,,10.0
65371735,0613 0063,18326,W 150i,61,,
65371734,0613 0063,18326,W 150i,7,,
65371733,0613 0063,18326,W 150i,55,,11.0
65370287,98VB0025R,,Verbreiterung - AB 600-5 TP2 - 750R,149,AB 600-5 TP 2,
65370286,98VB0025R,,Verbreiterung - AB 600-5 TP2 - 750R,26,750,15.0
65370285,98VB0025R,,Verbreiterung - AB 600-5 TP2 - 750R,55,,11.0
65370284,98VB0025R,,Verbreiterung - AB 600-5 TP2 - 750R,73,,15.0
65370283,98VB0025R,,Verbreiterung - AB 600-5 TP2 - 750R,63,,15.0
65370279,98VB0025L,,Verbreiterung - AB 600-5 TP2 - 750L,149,AB 600-5 TP 2,
65370278,98VB0025L,,Verbreiterung - AB 600-5 TP2 - 750L,26,750,15.0
65370277,98VB0025L,,Verbreiterung - AB 600-5 TP2 - 750L,55,,11.0
65370276,98VB0025L,,Verbreiterung - AB 600-5 TP2 - 750L,73,,15.0
65370275,98VB0025L,,Verbreiterung - AB 600-5 TP2 - 750L,63,,15.0
65369330,11190067,,Super 2100-5i,156,Nein,
65369329,11190067,,Super 2100-5i,152,bis 400,15.0
65369328,11190067,,Super 2100-5i,52,Nein,
65369327,11190067,,Super 2100-5i,38,"7,50",14.0
65369326,11190067,,Super 2100-5i,37,"7,50",14.0
65369325,11190067,,Super 2100-5i,36,"3,00 - 6,00",14.0
65369324,11190067,,Super 2100-5i,149,AB 600-5 TP 2,
65369323,11190067,,Super 2100-5i,73,7300,15.0
65369322,11190067,,Super 2100-5i,89,6.8L PVS,
65369321,11190067,,Super 2100-5i,88,187,10.0
65369319,11190067,,Super 2100-5i,35,Ja,
65369318,11190067,,Super 2100-5i,127,Ja,
65369317,11190067,,Super 2100-5i,148,Ja,
65369316,11190067,,Super 2100-5i,8,Ja,
65369315,11190067,,Super 2100-5i,26,2550,15.0
65369313,11190067,,Super 2100-5i,63,3100,15.0
65369312,11190067,,Super 2100-5i,87,John Deere,
65369311,11190067,,Super 2100-5i,27,hydraulisch,
65369310,11190067,,Super 2100-5i,23,Nein,
65369309,11190067,,Super 2100-5i,132,Ja,
65369308,11190067,,Super 2100-5i,34,1100,20.0
65369307,11190067,,Super 2100-5i,30,Ja,
65369305,11190067,,Super 2100-5i,55,24400,11.0
65237908,DE219032,,BC 2500,151,160-180,13.0
65237907,DE219032,,BC 2500,14,250,6.0
65088101,101871101131,,BW 154 AP-5 AM,158,Nein,
65088100,101871101131,,BW 154 AP-5 AM,155,Ja,
65088099,101871101131,,BW 154 AP-5 AM,69,Ja,
65088098,101871101131,,BW 154 AP-5 AM,88,"55,4",10.0
65088097,101871101131,,BW 154 AP-5 AM,54,Ja,
65088096,101871101131,,BW 154 AP-5 AM,30,Ja,
65088095,101871101131,,BW 154 AP-5 AM,13,1500,15.0
65088094,101871101131,,BW 154 AP-5 AM,23,Nein,
65088093,101871101131,,BW 154 AP-5 AM,73,5030,15.0
65088092,101871101131,,BW 154 AP-5 AM,63,3020,15.0
65088091,101871101131,,BW 154 AP-5 AM,135,,11.0
65088090,101871101131,,BW 154 AP-5 AM,70,Nein,
65088089,101871101131,,BW 154 AP-5 AM,67,1,18.0
65088088,101871101131,,BW 154 AP-5 AM,87,Kubota,
65088087,101871101131,,BW 154 AP-5 AM,96,Nein,
65088086,101871101131,,BW 154 AP-5 AM,26,1680,15.0
65088085,101871101131,,BW 154 AP-5 AM,89,V3307 -T,
65088084,101871101131,,BW 154 AP-5 AM,55,7950,11.0
65088083,101871101131,,BW 154 AP-5 AM,6,Stufe V,
65088082,101871101131,,BW 154 AP-5 AM,148,,
65088081,101871101131,,BW 154 AP-5 AM,7,Tier 4f,
65088080,101871101131,,BW 154 AP-5 AM,16,Ja,
65088079,101871101131,,BW 154 AP-5 AM,136,,
64990313,SJB543GBPPD059675,,Cargo Digger Plant 2,166,195/60R12,
64990312,SJB543GBPPD059675,,Cargo Digger Plant 2,161,150,11.0
64990311,SJB543GBPPD059675,,Cargo Digger Plant 2,102,Nein,
64990310,SJB543GBPPD059675,,Cargo Digger Plant 2,26,2319,15.0
64990309,SJB543GBPPD059675,,Cargo Digger Plant 2,73,4862,15.0
64990308,SJB543GBPPD059675,,Cargo Digger Plant 2,2,Ja,
64990307,SJB543GBPPD059675,,Cargo Digger Plant 2,1,Nein,
64990306,SJB543GBPPD059675,,Cargo Digger Plant 2,63,1972,15.0
64990305,SJB543GBPPD059675,,Cargo Digger Plant 2,3,Nein,
64990304,SJB543GBPPD059675,,Cargo Digger Plant 2,55,634,11.0
64990303,SJB543GBPPD059675,,Cargo Digger Plant 2,95,2818,11.0
64990302,SJB543GBPPD059675,,Cargo Digger Plant 2,103,Ja,
64990301,SJB543GBPPD059675,,Cargo Digger Plant 2,4,Nein,
64878710,2203192,,TL 1000,113,OQ 60-5,
64878709,2203195,,TL 800,113,OQ 60-5,
64878305,H1912651,500334,TL 1200,113,OQ 60-5,
64610862,KBCDZ37BTP3L15153,,KX060-5 Typ L,141,Nein,
64610861,KBCDZ37BTP3L15153,,KX060-5 Typ L,110,,
64610860,KBCDZ37BTP3L15153,,KX060-5 Typ L,23,Nein,
64610859,KBCDZ37BTP3L15153,,KX060-5 Typ L,137,Nein,
64610858,KBCDZ37BTP3L15153,,KX060-5 Typ L,26,1960,15.0
64610857,KBCDZ37BTP3L15153,,KX060-5 Typ L,112,Nein,
64610856,KBCDZ37BTP3L15153,,KX060-5 Typ L,108,Ja,
64610855,KBCDZ37BTP3L15153,,KX060-5 Typ L,55,5560,11.0
64610854,KBCDZ37BTP3L15153,,KX060-5 Typ L,69,Ja,
64610853,KBCDZ37BTP3L15153,,KX060-5 Typ L,73,5490,15.0
64610852,KBCDZ37BTP3L15153,,KX060-5 Typ L,6,Stufe V,
64610851,KBCDZ37BTP3L15153,,KX060-5 Typ L,145,Nein,
64610850,KBCDZ37BTP3L15153,,KX060-5 Typ L,63,2550,15.0
64610849,KBCDZ37BTP3L15153,,KX060-5 Typ L,66,Ja,
64610848,KBCDZ37BTP3L15153,,KX060-5 Typ L,148,Nein,
64610847,KBCDZ37BTP3L15153,,KX060-5 Typ L,120,Ja,
64610846,KBCDZ37BTP3L15153,,KX060-5 Typ L,56,2825,15.0
64610845,KBCDZ37BTP3L15153,,KX060-5 Typ L,57,,
64610844,KBCDZ37BTP3L15153,,KX060-5 Typ L,128,Nein,
64610843,KBCDZ37BTP3L15153,,KX060-5 Typ L,60,Ja,
64610842,KBCDZ37BTP3L15153,,KX060-5 Typ L,89,V2607-CR-E5,
64610841,KBCDZ37BTP3L15153,,KX060-5 Typ L,111,Ja,
64610840,KBCDZ37BTP3L15153,,KX060-5 Typ L,58,,
64610839,KBCDZ37BTP3L15153,,KX060-5 Typ L,88,35,10.0
64610838,KBCDZ37BTP3L15153,,KX060-5 Typ L,7,,
64610837,KBCDZ37BTP3L15153,,KX060-5 Typ L,113,,
64610836,KBCDZ37BTP3L15153,,KX060-5 Typ L,109,Lehnhoff,
64610835,KBCDZ37BTP3L15153,,KX060-5 Typ L,30,,
64610834,KBCDZ37BTP3L15153,,KX060-5 Typ L,87,Kubota,
64610833,KBCDZ37BTP3L15153,,KX060-5 Typ L,106,,
64610832,KBCDZ37BTP3L15153,,KX060-5 Typ L,140,Nein,
64610831,KBCDZ37BTP3L15153,,KX060-5 Typ L,78,1820,15.0
64610304,KBCCZ58BVP3K16118,,KX037-4,99,Ja,
64610303,KBCCZ58BVP3K16118,,KX037-4,128,Nein,
64610302,KBCCZ58BVP3K16118,,KX037-4,60,Ja,
64610301,KBCCZ58BVP3K16118,,KX037-4,110,,
64610300,KBCCZ58BVP3K16118,,KX037-4,78,1525,15.0
64610299,KBCCZ58BVP3K16118,,KX037-4,141,Nein,
64610298,KBCCZ58BVP3K16118,,KX037-4,26,1550,15.0
64610297,KBCCZ58BVP3K16118,,KX037-4,73,4880,15.0
64610296,KBCCZ58BVP3K16118,,KX037-4,58,,
64610295,KBCCZ58BVP3K16118,,KX037-4,106,,
64610294,KBCCZ58BVP3K16118,,KX037-4,23,Nein,
64610293,KBCCZ58BVP3K16118,,KX037-4,137,Nein,
64610292,KBCCZ58BVP3K16118,,KX037-4,63,2480,15.0
64610291,KBCCZ58BVP3K16118,,KX037-4,145,Nein,
64610290,KBCCZ58BVP3K16118,,KX037-4,111,Ja,
64610289,KBCCZ58BVP3K16118,,KX037-4,56,3410,15.0
64610288,KBCCZ58BVP3K16118,,KX037-4,7,,
64610287,KBCCZ58BVP3K16118,,KX037-4,140,Nein,
64610286,KBCCZ58BVP3K16118,,KX037-4,87,Kubota,
64610285,KBCCZ58BVP3K16118,,KX037-4,6,Stufe IV,
64610284,KBCCZ58BVP3K16118,,KX037-4,66,Ja,
64610283,KBCCZ58BVP3K16118,,KX037-4,112,Nein,
64610282,KBCCZ58BVP3K16118,,KX037-4,148,Nein,
64610281,KBCCZ58BVP3K16118,,KX037-4,120,Ja,
64610280,KBCCZ58BVP3K16118,,KX037-4,30,,
64610279,KBCCZ58BVP3K16118,,KX037-4,113,,
64610278,KBCCZ58BVP3K16118,,KX037-4,109,Lehnhoff,
64610277,KBCCZ58BVP3K16118,,KX037-4,108,Ja,
64610276,KBCCZ58BVP3K16118,,KX037-4,69,Ja,
64610275,KBCCZ58BVP3K16118,,KX037-4,88,"17,8",10.0
64610274,KBCCZ58BVP3K16118,,KX037-4,89,D1703-M-DI-E4,
64610273,KBCCZ58BVP3K16118,,KX037-4,57,,
64610272,KBCCZ58BVP3K16118,,KX037-4,55,3650,11.0
64605909,58570,18307,220 EC-B 10 Litronic,53,,19.0
64605908,58570,18307,220 EC-B 10 Litronic,146,,
64605907,58570,18307,220 EC-B 10 Litronic,69,,
64605906,58570,18307,220 EC-B 10 Litronic,19,,14.0
64605905,58570,18307,220 EC-B 10 Litronic,148,,
64605904,58570,18307,220 EC-B 10 Litronic,48,,3.0
64605903,58570,18307,220 EC-B 10 Litronic,93,,5.0
64605902,58570,18307,220 EC-B 10 Litronic,18,,14.0
64605901,58570,18307,220 EC-B 10 Litronic,131,,11.0
64605900,58570,18307,220 EC-B 10 Litronic,59,,14.0
64605899,58570,18307,220 EC-B 10 Litronic,66,,
64605898,58570,18307,220 EC-B 10 Litronic,94,,2.0
64605897,58570,18307,220 EC-B 10 Litronic,130,,11.0
64605896,58570,18307,220 EC-B 10 Litronic,76,,10.0
64605895,58570,18307,220 EC-B 10 Litronic,133,,
64605894,58570,18307,220 EC-B 10 Litronic,5,,
64605893,58570,18307,220 EC-B 10 Litronic,50,,
64509262,LE59.004,,125 K,131,,11.0
64509261,LE59.004,,125 K,53,,19.0
64509260,LE59.004,,125 K,93,,5.0
64509259,LE59.004,,125 K,148,,
64509258,LE59.004,,125 K,146,,
64509257,LE59.004,,125 K,76,,10.0
64509256,LE59.004,,125 K,94,,2.0
64509255,LE59.004,,125 K,66,,
64509254,LE59.004,,125 K,59,,14.0
64509253,LE59.004,,125 K,18,,14.0
64509252,LE59.004,,125 K,130,,11.0
64509251,LE59.004,,125 K,50,,
64509250,LE59.004,,125 K,69,,
64509249,LE59.004,,125 K,48,,3.0
64509248,LE59.004,,125 K,5,,
64509247,LE59.004,,125 K,19,,14.0
64509246,LE59.004,,125 K,133,,
64507207,2202052,,GRL 800,12,,18.0
64507205,2202052,,GRL 800,147,,
64506677,2202070,,GRL 1200 starr,12,0,18.0
64506674,2202070,,GRL 1200 starr,147,,
64506671,2202072,,SL 600,109,Henle,
64479965,0196 2164632,300152,GRL 1500 starr,109,,
64479954,0196 2164632,300152,GRL 1500 starr,12,,18.0
64479931,0196 2164632,300152,GRL 1500 starr,147,,
64479075,0196 2164632,300152,GRL 1500 starr,110,,
64478560,0196 2164632,300152,GRL 1500 starr,154,,19.0
64478492,1593,500258,GRL 1100,109,,
64478479,1593,500258,GRL 1100,12,,18.0
64478478,1593,500258,GRL 1100,147,,
64478438,1593,500258,GRL 1100,110,,
64478437,1593,500258,GRL 1100,154,,19.0
64478203,1593,500258,GRL 1100,73,730,15.0
64473912,1593,500258,GRL 1100,114,110,15.0
64473911,1593,500258,GRL 1100,55,100,11.0
64473910,1593,500258,GRL 1100,63,750,15.0
64473909,1593,500258,GRL 1100,65,"0,175",16.0
64473908,1593,500258,GRL 1100,26,110,15.0
64473883,0196 2164632,300152,GRL 1500 starr,114,1500,15.0
64473882,0196 2164632,300152,GRL 1500 starr,55,1400,11.0
64473881,0196 2164632,300152,GRL 1500 starr,63,750,15.0
64473880,0196 2164632,300152,GRL 1500 starr,73,1050,15.0
64473879,0196 2164632,300152,GRL 1500 starr,65,,16.0
64473878,0196 2164632,300152,GRL 1500 starr,26,1490,15.0
64473470,0126 110604-14-01,20311,TL 1000,147,,
64473469,0126 110604-14-01,20311,TL 1000,114,960,
64473468,0126 110604-14-01,20311,TL 1000,113,,
64473467,0126 110604-14-01,20311,TL 1000,110,​,
64473466,0126 110604-14-01,20311,TL 1000,109,[object Object],
64473465,0126 110604-14-01,20311,TL 1000,73,1890,
64473464,0126 110604-14-01,20311,TL 1000,65,,
64473463,0126 110604-14-01,20311,TL 1000,63,1500,
64473462,0126 110604-14-01,20311,TL 1000,55,840,
64473461,0126 110604-14-01,20311,TL 1000,26,960,
64473460,0126 110604-14-01,20311,TL 1000,12,4,
64473459,0126 110604-14-01,20311,TL 1000,154,21 - 26,
64473440,0123,20321,TL 1000,114,,15.0
64473439,0123,20321,TL 1000,154,16 -21,
64473438,0123,20321,TL 1000,147,,
64473437,0123,20321,TL 1000,113,,
64473435,0123,20321,TL 1000,73,1380,
64473434,0123,20321,TL 1000,65,,
64473433,0123,20321,TL 1000,63,1250,
64473432,0123,20321,TL 1000,55,540,
64473431,0123,20321,TL 1000,26,,
64473430,0123,20321,TL 1000,12,,
64473080,H1912652,500335,SL 1000,109,OilQuick,
64473076,H1912652,500335,SL 1000,147,,
64473066,H1912651,500334,TL 1200,63,550,15.0
64473065,H1912651,500334,TL 1200,109,OilQuick,
64473064,H1912651,500334,TL 1200,73,570,15.0
64473062,H1912651,500334,TL 1200,154,"3,8 - 6,5",19.0
64472602,H1700758,500247,TL 1400,114,1400,15.0
64472601,H1700758,500247,TL 1400,55,620,11.0
64472600,H1700758,500247,TL 1400,63,1400,15.0
64472599,H1700758,500247,TL 1400,109,OilQuick,
64472598,H1700758,500247,TL 1400,113,OQ 70/55,
64472597,H1700758,500247,TL 1400,12,5,18.0
64472596,H1700758,500247,TL 1400,147,1TF,
64472595,H1700758,500247,TL 1400,73,1770,15.0
64472594,H1700758,500247,TL 1400,65,"1,51",16.0
64472593,H1700758,500247,TL 1400,26,1400,15.0
64472592,H1700758,500247,TL 1400,154,,19.0
64472185,H1700757,500246,TL 1200,55,1100,11.0
64472184,H1700757,500246,TL 1200,63,1380,15.0
64472183,H1700757,500246,TL 1200,73,1850,15.0
64471813,H1611580,500233,TL 800,55,600,11.0
64471812,H1611580,500233,TL 800,63,1080,15.0
64471811,H1611580,500233,TL 800,73,1420,15.0
64471473,H1606230,500219,TL 600,63,1115,15.0
64471472,H1606230,500219,TL 600,109,OilQuick,
64471134,H1606230,500219,TL 600,73,1250,15.0
64470287,2203195,,TL 800,63,890,15.0
64470286,2203195,,TL 800,73,1220,15.0
64470277,2203195,,TL 800,154,"8,5 - 12",19.0
64469937,2203193,,TL 1200,63,900,15.0
64469936,2203193,,TL 1200,109,OilQuick,
64469935,2203193,,TL 1200,73,1230,15.0
64469934,2203193,,TL 1200,154,"8,5 - 12",19.0
64469933,2203192,,TL 1000,63,890,15.0
64469932,2203192,,TL 1000,73,1230,15.0
64469929,2203192,,TL 1000,154,"8,5 - 12",19.0
64469928,2203190,,TL 600,63,890,15.0
64469913,2203190,,TL 600,109,OilQuick,
64469592,2203190,,TL 600,73,1220,15.0
64469587,2203190,,TL 600,154,"8,5 - 12",19.0
64468895,2202072,,SL 600,55,40,11.0
64468894,2202072,,SL 600,63,450,15.0
64468892,2202072,,SL 600,154,"1,8 - 2,5",19.0
64468891,2202072,,SL 600,73,550,15.0
64467499,2118804,,Telelöffel 150 - MS 03,110,QC03 HT,
64467498,2118804,,Telelöffel 150 - MS 03,73,500,15.0
64467497,2118804,,Telelöffel 150 - MS 03,55,200,11.0
64467494,2118804,,Telelöffel 150 - MS 03,65,,16.0
64467493,2118804,,Telelöffel 150 - MS 03,109,Henle,
64467492,2118804,,Telelöffel 150 - MS 03,114,1400,15.0
64467157,2118804,,Telelöffel 150 - MS 03,63,980,15.0
64467156,2118804,,Telelöffel 150 - MS 03,26,150,15.0
64411883,2118804,,Telelöffel 150 - MS 03,154,"2,5 - 3,8",19.0
64411882,2019544,500375,GRL 1400 starr,110,QC03,
64411881,2019544,500375,GRL 1400 starr,55,520,11.0
64411880,2019544,500375,GRL 1400 starr,63,410,15.0
64411846,2019544,500375,GRL 1400 starr,73,500,15.0
64402298,0040 110604-03-01,20233,TL 600,55,356,11.0
64402297,0040 110604-03-01,20233,TL 600,109,OilQuick,
64402296,0040 110604-03-01,20233,TL 600,113,OQ 60-5,
64402295,0040 110604-03-01,20233,TL 600,12,0,18.0
64402294,0040 110604-03-01,20233,TL 600,65,"0,442",16.0
64402293,0040 110604-03-01,20233,TL 600,26,600,15.0
64402292,0040 110604-03-01,20233,TL 600,154,16 - 21,19.0
64402151,0041 110604-04-01,20234,TL 1000,55,488,11.0
64402150,0041 110604-04-01,20234,TL 1000,109,OilQuick,
64402149,0041 110604-04-01,20234,TL 1000,113,OQ 60-5,
64402148,0041 110604-04-01,20234,TL 1000,12,0,18.0
64402147,0041 110604-04-01,20234,TL 1000,65,"0,772",16.0
64402146,0041 110604-04-01,20234,TL 1000,26,1000,15.0
64402145,0041 110604-04-01,20234,TL 1000,154,13 - 17,19.0
64401700,0082 110604-11-01,20250,TL 1000,55,840,11.0
64401699,0082 110604-11-01,20250,TL 1000,109,OilQuick,
64401698,0082 110604-11-01,20250,TL 1000,113,OQ 70/55,
64401697,0082 110604-11-01,20250,TL 1000,12,0,18.0
64401696,0082 110604-11-01,20250,TL 1000,65,"1,053",16.0
64401695,0082 110604-11-01,20250,TL 1000,26,1000,15.0
64401694,0082 110604-11-01,20250,TL 1000,154,21 - 26,19.0
64400912,0124 110604-20-01,20313,TL 1500,55,1113,11.0
64400911,0124 110604-20-01,20313,TL 1500,109,OilQuick,
64400910,0124 110604-20-01,20313,TL 1500,113,OQ 70/55,
64400909,0124 110604-20-01,20313,TL 1500,12,0,18.0
64400908,0124 110604-20-01,20313,TL 1500,65,"1,686",16.0
64400907,0124 110604-20-01,20313,TL 1500,26,1500,15.0
64400906,0124 110604-20-01,20313,TL 1500,154,21 - 26,19.0
64400877,0086 1106041501,20254,TL 800,55,730,11.0
64400876,0086 1106041501,20254,TL 800,109,OilQuick,
64400875,0086 1106041501,20254,TL 800,113,OQ 70/55,
64400874,0086 1106041501,20254,TL 800,12,4,18.0
64400539,0086 1106041501,20254,TL 800,65,"0,855",16.0
64400538,0086 1106041501,20254,TL 800,26,800,15.0
64400537,0086 1106041501,20254,TL 800,154,21 -26,19.0
64238190,961538511129,,BW 28 RH,158,Nein,
64238189,961538511129,,BW 28 RH,155,Nein,
64238188,961538511129,,BW 28 RH,26,2070,15.0
64238187,961538511129,,BW 28 RH,63,3050,15.0
64238186,961538511129,,BW 28 RH,135,,11.0
64238185,961538511129,,BW 28 RH,87,Deutz,
64238184,961538511129,,BW 28 RH,6,Stufe V,
64238183,961538511129,,BW 28 RH,148,,
64238182,961538511129,,BW 28 RH,73,4945,15.0
64238181,961538511129,,BW 28 RH,69,Ja,
64238180,961538511129,,BW 28 RH,7,Tier 4f,
64238179,961538511129,,BW 28 RH,70,Nein,
64238178,961538511129,,BW 28 RH,13,2070,15.0
64238177,961538511129,,BW 28 RH,23,Nein,
64238176,961538511129,,BW 28 RH,55,12000,11.0
64238175,961538511129,,BW 28 RH,88,100,10.0
64238174,961538511129,,BW 28 RH,30,Ja,
64238173,961538511129,,BW 28 RH,89,TCD 3.6 L4,
64168500,0143 114506-15-01,20340,TL 1600 hydraulisch schwenkbar,113,OQ 70/55,
64168499,0143 114506-15-01,20340,TL 1600 hydraulisch schwenkbar,111,Ja,
64168498,0143 114506-15-01,20340,TL 1600 hydraulisch schwenkbar,55,925,11.0
64168497,0143 114506-15-01,20340,TL 1600 hydraulisch schwenkbar,109,OilQuick,
64168496,0143 114506-15-01,20340,TL 1600 hydraulisch schwenkbar,26,1600,15.0
64168495,0143 114506-15-01,20340,TL 1600 hydraulisch schwenkbar,65,"1,032",16.0
64167650,0092 110604-17-01,20187,GRL 2000,65,"0,944",16.0
64167649,0092 110604-17-01,20187,GRL 2000,26,2000,15.0
64167648,0092 110604-17-01,20187,GRL 2000,111,Ja,
64167647,0092 110604-17-01,20187,GRL 2000,113,OQ 70/55,
64167646,0092 110604-17-01,20187,GRL 2000,109,OilQuick,
64167645,0092 110604-17-01,20187,GRL 2000,112,Ja,
64167644,0092 110604-17-01,20187,GRL 2000,154,21 - 26,19.0
64167624,0142 114606-14-01,20339,GRL 2000,65,"0,944",16.0
64167617,0142 114606-14-01,20339,GRL 2000,26,2000,15.0
64167616,0142 114606-14-01,20339,GRL 2000,111,Ja,
64167615,0142 114606-14-01,20339,GRL 2000,113,OQ 70/55,
64167614,0142 114606-14-01,20339,GRL 2000,109,OilQuick,
64167613,0142 114606-14-01,20339,GRL 2000,112,Ja,
64167612,0142 114606-14-01,20339,GRL 2000,154,26-29,19.0
64162853,0144 114606-16-01,20341,GRL 2500,65,"1,164",16.0
64162498,0144 114606-16-01,20341,GRL 2500,111,Ja,
64162494,0144 114606-16-01,20341,GRL 2500,26,2500,15.0
64162493,0144 114606-16-01,20341,GRL 2500,109,OilQuick,
64162492,0144 114606-16-01,20341,GRL 2500,114,250,15.0
64162491,0144 114606-16-01,20341,GRL 2500,154,26-30,19.0
64122891,H2109958,500387,TL 1200,12,6,18.0
64122890,H2109958,500387,TL 1200,26,1200,15.0
64122889,H2109958,500387,TL 1200,55,500,11.0
64122888,H2109958,500387,TL 1200,65,"0,57",16.0
64122887,H2109958,500387,TL 1200,113,OQ 60-5,
64122886,H2109958,500387,TL 1200,114,1200,15.0
64122885,H2109958,500387,TL 1200,147,CAt J300,
64122884,2019761,500376,GRL 2000 starr,113,60-5,
64122883,2019761,500376,GRL 2000 starr,109,OilQuick,
64122882,2019761,500376,GRL 2000 starr,114,2000,15.0
64122881,2019761,500376,GRL 2000 starr,154,14 - 16,19.0
64122880,0149 H1205964,20404,TL 1600 hydraulisch schwenkbar,113,OQ 70/55,
64122879,0149 H1205964,20404,TL 1600 hydraulisch schwenkbar,111,Ja,
64122878,0149 H1205964,20404,TL 1600 hydraulisch schwenkbar,112,Nein,
64122877,0149 H1205964,20404,TL 1600 hydraulisch schwenkbar,109,OilQuick,
64122876,0149 H1205964,20404,TL 1600 hydraulisch schwenkbar,26,1600,15.0
64122875,0149 H1205964,20404,TL 1600 hydraulisch schwenkbar,12,0,18.0
64122455,0167 H1205963,20411,TL 800,114,800,15.0
64122454,0167 H1205963,20411,TL 800,55,,11.0
64122453,0167 H1205963,20411,TL 800,63,,15.0
64122452,0167 H1205963,20411,TL 800,109,OilQuick,
64122451,0167 H1205963,20411,TL 800,113,OQ 60-5,
64122450,0167 H1205963,20411,TL 800,12,4,18.0
64122449,0167 H1205963,20411,TL 800,147,CAT J250,
64122448,0167 H1205963,20411,TL 800,73,,15.0
64122447,0167 H1205963,20411,TL 800,65,"0,38",16.0
64122446,0167 H1205963,20411,TL 800,26,800,15.0
64122445,0167 H1205963,20411,TL 800,154,"8,5 - 12",19.0
63993958,55VB8245R,,Verbreiterung - AB 600-3 TV - 750R,26,750,15.0
63993957,55VB8245R,,Verbreiterung - AB 600-3 TV - 750R,149,AB 600-3 TV,
63993956,55VB8247R,,Verbreiterung - AB 600-3 TV - 750R,26,750,15.0
63993955,55VB8247R,,Verbreiterung - AB 600-3 TV - 750R,149,AB 600-3 TV,
63993954,61VB0584R,,Verbreiterung - AB 340-3 TV - 550R,73,550,15.0
63993953,61VB0584R,,Verbreiterung - AB 340-3 TV - 550R,149,AB 340-3 TV,
63993952,61VB0584L,,Verbreiterung - AB 340-3 TV - 550L,26,550,15.0
63993951,61VB0584L,,Verbreiterung - AB 340-3 TV - 550L,151,AB 340-3 TV,13.0
63993949,55VB8196R,,Verbreiterung - AB 600-3 TV - 750R,26,750,15.0
63993948,55VB8196R,,Verbreiterung - AB 600-3 TV - 750R,149,AB 600-3 TV,
63993912,55VB7612R,,Verbreiterung - AB 600-3 TV - 750R,26,750,15.0
63993911,55VB7445R,,Verbreiterung - AB 600-3 TV - 750R,26,750,15.0
63993889,61VB0512R,,Verbreiterung - AB 340-3 TV - 550R,26,550,15.0
63993888,61VB0512L,,Verbreiterung - AB 340-3 TV - 550L,26,550,15.0
63993872,55VB7364R,,Verbreiterung - AB 600-3 TV - 750R,26,750,15.0
63993853,54 VB / 1192 L,500276,Verbreiterung - AB 600-3 TV - 250L,26,250,15.0
63993852,54 VB / 1192 R,500277,Verbreiterung - AB 600-3 TV - 250R,26,250,15.0
63993830,54 VB 1254 L,500274,Verbreiterung - AB 600-3 TV - 250L,26,250,15.0
63993729,54 VB / 1254 R,500273,Verbreiterung - AB 600-3 TV - 250R,26,250,15.0
63983066,101881,,Verbreiterung - AB 200 TV - 600R,149,AB 200 TV,
63983065,101881,,Verbreiterung - AB 200 TV - 600R,26,600,15.0
63983061,101880,,Verbreiterung - AB 200 TV - 600L,149,AB 200 TV,
63983060,101880,,Verbreiterung - AB 200 TV - 600L,26,600,15.0
63955022,61301005,300454,613 M Serie E,59,"18,8",14.0
63955021,61301005,300454,613 M Serie E,148,Ja,
63955020,61301005,300454,613 M Serie E,7,,
63955019,61301005,300454,613 M Serie E,62,Ja,
63955018,61301005,300454,613 M Serie E,18,"17,0",14.0
63955017,61301005,300454,613 M Serie E,73,8481,15.0
63955016,61301005,300454,613 M Serie E,26,2550,15.0
63955015,61301005,300454,613 M Serie E,69,Ja,
63955014,61301005,300454,613 M Serie E,23,Nein,
63955013,61301005,300454,613 M Serie E,131,"15,0",11.0
63955012,61301005,300454,613 M Serie E,21,"4,10",19.0
63955011,61301005,300454,613 M Serie E,88,100,10.0
63955010,61301005,300454,613 M Serie E,6,Stufe V,
63955009,61301005,300454,613 M Serie E,63,3187,15.0
63954990,61301005,300454,613 M Serie E,87,Cummins,
63954989,61301005,300454,613 M Serie E,5,Nein,
63954988,61301005,300454,613 M Serie E,55,19700,11.0
63954987,61301005,300454,613 M Serie E,89,F3.8 FR95683,
63954986,61301005,300454,613 M Serie E,50,Ja,
63954985,61301005,300454,613 M Serie E,30,Ja,
63954566,61301306,,613 M Serie E,59,"18,8",14.0
63954565,61301306,,613 M Serie E,148,Ja,
63954564,61301306,,613 M Serie E,7,,
63954563,61301306,,613 M Serie E,62,Ja,
63954562,61301306,,613 M Serie E,18,"17,0",14.0
63954561,61301306,,613 M Serie E,73,8481,15.0
63954560,61301306,,613 M Serie E,26,2550,15.0
63954559,61301306,,613 M Serie E,69,Ja,
63954558,61301306,,613 M Serie E,23,Nein,
63954557,61301306,,613 M Serie E,131,"15,0",11.0
63954556,61301306,,613 M Serie E,21,"4,10",19.0
63954555,61301306,,613 M Serie E,88,100,10.0
63954554,61301306,,613 M Serie E,6,Stufe V,
63954553,61301306,,613 M Serie E,63,3187,15.0
63954552,61301306,,613 M Serie E,87,Cummins,
63954551,61301306,,613 M Serie E,5,Nein,
63954550,61301306,,613 M Serie E,55,19700,11.0
63954541,61301306,,613 M Serie E,89,F3.8 FR95683,
63954540,61301306,,613 M Serie E,50,Ja,
63954539,61301306,,613 M Serie E,30,Ja,
63954157,61351309,,613 R Serie E,59,"18,8",14.0
63954156,61351309,,613 R Serie E,148,Ja,
63954155,61351309,,613 R Serie E,7,,
63954154,61351309,,613 R Serie E,62,Ja,
63954153,61351309,,613 R Serie E,18,"17,0",14.0
63954152,61351309,,613 R Serie E,73,8481,15.0
63954151,61351309,,613 R Serie E,26,2480,15.0
63954150,61351309,,613 R Serie E,69,Ja,
63954149,61351309,,613 R Serie E,23,Nein,
63954148,61351309,,613 R Serie E,131,"15,0",11.0
63954147,61351309,,613 R Serie E,21,"4,10",19.0
63954146,61351309,,613 R Serie E,88,100,10.0
63954145,61351309,,613 R Serie E,6,Stufe V,
63954144,61351309,,613 R Serie E,63,2850,15.0
63954143,61351309,,613 R Serie E,87,Cummins,
63954142,61351309,,613 R Serie E,5,Nein,
63954141,61351309,,613 R Serie E,55,24300,11.0
63954140,61351309,,613 R Serie E,89,F3.8 FR95683,
63954139,61351309,,613 R Serie E,50,Ja,
63954138,61351309,,613 R Serie E,30,Ja,
63954088,6435515,300554,643 R Serie E,59,"30,00",14.0
63954087,6435515,300554,643 R Serie E,148,Ja,
63954086,6435515,300554,643 R Serie E,7,,
63954085,6435515,300554,643 R Serie E,18,"28,00",14.0
63954084,6435515,300554,643 R Serie E,73,9621,15.0
63954082,6435515,300554,643 R Serie E,26,3000,15.0
63954081,6435515,300554,643 R Serie E,69,Ja,
63954080,6435515,300554,643 R Serie E,23,Nein,
63954079,6435515,300554,643 R Serie E,131,"30,2",11.0
63954078,6435515,300554,643 R Serie E,21,"7,00",19.0
63954077,6435515,300554,643 R Serie E,88,129,10.0
63954073,6435515,300554,643 R Serie E,6,Stufe V,
63953642,6435515,300554,643 R Serie E,63,3284,15.0
63953641,6435515,300554,643 R Serie E,87,Cummins,
63953640,6435515,300554,643 R Serie E,5,Ja,
63953639,6435515,300554,643 R Serie E,55,42000,11.0
63953638,6435515,300554,643 R Serie E,89,B4.5 FR95721,
63953637,6435515,300554,643 R Serie E,50,Ja,
63953636,6435515,300554,643 R Serie E,30,Ja,
63952195,6435545,300682,643 R Serie E,59,"30,00",14.0
63952194,6435545,300682,643 R Serie E,148,Ja,
63952193,6435545,300682,643 R Serie E,7,,
63952190,6435545,300682,643 R Serie E,18,"28,00",14.0
63952189,6435545,300682,643 R Serie E,73,9621,15.0
63952188,6435545,300682,643 R Serie E,26,3000,15.0
63952187,6435545,300682,643 R Serie E,69,Ja,
63952186,6435545,300682,643 R Serie E,23,Nein,
63952185,6435545,300682,643 R Serie E,131,"30,2",11.0
63952184,6435545,300682,643 R Serie E,21,"7,00",19.0
63952183,6435545,300682,643 R Serie E,88,129,10.0
63952182,6435545,300682,643 R Serie E,6,Stufe V,
63952181,6435545,300682,643 R Serie E,63,3284,15.0
63952180,6435545,300682,643 R Serie E,87,Cummins,
63952179,6435545,300682,643 R Serie E,5,Ja,
63952178,6435545,300682,643 R Serie E,55,42000,11.0
63952177,6435545,300682,643 R Serie E,89,B4.5 FR95721,
63952176,6435545,300682,643 R Serie E,50,Ja,
63952175,6435545,300682,643 R Serie E,30,Ja,
63951301,13.10.0324,18311,W 100 Fi,45,1000,
63951300,13.10.0324,18311,W 100 Fi,23,,
63951299,13.10.0324,18311,W 100 Fi,8,,
63951298,13.10.0324,18311,W 100 Fi,6,Stufe III B,
63951297,13.10.0324,18311,W 100 Fi,142,,
63951296,13.10.0324,18311,W 100 Fi,69,,
63951295,13.10.0324,18311,W 100 Fi,26,2575,
63951294,13.10.0324,18311,W 100 Fi,89,QSL 9,
63951293,13.10.0324,18311,W 100 Fi,143,,
63951292,13.10.0324,18311,W 100 Fi,46,,
63951291,13.10.0324,18311,W 100 Fi,87,,
63951290,13.10.0324,18311,W 100 Fi,55,18700,
63951289,13.10.0324,18311,W 100 Fi,30,,
63951288,13.10.0324,18311,W 100 Fi,77,,
63951287,13.10.0324,18311,W 100 Fi,148,,
63951286,13.10.0324,18311,W 100 Fi,9,,
63951285,13.10.0324,18311,W 100 Fi,47,320,
63951284,13.10.0324,18311,W 100 Fi,41,,
63951283,13.10.0324,18311,W 100 Fi,73,10685,
63951282,13.10.0324,18311,W 100 Fi,63,3000,
63951281,13.10.0324,18311,W 100 Fi,144,,
63951280,13.10.0324,18311,W 100 Fi,122,,
63951279,13.10.0324,18311,W 100 Fi,88,224,
63951278,13.10.0324,18311,W 100 Fi,61,,
63951277,13.10.0324,18311,W 100 Fi,7,Tier 4,
63946329,1511-52827,300768,R 914 Compact K-S,99,Nein,
63946328,1511-52827,300768,R 914 Compact K-S,69,Ja,
63946327,1511-52827,300768,R 914 Compact K-S,83,Nein,
63946326,1511-52827,300768,R 914 Compact K-S,23,Nein,
63946325,1511-52827,300768,R 914 Compact K-S,78,4850,15.0
63946324,1511-52827,300768,R 914 Compact K-S,113,OQ 60-5,
63946322,1511-52827,300768,R 914 Compact K-S,87,Deutz,
63946321,1511-52827,300768,R 914 Compact K-S,128,Nein,
63946320,1511-52827,300768,R 914 Compact K-S,141,Nein,
63946319,1511-52827,300768,R 914 Compact K-S,6,Stufe V,
63946318,1511-52827,300768,R 914 Compact K-S,11,Nein,
63946317,1511-52827,300768,R 914 Compact K-S,111,Ja,
63946316,1511-52827,300768,R 914 Compact K-S,112,Nein,
63946315,1511-52827,300768,R 914 Compact K-S,109,OilQuick,
63946314,1511-52827,300768,R 914 Compact K-S,55,16300,11.0
63946311,1511-52827,300768,R 914 Compact K-S,56,5800,15.0
63946310,1511-52827,300768,R 914 Compact K-S,30,Ja,
63946309,1511-52827,300768,R 914 Compact K-S,89,TCD3.6L4,
63946308,1511-52827,300768,R 914 Compact K-S,148,Ja,
63946307,1511-52827,300768,R 914 Compact K-S,57,Ja,
63946306,1511-52827,300768,R 914 Compact K-S,88,90,10.0
63946305,1511-52827,300768,R 914 Compact K-S,7,Tier 4f,
63946304,1511-52827,300768,R 914 Compact K-S,120,Nein,
63946303,1511-52827,300768,R 914 Compact K-S,137,Ja,
63946302,1511-52827,300768,R 914 Compact K-S,101,Nein,
63946301,1511-52827,300768,R 914 Compact K-S,140,Nein,
63946300,1511-52827,300768,R 914 Compact K-S,58,Ja,
63946299,1511-52827,300768,R 914 Compact K-S,107,Ja,
63946298,1511-52827,300768,R 914 Compact K-S,106,Ja,
63946297,1511-52827,300768,R 914 Compact K-S,60,Ja,
63946296,1511-52827,300768,R 914 Compact K-S,63,2980,15.0
63946295,1511-52827,300768,R 914 Compact K-S,26,2500,15.0
63946294,1511-52827,300768,R 914 Compact K-S,73,7800,15.0
63943678,H4067,500262,HPC 75-2,13,2315,15.0
63943677,H4067,500262,HPC 75-2,63,,15.0
63943676,H4067,500262,HPC 75-2,55,1650,11.0
63943675,H4067,500262,HPC 75-2,148,Nein,
63943674,H4067,500262,HPC 75-2,73,,15.0
63943673,H4067,500262,HPC 75-2,26,2315,15.0
63943672,H4067,500262,HPC 75-2,23,Nein,
63918042,1423-22503,300774,PR 716 LGP G6.0-D,69,Ja,
63918041,1423-22503,300774,PR 716 LGP G6.0-D,148,Nein,
63918040,1423-22503,300774,PR 716 LGP G6.0-D,23,Nein,
63918039,1423-22503,300774,PR 716 LGP G6.0-D,141,Ja,
63918038,1423-22503,300774,PR 716 LGP G6.0-D,140,Ja,
63918037,1423-22503,300774,PR 716 LGP G6.0-D,24,762,15.0
63918036,1423-22503,300774,PR 716 LGP G6.0-D,68,Ja,
63918035,1423-22503,300774,PR 716 LGP G6.0-D,134,,15.0
63918034,1423-22503,300774,PR 716 LGP G6.0-D,125,,15.0
63918033,1423-22503,300774,PR 716 LGP G6.0-D,121,,15.0
63918032,1423-22503,300774,PR 716 LGP G6.0-D,97,,15.0
63918031,1423-22503,300774,PR 716 LGP G6.0-D,30,Ja,
63918030,1423-22503,300774,PR 716 LGP G6.0-D,7,Tier 4f,
63918029,1423-22503,300774,PR 716 LGP G6.0-D,6,Stufe V,
63918028,1423-22503,300774,PR 716 LGP G6.0-D,88,93,10.0
63918027,1423-22503,300774,PR 716 LGP G6.0-D,89,D 924 A7,
63918026,1423-22503,300774,PR 716 LGP G6.0-D,87,Liebherr,
63918025,1423-22503,300774,PR 716 LGP G6.0-D,55,15200,11.0
63918024,1423-22503,300774,PR 716 LGP G6.0-D,63,3012,15.0
63918023,1423-22503,300774,PR 716 LGP G6.0-D,26,2808,15.0
63918022,1423-22503,300774,PR 716 LGP G6.0-D,73,6702,15.0
63747213,20022169,300661,CR 2,87,Honda,
63747212,20022169,300661,CR 2,88,"2,7",10.0
63747211,20022169,300661,CR 2,39,Nein,
63747210,20022169,300661,CR 2,55,83,11.0
63747209,20022169,300661,CR 2,89,GX 160,
63747208,20022169,300661,CR 2,73,1130,15.0
63747207,20022169,300661,CR 2,13,450,15.0
63747206,20022169,300661,CR 2,85,Nein,
63747205,20022169,300661,CR 2,26,450,15.0
63747204,20022169,300661,CR 2,138,Nein,
63747203,20022169,300661,CR 2,104,Nein,
63747202,20022169,300661,CR 2,63,550,15.0
63747201,20022169,300661,CR 2,84,Ja,
63747200,20022169,300661,CR 2,138,Ja,
63747199,20018622,300642,CR 7 CCD 2.0,87,Hatz,
63747198,20018622,300642,CR 7 CCD 2.0,88,"5,8",10.0
63747197,20018622,300642,CR 7 CCD 2.0,136,Nein,
63747196,20018622,300642,CR 7 CCD 2.0,39,Ja,
63747195,20018622,300642,CR 7 CCD 2.0,29,Ja,
63747194,20018622,300642,CR 7 CCD 2.0,55,477,11.0
63747193,20018622,300642,CR 7 CCD 2.0,89,1 B 40,
63747192,20018622,300642,CR 7 CCD 2.0,73,1710,15.0
63747191,20018622,300642,CR 7 CCD 2.0,13,650,15.0
63747190,20018622,300642,CR 7 CCD 2.0,85,Ja,
63747189,20018622,300642,CR 7 CCD 2.0,26,650,15.0
63747188,20018622,300642,CR 7 CCD 2.0,138,Ja,
63747187,20018622,300642,CR 7 CCD 2.0,104,Ja,
63747186,20018622,300642,CR 7 CCD 2.0,63,1160,15.0
63747185,20018622,300642,CR 7 CCD 2.0,84,Nein,
63747184,20018622,300642,CR 7 CCD 2.0,139,Ja,
63747183,20018336,300643,CR 7 CCD 2.0,87,Hatz,
63747182,20018336,300643,CR 7 CCD 2.0,88,"5,8",10.0
63747181,20018336,300643,CR 7 CCD 2.0,136,Nein,
63747180,20018336,300643,CR 7 CCD 2.0,39,Ja,
63747179,20018336,300643,CR 7 CCD 2.0,29,Ja,
63747178,20018336,300643,CR 7 CCD 2.0,55,477,11.0
63747177,20018336,300643,CR 7 CCD 2.0,89,1 B 40,
63747176,20018336,300643,CR 7 CCD 2.0,73,1710,15.0
63747175,20018336,300643,CR 7 CCD 2.0,13,650,15.0
63747174,20018336,300643,CR 7 CCD 2.0,85,Ja,
63747173,20018336,300643,CR 7 CCD 2.0,26,650,15.0
63747172,20018336,300643,CR 7 CCD 2.0,138,Ja,
63747171,20018336,300643,CR 7 CCD 2.0,104,Ja,
63747170,20018336,300643,CR 7 CCD 2.0,63,1160,15.0
63747169,20018336,300643,CR 7 CCD 2.0,84,Nein,
63747168,20018336,300643,CR 7 CCD 2.0,139,Ja,
63747167,20066429,,CF 1-II Hd,87,,
63747166,20066429,,CF 1-II Hd,88,,10.0
63747165,20066429,,CF 1-II Hd,136,,
63747164,20066429,,CF 1-II Hd,29,,
63747163,20066429,,CF 1-II Hd,29,,
63747162,20066429,,CF 1-II Hd,55,,11.0
63747161,20066429,,CF 1-II Hd,89,,
63747160,20066429,,CF 1-II Hd,73,,15.0
63747159,20066429,,CF 1-II Hd,13,,15.0
63747158,20066429,,CF 1-II Hd,85,,
63747157,20066429,,CF 1-II Hd,26,,15.0
63747156,20066429,,CF 1-II Hd,138,,
63747155,20066429,,CF 1-II Hd,104,,
63747154,20066429,,CF 1-II Hd,63,,15.0
63747153,20066429,,CF 1-II Hd,84,,
63747152,20066429,,CF 1-II Hd,139,Ja,
63746802,20044532,300733,CF 2-II Hd,87,Honda,
63746801,20044532,300733,CF 2-II Hd,88,"2,7",10.0
63746799,20044532,300733,CF 2-II Hd,39,Nein,
63746798,20044532,300733,CF 2-II Hd,55,83,11.0
63746797,20044532,300733,CF 2-II Hd,89,GX 160,
63746796,20044532,300733,CF 2-II Hd,73,1130,15.0
63746795,20044532,300733,CF 2-II Hd,13,450,15.0
63746794,20044532,300733,CF 2-II Hd,85,Nein,
63746793,20044532,300733,CF 2-II Hd,26,450,15.0
63746792,20044532,300733,CF 2-II Hd,138,Nein,
63746791,20044532,300733,CF 2-II Hd,104,Nein,
63746790,20044532,300733,CF 2-II Hd,63,550,15.0
63746789,20044532,300733,CF 2-II Hd,84,Ja,
63746788,20044532,300733,CF 2-II Hd,139,Ja,
63746437,20067435,,CR 2,87,Honda,
63746436,20067435,,CR 2,88,"2,7",10.0
63746434,20067435,,CR 2,39,Nein,
63746433,20067435,,CR 2,55,83,11.0
63746432,20067435,,CR 2,89,GX 160,
63746431,20067435,,CR 2,73,1130,15.0
63746430,20067435,,CR 2,13,450,15.0
63746429,20067435,,CR 2,85,Nein,
63746428,20067435,,CR 2,26,450,15.0
63746427,20067435,,CR 2,138,Nein,
63746426,20067435,,CR 2,104,Nein,
63746425,20067435,,CR 2,63,550,15.0
63746424,20067435,,CR 2,84,Ja,
63746423,20067435,,CR 2,139,Ja,
63710655,H1700757,500246,TL 1200,114,1200,15.0
63710654,H1700757,500246,TL 1200,109,OilQuick,
63710653,H1700757,500246,TL 1200,113,OQ 70/55,
63710652,H1700757,500246,TL 1200,12,5,18.0
63710651,H1700757,500246,TL 1200,147,CAT J350,
63710650,H1700757,500246,TL 1200,65,"1,26",16.0
63710649,H1700757,500246,TL 1200,26,1200,15.0
63710648,H1700757,500246,TL 1200,154,21 - 26,19.0
63710104,H1700756,500245,TL 1200,114,1200,15.0
63710103,H1700756,500245,TL 1200,109,OilQuick,
63710102,H1700756,500245,TL 1200,113,OQ 70/55,
63710101,H1700756,500245,TL 1200,12,5,18.0
63710100,H1700756,500245,TL 1200,147,CAT J350,
63710099,H1700756,500245,TL 1200,65,"0,990",16.0
63710098,H1700756,500245,TL 1200,26,1200,15.0
63710097,H1700756,500245,TL 1200,154,16 - 21,19.0
63708576,H1700751,500239,SL 1000,26,1000,15.0
63708575,H1700751,500239,SL 1000,12,5,18.0
63708574,H1700751,500239,SL 1000,65,"0,208",16.0
63708573,H1700751,500239,SL 1000,147,Mini-Z 2,
63708572,H1700751,500239,SL 1000,109,Henle,
63708571,H1700751,500239,SL 1000,110,QC03,
63708570,H1700751,500239,SL 1000,114,1000,15.0
63708569,H1700751,500239,SL 1000,154,"2,5 - 3,8",19.0
63708496,2019544,500375,GRL 1400 starr,109,Henle,
63708495,2019544,500375,GRL 1400 starr,26,1400,15.0
63708494,2019544,500375,GRL 1400 starr,65,"0,191",16.0
63708493,2019544,500375,GRL 1400 starr,114,1400,15.0
63708492,2019544,500375,GRL 1400 starr,154,"2,5 - 3,8",19.0
63708478,2019539,500370,GRL 1200 starr,110,QC01,
63708477,2019539,500370,GRL 1200 starr,109,Henle,
63708476,2019539,500370,GRL 1200 starr,26,1200,15.0
63708475,2019539,500370,GRL 1200 starr,65,"0,093",16.0
63708474,2019539,500370,GRL 1200 starr,114,1200,15.0
63708473,2019539,500370,GRL 1200 starr,154,"1,0 - 2,0",19.0
63707048,2019538,500369,GRL 800,110,QC01,
63707047,2019538,500369,GRL 800,109,Henle,
63707046,2019538,500369,GRL 800,26,800,15.0
63707045,2019538,500369,GRL 800,65,"0,038",16.0
63707044,2019538,500369,GRL 800,114,800,15.0
63707043,2019538,500369,GRL 800,154,"0,1 - 1,0",19.0
63704784,101870221047,,BW 174 AP-4v,136,,
63704783,101870221047,,BW 174 AP-4v,16,,
63704782,101870221047,,BW 174 AP-4v,148,Nein,
63704781,101870221047,,BW 174 AP-4v,55,9500,11.0
63704780,101870221047,,BW 174 AP-4v,26,1826,15.0
63704779,101870221047,,BW 174 AP-4v,96,Nein,
63704778,101870221047,,BW 174 AP-4v,67,1,18.0
63704777,101870221047,,BW 174 AP-4v,70,Ja,
63704776,101870221047,,BW 174 AP-4v,135,,11.0
63704775,101870221047,,BW 174 AP-4v,63,3000,15.0
63704774,101870221047,,BW 174 AP-4v,73,4420,15.0
63704773,101870221047,,BW 174 AP-4v,23,Nein,
63704772,101870221047,,BW 174 AP-4v,13,1680,15.0
63704771,101870221047,,BW 174 AP-4v,30,Ja,
63704770,101870221047,,BW 174 AP-4v,54,Ja,
63704769,101870221047,,BW 174 AP-4v,89,TCD 3.6,
63704768,101870221047,,BW 174 AP-4v,87,Deutz,
63704767,101870221047,,BW 174 AP-4v,88,"74,4",10.0
63704766,101870221047,,BW 174 AP-4v,69,,
63704765,101870221047,,BW 174 AP-4v,155,,
63704764,101870221047,,BW 174 AP-4v,158,Nein,
63704413,2019537,500368,TL 500,114,500,15.0
63704412,2019537,500368,TL 500,55,,11.0
63704411,2019537,500368,TL 500,63,,15.0
63704410,2019537,500368,TL 500,109,Henle,
63704409,2019537,500368,TL 500,12,4,18.0
63704408,2019537,500368,TL 500,147,Mini-Z 1,
63704407,2019537,500368,TL 500,73,,15.0
63704406,2019537,500368,TL 500,65,"0,038",16.0
63704405,2019537,500368,TL 500,26,500,15.0
63704404,2019537,500368,TL 500,110,QC01,
63704403,2019537,500368,TL 500,154,"0,1 - 1,0",19.0
63704402,H1913080,500341,TL 600,26,600,15.0
63704401,H1913080,500341,TL 600,109,Henle,
63704400,H1913080,500341,TL 600,12,4,18.0
63704399,H1913080,500341,TL 600,147,Mini-Z 2,
63704398,H1913080,500341,TL 600,65,"0,116",16.0
63704397,H1913080,500341,TL 600,110,QC03,
63704396,H1913080,500341,TL 600,154,"2,5 - 3,8",19.0
63704046,H1913078,500339,TL 400,114,400,15.0
63704045,H1913078,500339,TL 400,109,Henle,
63704044,H1913078,500339,TL 400,12,3,18.0
63704043,H1913078,500339,TL 400,147,Mini-Z 2,
63704042,H1913078,500339,TL 400,65,"0,070",16.0
63704041,H1913078,500339,TL 400,26,400,15.0
63704040,H1913078,500339,TL 400,110,QC03,
63704039,H1913078,500339,TL 400,154,"2,5 - 3,8",19.0
63703687,0115 H1102020,20180,GRL 1800,113,OQ 60-5,
63703686,0115 H1102020,20180,GRL 1800,109,OilQuick,
63703685,0115 H1102020,20180,GRL 1800,26,1800,15.0
63703684,0115 H1102020,20180,GRL 1800,65,"0,520",16.0
63703683,0115 H1102020,20180,GRL 1800,114,1800,15.0
63703673,H1601663,500205,TL 500,114,,15.0
63703672,H1601663,500205,TL 500,55,,11.0
63703671,H1601663,500205,TL 500,63,,15.0
63703670,H1601663,500205,TL 500,109,,
63703669,H1601663,500205,TL 500,113,,
63703668,H1601663,500205,TL 500,12,,18.0
63703667,H1601663,500205,TL 500,147,,
63703666,H1601663,500205,TL 500,73,,15.0
63703665,H1601663,500205,TL 500,65,,16.0
63703664,H1601663,500205,TL 500,26,,15.0
63703663,H1601663,500205,TL 500,110,,
63703662,H1601663,500205,TL 500,154,,19.0
63703661,H1611581,500234,TL 1200,12,6,18.0
63703660,H1611581,500234,TL 1200,26,1200,15.0
63703659,H1611581,500234,TL 1200,55,500,11.0
63703658,H1611581,500234,TL 1200,65,"0,57",16.0
63703657,H1611581,500234,TL 1200,113,OQ 60-5,
63703656,H1611581,500234,TL 1200,114,1200,15.0
63703655,H1611581,500234,TL 1200,147,CAT J300,
63703304,H1611580,500233,TL 800,114,800,15.0
63703303,H1611580,500233,TL 800,109,OilQuick,
63703302,H1611580,500233,TL 800,113,OQ 60-5,
63703301,H1611580,500233,TL 800,12,4,18.0
63703300,H1611580,500233,TL 800,147,Cat J250,
63703299,H1611580,500233,TL 800,65,"0,38",16.0
63703298,H1611580,500233,TL 800,26,800,15.0
63703297,H1611580,500233,TL 800,154,"8,5 - 12",19.0
63703296,H1611579,500232,TL 600,12,4,18.0
63703295,H1611579,500232,TL 600,55,250,11.0
63703294,H1611579,500232,TL 600,26,600,15.0
63703293,H1611579,500232,TL 600,65,"0,29",16.0
63703292,H1611579,500232,TL 600,113,OQ 60-5,
63703291,H1611579,500232,TL 600,114,600,15.0
63703290,H1611579,500232,TL 600,147,CAT J250,
63698949,H1912638,500326,TL 500,114,500,15.0
63698948,H1912638,500326,TL 500,109,Henle,
63698947,H1912638,500326,TL 500,12,4,18.0
63698946,H1912638,500326,TL 500,147,Mini-Z 1,
63698945,H1912638,500326,TL 500,65,"0,038",16.0
63698944,H1912638,500326,TL 500,26,500,15.0
63698943,H1912638,500326,TL 500,110,QC01,
63698942,H1912638,500326,TL 500,154,"0,1 - 1,0",19.0
63698941,H1807253,500294,SL 1200,26,1200,15.0
63698940,H1807253,500294,SL 1200,113,OQ 70/55,
63698939,H1807253,500294,SL 1200,12,5,18.0
63698938,H1807253,500294,SL 1200,65,"0,925",16.0
63698937,H1807253,500294,SL 1200,147,CAT J300,
63698936,H1807253,500294,SL 1200,109,OilQuick,
63698935,H1807253,500294,SL 1200,114,1200,15.0
63698934,H1807253,500294,SL 1200,154,16 - 21,19.0
63674434,14110697,,Super 1300-3i,159,Nein (bitte ausschließlich unseren HGT Fertiger anmieten),
63674052,08192477,,Super 1900-3i,159,Nein (bitte ausschließlich unseren HGT Fertiger anmieten),
63674051,08192477,,Super 1900-3i,156,Nein,
63674050,08192477,,Super 1900-3i,152,bis 40,15.0
63674049,08192477,,Super 1900-3i,52,Nein,
63674048,08192477,,Super 1900-3i,38,"9,50",14.0
63674047,08192477,,Super 1900-3i,37,"6,00",14.0
63674046,08192477,,Super 1900-3i,36,"3,00",14.0
63674045,08192477,,Super 1900-3i,149,AB 600-3 TP 2,
63674044,08192477,,Super 1900-3i,89,B6.7-C195,
63674042,08192477,,Super 1900-3i,88,145,10.0
63674040,08192477,,Super 1900-3i,35,Ja,
63674039,08192477,,Super 1900-3i,127,Ja,
63674038,08192477,,Super 1900-3i,148,Ja,
63674037,08192477,,Super 1900-3i,8,Ja,
63674036,08192477,,Super 1900-3i,87,Cummins,
63674035,08192477,,Super 1900-3i,27,hydraulisch,
63674034,08192477,,Super 1900-3i,23,Nein,
63674033,08192477,,Super 1900-3i,132,Ja,
63674032,08192477,,Super 1900-3i,34,900,20.0
63674031,08192477,,Super 1900-3i,30,Ja,
63674030,08192477,,Super 1900-3i,55,21450,11.0
63674029,08192477,,Super 1900-3i,63,3100,15.0
63674028,08192477,,Super 1900-3i,26,2550,15.0
63674027,08192477,,Super 1900-3i,73,7000,15.0
63674023,H1912640,500328,GRL 1400 starr,110,QC03,
63674022,H1912640,500328,GRL 1400 starr,109,Henle,
63674021,H1912640,500328,GRL 1400 starr,26,1400,15.0
63674020,H1912640,500328,GRL 1400 starr,73,,15.0
63674019,H1912640,500328,GRL 1400 starr,23,,
63674018,H1912640,500328,GRL 1400 starr,65,"0,191",16.0
63674017,H1912640,500328,GRL 1400 starr,63,,15.0
63674016,H1912640,500328,GRL 1400 starr,55,,11.0
63674015,H1912640,500328,GRL 1400 starr,114,1400,15.0
63674014,H1912640,500328,GRL 1400 starr,154,"2,5 - 3,8",19.0
63671416,H1912643,500331,SL 1000,71,,15.0
63671415,H1912643,500331,SL 1000,73,850,15.0
63671414,H1912643,500331,SL 1000,55,130,11.0
63671413,H1912643,500331,SL 1000,63,680,15.0
63671412,H1912643,500331,SL 1000,26,1000,15.0
63671411,H1912643,500331,SL 1000,12,5,18.0
63671410,H1912643,500331,SL 1000,65,"0,208",16.0
63671409,H1912643,500331,SL 1000,147,Mini-Z 2,
63671408,H1912643,500331,SL 1000,109,Henle,
63671407,H1912643,500331,SL 1000,110,QC03,
63671406,H1912643,500331,SL 1000,114,800,15.0
63671405,H1912643,500331,SL 1000,154,"2,5 - 3,8",19.0
63671404,H1912643,500331,SL 1000,162,,
63667210,H1912644,500332,GRL 1600 starr,73,,15.0
63667209,H1912644,500332,GRL 1600 starr,55,,11.0
63667208,H1912644,500332,GRL 1600 starr,113,,
63667207,H1912644,500332,GRL 1600 starr,111,,
63667206,H1912644,500332,GRL 1600 starr,65,,16.0
63667205,H1912644,500332,GRL 1600 starr,109,,
63667204,H1912644,500332,GRL 1600 starr,114,,15.0
63667203,H1912644,500332,GRL 1600 starr,112,,
63667202,H1912644,500332,GRL 1600 starr,63,,15.0
63667201,H1912644,500332,GRL 1600 starr,110,,
63667200,H1912644,500332,GRL 1600 starr,26,1600,15.0
63667199,H1912644,500332,GRL 1600 starr,154,,19.0
63667183,H1912641,500329,Wurzelschneider,63,,15.0
63667182,H1912641,500329,Wurzelschneider,73,,15.0
63667181,H1912641,500329,Wurzelschneider,113,,
63667180,H1912641,500329,Wurzelschneider,23,,
63667179,H1912641,500329,Wurzelschneider,109,,
63667178,H1912641,500329,Wurzelschneider,110,,
63667177,H1912641,500329,Wurzelschneider,55,,11.0
63667176,H1912641,500329,Wurzelschneider,26,,15.0
63667175,H1912641,500329,Wurzelschneider,112,,
63667174,H1912641,500329,Wurzelschneider,111,,
63667173,H1912641,500329,Wurzelschneider,149,,
63667172,H1912641,500329,Wurzelschneider,116,,15.0
63667171,H1912641,500329,Wurzelschneider,154,,19.0
63667170,H1912641,500329,Wurzelschneider,36,,14.0
63667169,H1912641,500329,Wurzelschneider,37,,14.0
63667132,H1912642,500330,TL 800,114,800,15.0
63667131,H1912642,500330,TL 800,55,130,11.0
63667130,H1912642,500330,TL 800,63,680,15.0
63667129,H1912642,500330,TL 800,109,Henle,
63667128,H1912642,500330,TL 800,12,5,18.0
63667127,H1912642,500330,TL 800,147,Mini-Z 2,
63667126,H1912642,500330,TL 800,73,910,15.0
63667125,H1912642,500330,TL 800,65,"0,162",16.0
63667124,H1912642,500330,TL 800,26,800,15.0
63667123,H1912642,500330,TL 800,110,QC03,
63667122,H1912642,500330,TL 800,154,"2,5 - 3,8",19.0
63666752,H1606233,500223,TL 600,114,600,15.0
63666751,H1606233,500223,TL 600,55,810,11.0
63666750,H1606233,500223,TL 600,63,1420,15.0
63666749,H1606233,500223,TL 600,109,OilQuick,
63666748,H1606233,500223,TL 600,113,OQ 70/55,
63666747,H1606233,500223,TL 600,12,3,18.0
63666746,H1606233,500223,TL 600,147,,
63666745,H1606233,500223,TL 600,73,1820,15.0
63666744,H1606233,500223,TL 600,65,"0,52",16.0
63666743,H1606233,500223,TL 600,26,600,15.0
63666742,H1606233,500223,TL 600,110,,
63666741,H1606233,500223,TL 600,154,,19.0
63666698,H1606232,500222,TL 1500,114,1500,15.0
63666697,H1606232,500222,TL 1500,55,1400,11.0
63666696,H1606232,500222,TL 1500,63,1190,15.0
63666695,H1606232,500222,TL 1500,109,OilQuick,
63666694,H1606232,500222,TL 1500,113,OQ 70/55,
63666693,H1606232,500222,TL 1500,12,5,18.0
63666692,H1606232,500222,TL 1500,147,OCUT,
63666691,H1606232,500222,TL 1500,73,1580,15.0
63666690,H1606232,500222,TL 1500,65,"1,25",16.0
63666689,H1606232,500222,TL 1500,26,1500,15.0
63666688,H1606232,500222,TL 1500,110,,
63666687,H1606232,500222,TL 1500,154,,19.0
63666310,H1912650,500333,TL 500,114,500,15.0
63666309,H1912650,500333,TL 500,55,,11.0
63666308,H1912650,500333,TL 500,63,,15.0
63666307,H1912650,500333,TL 500,109,OilQuick,
63666306,H1912650,500333,TL 500,113,OQ 60-5,
63666305,H1912650,500333,TL 500,12,3,18.0
63666304,H1912650,500333,TL 500,147,CAT J250,
63666303,H1912650,500333,TL 500,73,,15.0
63666302,H1912650,500333,TL 500,65,"0,24",16.0
63666301,H1912650,500333,TL 500,26,500,15.0
63666300,H1912650,500333,TL 500,154,"8,5 - 12",19.0
63666264,H1912651,500334,TL 1200,12,5,18.0
63666263,H1912651,500334,TL 1200,26,1200,15.0
63666262,H1912651,500334,TL 1200,55,500,11.0
63666261,H1912651,500334,TL 1200,65,"0,57",16.0
63666259,H1912651,500334,TL 1200,114,1200,15.0
63666258,H1912651,500334,TL 1200,147,CAT J300,
63665094,H1907073,500313,TL 300,114,,15.0
63665093,H1907073,500313,TL 300,55,,11.0
63665092,H1907073,500313,TL 300,63,,15.0
63665091,H1907073,500313,TL 300,109,,
63665090,H1907073,500313,TL 300,113,,
63665089,H1907073,500313,TL 300,12,,18.0
63665088,H1907073,500313,TL 300,147,,
63665087,H1907073,500313,TL 300,73,,15.0
63665086,H1907073,500313,TL 300,65,,16.0
63665085,H1907073,500313,TL 300,26,,15.0
63665084,H1907073,500313,TL 300,110,,
63665083,H1907073,500313,TL 300,154,,19.0
63665069,H1912652,500335,SL 1000,73,"1,39",15.0
63665068,H1912652,500335,SL 1000,55,610,11.0
63665067,H1912652,500335,SL 1000,63,1200,15.0
63665065,H1912652,500335,SL 1000,113,OQ 60-5,
63665064,H1912652,500335,SL 1000,26,1000,15.0
63665063,H1912652,500335,SL 1000,12,4,18.0
63665062,H1912652,500335,SL 1000,65,"0,63",16.0
63665058,H1912652,500335,SL 1000,114,1000,15.0
63665057,H1912652,500335,SL 1000,154,12 - 16,19.0
63665055,14822284,300552,Super 1800-3i,52,Nein,
63665054,14822284,300552,Super 1800-3i,35,Ja,
63665053,14822284,300552,Super 1800-3i,127,Ja,
63665052,14822284,300552,Super 1800-3i,148,Ja,
63665051,14822284,300552,Super 1800-3i,8,Ja,
63665049,14822284,300552,Super 1800-3i,27,hydraulisch,
63665048,14822284,300552,Super 1800-3i,23,Nein,
63665047,14822284,300552,Super 1800-3i,132,Ja,
63665046,14822284,300552,Super 1800-3i,34,700,20.0
63665045,14822284,300552,Super 1800-3i,30,Ja,
63665042,14822284,300552,Super 1800-3i,88,129,10.0
63665041,14822284,300552,Super 1800-3i,89,B6.7-C173,
63665040,14822284,300552,Super 1800-3i,87,Cummins,
63665039,14822284,300552,Super 1800-3i,152,bis 300,15.0
63665038,14822284,300552,Super 1800-3i,38,"8,00",14.0
63665037,14822284,300552,Super 1800-3i,37,"8,00",14.0
63665036,14822284,300552,Super 1800-3i,36,"3,00 - 6,00",14.0
63665035,14822284,300552,Super 1800-3i,55,20000,11.0
63665034,14822284,300552,Super 1800-3i,63,3100,15.0
63665033,14822284,300552,Super 1800-3i,26,2550,15.0
63665032,14822284,300552,Super 1800-3i,73,6500,15.0
63665031,2004619,500357,TL 600,114,,15.0
63665030,2004619,500357,TL 600,55,,11.0
63665029,2004619,500357,TL 600,63,,15.0
63665028,2004619,500357,TL 600,109,,
63665027,2004619,500357,TL 600,113,,
63665026,2004619,500357,TL 600,12,,18.0
63665025,2004619,500357,TL 600,147,,
63665024,2004619,500357,TL 600,73,,15.0
63665023,2004619,500357,TL 600,65,,16.0
63665022,2004619,500357,TL 600,26,,15.0
63665021,2004619,500357,TL 600,110,,
63665020,2004619,500357,TL 600,154,,19.0
63664619,H1907074,500320,TL 500,114,,15.0
63664618,H1907074,500320,TL 500,55,,11.0
63664617,H1907074,500320,TL 500,63,,15.0
63664616,H1907074,500320,TL 500,109,,
63664615,H1907074,500320,TL 500,113,,
63664614,H1907074,500320,TL 500,12,,18.0
63664613,H1907074,500320,TL 500,147,,
63664612,H1907074,500320,TL 500,73,,15.0
63664611,H1907074,500320,TL 500,65,,16.0
63664610,H1907074,500320,TL 500,26,,15.0
63664609,H1907074,500320,TL 500,110,,
63664608,H1907074,500320,TL 500,154,,19.0
63664590,H1907075,500321,TL 800,114,800,15.0
63664589,H1907075,500321,TL 800,55,,11.0
63664588,H1907075,500321,TL 800,63,,15.0
63664587,H1907075,500321,TL 800,109,Henle,
63664586,H1907075,500321,TL 800,12,5,18.0
63664585,H1907075,500321,TL 800,147,Mini-Z 2,
63664584,H1907075,500321,TL 800,73,,15.0
63664583,H1907075,500321,TL 800,65,"0,162",16.0
63664582,H1907075,500321,TL 800,26,800,15.0
63664581,H1907075,500321,TL 800,110,QC03,
63664580,H1907075,500321,TL 800,154,"2,5 - 3,8",19.0
63664229,H1606229,500218,GRL 1800,113,OQ 70/55,
63664228,H1606229,500218,GRL 1800,109,OilQuick,
63664227,H1606229,500218,GRL 1800,26,1800,15.0
63664226,H1606229,500218,GRL 1800,73,,15.0
63664225,H1606229,500218,GRL 1800,65,"0,64",16.0
63664224,H1606229,500218,GRL 1800,63,,15.0
63664223,H1606229,500218,GRL 1800,55,,11.0
63664222,H1606229,500218,GRL 1800,114,1800,15.0
63664221,H1606229,500218,GRL 1800,154,16 - 21,19.0
63664220,H1606231,500221,TL 1000,12,5,18.0
63664219,H1606231,500221,TL 1000,26,1000,15.0
63664218,H1606231,500221,TL 1000,55,400,11.0
63664217,H1606231,500221,TL 1000,65,"0,48",16.0
63664216,H1606231,500221,TL 1000,113,OQ 60-5,
63664215,H1606231,500221,TL 1000,147,CAT J250,
63664211,H1606230,500219,TL 600,12,4,18.0
63664210,H1606230,500219,TL 600,55,250,11.0
63664209,H1606230,500219,TL 600,26,600,15.0
63664208,H1606230,500219,TL 600,65,"0,29",16.0
63664207,H1606230,500219,TL 600,113,OQ 60-5,
63664206,H1606230,500219,TL 600,114,600,15.0
63664205,H1606230,500219,TL 600,147,CAT J250,
63663853,0162 H1205960,20408,GRL 1600,113,OQ 60-5,
63663852,0162 H1205960,20408,GRL 1600,109,OilQuick,
63663851,0162 H1205960,20408,GRL 1600,26,1600,15.0
63663850,0162 H1205960,20408,GRL 1600,73,,15.0
63663849,0162 H1205960,20408,GRL 1600,23,,
63663848,0162 H1205960,20408,GRL 1600,65,"0,359",16.0
63663847,0162 H1205960,20408,GRL 1600,63,,15.0
63663846,0162 H1205960,20408,GRL 1600,55,,11.0
63663845,0162 H1205960,20408,GRL 1600,114,1600,15.0
63663496,H2004609,500349,TL 600,114,600,15.0
63663495,H2004609,500349,TL 600,55,,11.0
63663494,H2004609,500349,TL 600,63,,15.0
63663493,H2004609,500349,TL 600,109,Henle,
63663492,H2004609,500349,TL 600,12,4,18.0
63663491,H2004609,500349,TL 600,147,Mini-Z 2,
63663490,H2004609,500349,TL 600,73,,15.0
63663489,H2004609,500349,TL 600,65,"0,116",16.0
63663488,H2004609,500349,TL 600,26,600,15.0
63663487,H2004609,500349,TL 600,110,QC03,
63663486,H2004609,500349,TL 600,154,"2,5 - 3,8",19.0
63663445,H2004614,500352,TL 800,114,800,15.0
63663444,H2004614,500352,TL 800,55,,11.0
63663443,H2004614,500352,TL 800,63,,15.0
63663442,H2004614,500352,TL 800,109,Henle,
63663441,H2004614,500352,TL 800,12,5,18.0
63663440,H2004614,500352,TL 800,147,Mini-Z 1,
63663439,H2004614,500352,TL 800,73,,15.0
63663438,H2004614,500352,TL 800,65,"0,083",16.0
63663437,H2004614,500352,TL 800,26,800,15.0
63663436,H2004614,500352,TL 800,110,QC01,
63663435,H2004614,500352,TL 800,154,"1,0 - 2,0",19.0
63663049,H2004613,500351,TL 600,114,600,15.0
63663048,H2004613,500351,TL 600,55,,11.0
63663046,H2004613,500351,TL 600,63,,15.0
63663045,H2004613,500351,TL 600,109,Henle,
63663044,H2004613,500351,TL 600,12,4,18.0
63663043,H2004613,500351,TL 600,147,Mini-Z 1,
63663042,H2004613,500351,TL 600,73,,15.0
63663041,H2004613,500351,TL 600,65,"0,063",16.0
63663040,H2004613,500351,TL 600,26,600,15.0
63663039,H2004613,500351,TL 600,110,QC01,
63663038,H2004613,500351,TL 600,154,"1,0 - 2,0",19.0
63663027,H2004618,500356,TL 800,114,800,15.0
63663026,H2004618,500356,TL 800,55,,11.0
63663025,H2004618,500356,TL 800,63,,15.0
63663024,H2004618,500356,TL 800,109,OilQuick,
63663023,H2004618,500356,TL 800,113,OQ 60-5,
63663022,H2004618,500356,TL 800,12,4,18.0
63663021,H2004618,500356,TL 800,147,CAT J250,
63663020,H2004618,500356,TL 800,73,,15.0
63663019,H2004618,500356,TL 800,65,"0,38",16.0
63663018,H2004618,500356,TL 800,26,800,15.0
63663017,H2004618,500356,TL 800,154,"5,5 - 12",19.0
63662995,0109 H1400163,300202,TL 1200,113,OQ 60-5,
63662897,0109 H1400163,300202,TL 1200,12,6,18.0
63662896,0109 H1400163,300202,TL 1200,26,1200,15.0
63662895,0109 H1400163,300202,TL 1200,55,500,11.0
63662894,0109 H1400163,300202,TL 1200,65,"0,57",16.0
63662893,0109 H1400163,300202,TL 1200,114,1200,15.0
63662892,0109 H1400163,300202,TL 1200,147,CAT J300,
63639232,H2004617,500355,TL 600,12,4,18.0
63639231,H2004617,500355,TL 600,55,250,11.0
63639230,H2004617,500355,TL 600,26,600,15.0
63639229,H2004617,500355,TL 600,65,"0,29",16.0
63639228,H2004617,500355,TL 600,113,OQ 60-5,
63639227,H2004617,500355,TL 600,114,600,15.0
63639226,H2004617,500355,TL 600,147,CAT J250,
63639208,0017 H1000915,20212,TL 400,114,400,15.0
63639207,0017 H1000915,20212,TL 400,55,,11.0
63639206,0017 H1000915,20212,TL 400,63,,15.0
63639205,0017 H1000915,20212,TL 400,109,Henle,
63639204,0017 H1000915,20212,TL 400,12,,18.0
63639202,0017 H1000915,20212,TL 400,147,Mini-Z 2,
63639201,0017 H1000915,20212,TL 400,73,,15.0
63639200,0017 H1000915,20212,TL 400,65,"0,070",16.0
63639198,0017 H1000915,20212,TL 400,26,400,15.0
63639197,0017 H1000915,20212,TL 400,110,QC03,
63639196,0017 H1000915,20212,TL 400,154,"2,5 - 3,8",19.0
63638053,H2004610,500350,GRL 1200 starr,110,QC01,
63638052,H2004610,500350,GRL 1200 starr,109,Henle,
63638051,H2004610,500350,GRL 1200 starr,26,1200,15.0
63638050,H2004610,500350,GRL 1200 starr,73,,15.0
63638049,H2004610,500350,GRL 1200 starr,23,,
63638048,H2004610,500350,GRL 1200 starr,23,,
63638047,H2004610,500350,GRL 1200 starr,65,"0,093",16.0
63638046,H2004610,500350,GRL 1200 starr,63,,15.0
63638045,H2004610,500350,GRL 1200 starr,55,,11.0
63638044,H2004610,500350,GRL 1200 starr,114,1200,15.0
63638043,H2004610,500350,GRL 1200 starr,154,"1,0 - 2,0",19.0
63638042,0198 H1400161,300201,TL 1000,12,5,18.0
63638041,0198 H1400161,300201,TL 1000,26,1000,15.0
63638040,0198 H1400161,300201,TL 1000,55,400,11.0
63638039,0198 H1400161,300201,TL 1000,65,"0,48",16.0
63638038,0198 H1400161,300201,TL 1000,113,OQ 60-5,
63638037,0198 H1400161,300201,TL 1000,147,CAT J250,
63633192,0153 H1210836,300043,TL 800,114,800,15.0
63633191,0153 H1210836,300043,TL 800,55,,11.0
63633190,0153 H1210836,300043,TL 800,63,,15.0
63633189,0153 H1210836,300043,TL 800,109,OilQuick,
63633188,0153 H1210836,300043,TL 800,113,OQ 60-5,
63633187,0153 H1210836,300043,TL 800,12,4,18.0
63633186,0153 H1210836,300043,TL 800,147,Cat J250,
63633185,0153 H1210836,300043,TL 800,73,,15.0
63633184,0153 H1210836,300043,TL 800,65,"0,38",16.0
63633183,0153 H1210836,300043,TL 800,26,800,15.0
63633182,0153 H1210836,300043,TL 800,154,"8,5 - 12",19.0
63632021,H1500473,500118,TL 300,114,300,15.0
63632020,H1500473,500118,TL 300,55,,11.0
63632019,H1500473,500118,TL 300,63,,15.0
63632018,H1500473,500118,TL 300,109,Henle,
63632017,H1500473,500118,TL 300,12,3,18.0
63632016,H1500473,500118,TL 300,147,Mini-Z 1,
63632015,H1500473,500118,TL 300,65,"0,020",16.0
63632014,H1500473,500118,TL 300,110,QC01,
63632013,H1500473,500118,TL 300,154,"0,1 - 1,0",19.0
63631630,H1500473,500118,TL 300,26,300,15.0
63631629,H1500473,500118,TL 300,73,,15.0
63501099,NG004128,,SD 2500 WS,156,,
63501098,NG004128,,SD 2500 WS,152,,15.0
63501097,NG004128,,SD 2500 WS,52,,
63501096,NG004128,,SD 2500 WS,38,,14.0
63501095,NG004128,,SD 2500 WS,37,,14.0
63501094,NG004128,,SD 2500 WS,36,,14.0
63501093,NG004128,,SD 2500 WS,149,,
63501092,NG004128,,SD 2500 WS,73,,15.0
63501091,NG004128,,SD 2500 WS,89,,
63501090,NG004128,,SD 2500 WS,88,,10.0
63501088,NG004128,,SD 2500 WS,35,,
63501087,NG004128,,SD 2500 WS,127,,
63501086,NG004128,,SD 2500 WS,148,,
63501085,NG004128,,SD 2500 WS,8,,
63501084,NG004128,,SD 2500 WS,26,,15.0
63501083,NG004128,,SD 2500 WS,7,,
63501082,NG004128,,SD 2500 WS,63,,15.0
63501081,NG004128,,SD 2500 WS,87,,
63501080,NG004128,,SD 2500 WS,27,,
63501079,NG004128,,SD 2500 WS,23,,
63501078,NG004128,,SD 2500 WS,132,,
63501077,NG004128,,SD 2500 WS,34,,20.0
63501076,NG004128,,SD 2500 WS,30,,
63501075,NG004128,,SD 2500 WS,6,,
63501074,NG004128,,SD 2500 WS,55,,11.0
63501073,NG004128,,SD 2500 WS,156,,
63501072,NG004128,,SD 2500 WS,152,,15.0
63501071,NG004128,,SD 2500 WS,52,,
63501070,NG004128,,SD 2500 WS,38,,14.0
63501069,NG004128,,SD 2500 WS,37,,14.0
63501068,NG004128,,SD 2500 WS,36,,14.0
63501067,NG004128,,SD 2500 WS,149,,
63501066,NG004128,,SD 2500 WS,73,,15.0
63501065,NG004128,,SD 2500 WS,89,,
63501064,NG004128,,SD 2500 WS,88,,10.0
63501062,NG004128,,SD 2500 WS,35,,
63501061,NG004128,,SD 2500 WS,127,,
63501060,NG004128,,SD 2500 WS,148,,
63501059,NG004128,,SD 2500 WS,8,,
63501058,NG004128,,SD 2500 WS,26,,15.0
63501057,NG004128,,SD 2500 WS,7,,
63501056,NG004128,,SD 2500 WS,63,,15.0
63501055,NG004128,,SD 2500 WS,87,,
63501054,NG004128,,SD 2500 WS,27,,
63501053,NG004128,,SD 2500 WS,23,,
63501052,NG004128,,SD 2500 WS,132,,
63501051,NG004128,,SD 2500 WS,34,,20.0
63501050,NG004128,,SD 2500 WS,30,,
63501049,NG004128,,SD 2500 WS,6,,
63501048,NG004128,,SD 2500 WS,55,,11.0
63501047,NG004128,,SD 2500 WS,156,,
63501046,NG004128,,SD 2500 WS,152,,15.0
63501045,NG004128,,SD 2500 WS,52,,
63501044,NG004128,,SD 2500 WS,38,,14.0
63501043,NG004128,,SD 2500 WS,37,,14.0
63501042,NG004128,,SD 2500 WS,36,,14.0
63501041,NG004128,,SD 2500 WS,149,,
63501040,NG004128,,SD 2500 WS,73,,15.0
63501039,NG004128,,SD 2500 WS,89,,
63501038,NG004128,,SD 2500 WS,88,,10.0
63501036,NG004128,,SD 2500 WS,35,,
63501035,NG004128,,SD 2500 WS,127,,
63501034,NG004128,,SD 2500 WS,148,,
63501033,NG004128,,SD 2500 WS,8,,
63501032,NG004128,,SD 2500 WS,26,,15.0
63501031,NG004128,,SD 2500 WS,7,,
63501030,NG004128,,SD 2500 WS,63,,15.0
63501029,NG004128,,SD 2500 WS,87,,
63501028,NG004128,,SD 2500 WS,27,,
63501027,NG004128,,SD 2500 WS,23,,
63501026,NG004128,,SD 2500 WS,132,,
63501025,NG004128,,SD 2500 WS,34,,20.0
63501024,NG004128,,SD 2500 WS,30,,
63501023,NG004128,,SD 2500 WS,6,,
63501022,NG004128,,SD 2500 WS,55,,11.0
63501021,NG004128,,SD 2500 WS,149,V 6000 TV Gas,
63501020,NG004128,,SD 2500 WS,156,Nein,
63450766,101586981067,,BW 219 PDH-5,158,Nein,
63450765,101586981067,,BW 219 PDH-5,124,60,1.0
63450764,101586981067,,BW 219 PDH-5,155,Ja,
63450763,101586981067,,BW 219 PDH-5,136,Nein,
63450762,101586981067,,BW 219 PDH-5,123,62,1.0
63450761,101586981067,,BW 219 PDH-5,89,TCD 6.1 L6,
63450760,101586981067,,BW 219 PDH-5,55,21000,11.0
63450759,101586981067,,BW 219 PDH-5,87,Deutz,
63450758,101586981067,,BW 219 PDH-5,7,Tier 4f,
63450757,101586981067,,BW 219 PDH-5,148,Nein,
63450756,101586981067,,BW 219 PDH-5,30,Ja,
63450755,101586981067,,BW 219 PDH-5,13,2130,15.0
63450754,101586981067,,BW 219 PDH-5,135,,11.0
63450753,101586981067,,BW 219 PDH-5,88,150,10.0
63450752,101586981067,,BW 219 PDH-5,69,Ja,
63450751,101586981067,,BW 219 PDH-5,26,2300,15.0
63450750,101586981067,,BW 219 PDH-5,23,Nein,
63450749,101586981067,,BW 219 PDH-5,63,3060,15.0
63450748,101586981067,,BW 219 PDH-5,73,6500,15.0
63450747,101586981067,,BW 219 PDH-5,6,Stufe V,
63403963,5101120E115532,18306,AR 75e S,160,,
63403962,5101120E115532,18306,AR 75e S,110,,
63403961,5101120E115532,18306,AR 75e S,73,,15.0
63403960,5101120E115532,18306,AR 75e S,89,,
63403959,5101120E115532,18306,AR 75e S,112,,
63403958,5101120E115532,18306,AR 75e S,63,,15.0
63403957,5101120E115532,18306,AR 75e S,40,,12.0
63403956,5101120E115532,18306,AR 75e S,95,,11.0
63403955,5101120E115532,18306,AR 75e S,26,,15.0
63403954,5101120E115532,18306,AR 75e S,7,,
63403953,5101120E115532,18306,AR 75e S,30,,
63403952,5101120E115532,18306,AR 75e S,126,,
63403951,5101120E115532,18306,AR 75e S,148,,
63403950,5101120E115532,18306,AR 75e S,113,,
63403949,5101120E115532,18306,AR 75e S,111,,
63403948,5101120E115532,18306,AR 75e S,70,,
63403947,5101120E115532,18306,AR 75e S,11,,
63403946,5101120E115532,18306,AR 75e S,23,,
63403945,5101120E115532,18306,AR 75e S,87,,
63403944,5101120E115532,18306,AR 75e S,55,,11.0
63403943,5101120E115532,18306,AR 75e S,69,,
63403942,5101120E115532,18306,AR 75e S,109,,
63403941,5101120E115532,18306,AR 75e S,88,,10.0
63403940,5101120E115532,18306,AR 75e S,6,,
63402518,VKAJAG316,300671,VIO 80-AT,99,Nein,
63402517,VKAJAG316,300671,VIO 80-AT,23,Nein,
63402516,VKAJAG316,300671,VIO 80-AT,145,Nein,
63402515,VKAJAG316,300671,VIO 80-AT,66,Ja,
63402514,VKAJAG316,300671,VIO 80-AT,137,Nein,
63402513,VKAJAG316,300671,VIO 80-AT,120,Ja,
63402512,VKAJAG316,300671,VIO 80-AT,57,,
63402511,VKAJAG316,300671,VIO 80-AT,60,,
63402510,VKAJAG316,300671,VIO 80-AT,58,,
63402509,VKAJAG316,300671,VIO 80-AT,106,,
63402508,VKAJAG316,300671,VIO 80-AT,128,Nein,
63402507,VKAJAG316,300671,VIO 80-AT,112,Nein,
63402506,VKAJAG316,300671,VIO 80-AT,111,Ja,
63402505,VKAJAG316,300671,VIO 80-AT,110,,
63402504,VKAJAG316,300671,VIO 80-AT,113,OQ 60-5,
63402503,VKAJAG316,300671,VIO 80-AT,109,OilQuick,
63402502,VKAJAG316,300671,VIO 80-AT,56,6820,15.0
63402501,VKAJAG316,300671,VIO 80-AT,78,1650,15.0
63402500,VKAJAG316,300671,VIO 80-AT,30,,
63402499,VKAJAG316,300671,VIO 80-AT,7,,
63402498,VKAJAG316,300671,VIO 80-AT,6,,
63402497,VKAJAG316,300671,VIO 80-AT,88,"41,5",10.0
63402496,VKAJAG316,300671,VIO 80-AT,89,4TNV98C-WBV,
63402495,VKAJAG316,300671,VIO 80-AT,87,Yanmar,
63402494,VKAJAG316,300671,VIO 80-AT,55,8065,11.0
63402493,VKAJAG316,300671,VIO 80-AT,63,2710,15.0
63402492,VKAJAG316,300671,VIO 80-AT,26,2270,15.0
63402491,VKAJAG316,300671,VIO 80-AT,73,6450,15.0
63146011,P06370,300138,GT 16 A,23,Nein,
63146010,P06370,300138,GT 16 A,95,200,11.0
63146009,P06370,300138,GT 16 A,50,Nein,
63146008,P06370,300138,GT 16 A,18,9,14.0
63146007,P06370,300138,GT 16 A,55,1700,11.0
63146006,P06370,300138,GT 16 A,73,6200,15.0
63146005,P06370,300138,GT 16 A,26,1800,15.0
63146004,P06370,300138,GT 16 A,15,16,14.0
63146003,P06370,300138,GT 16 A,63,2110,15.0
63146002,P06370,300138,GT 16 A,98,14300,15.0
63146001,P06370,300138,GT 16 A,64,,15.0
63000253,B1203180010,500295,B120-3,154,22 - 26,19.0
63000252,B1203180010,500295,B120-3,23,Nein,
63000251,B1203180010,500295,B120-3,112,Nein,
63000250,B1203180010,500295,B120-3,111,Ja,
63000249,B1203180010,500295,B120-3,110,,
63000248,B1203180010,500295,B120-3,113,OQ 70/55,
63000247,B1203180010,500295,B120-3,109,OilQuick,
63000246,B1203180010,500295,B120-3,71,80,15.0
63000245,B1203180010,500295,B120-3,114,120,15.0
63000244,B1203180010,500295,B120-3,65,"1,1",16.0
63000243,B1203180010,500295,B120-3,55,1720,11.0
63000242,B1203180010,500295,B120-3,63,1350,15.0
63000241,B1203180010,500295,B120-3,26,1570,15.0
63000240,B1203180010,500295,B120-3,73,1280,15.0
63000196,V08181798X1,500301,V8 X1,154,22 - 26,19.0
63000195,V08181798X1,500301,V8 X1,151,150 - 240,13.0
63000194,V08181798X1,500301,V8 X1,14,200 - 250,6.0
63000193,V08181798X1,500301,V8 X1,23,Nein,
63000192,V08181798X1,500301,V8 X1,112,Nein,
63000191,V08181798X1,500301,V8 X1,111,Ja,
63000190,V08181798X1,500301,V8 X1,110,,
63000189,V08181798X1,500301,V8 X1,113,OQ 70/55,
63000188,V08181798X1,500301,V8 X1,109,OilQuick,
63000187,V08181798X1,500301,V8 X1,55,1200,11.0
63000186,V08181798X1,500301,V8 X1,63,900,15.0
63000185,V08181798X1,500301,V8 X1,26,800,15.0
63000184,V08181798X1,500301,V8 X1,73,1480,15.0
62999796,0096 V08100445X2,20205,V8 X2,154,22 - 26,19.0
62999795,0096 V08100445X2,20205,V8 X2,151,150 - 240,13.0
62999794,0096 V08100445X2,20205,V8 X2,14,200 - 250,6.0
62999793,0096 V08100445X2,20205,V8 X2,23,Nein,
62999792,0096 V08100445X2,20205,V8 X2,112,Nein,
62999791,0096 V08100445X2,20205,V8 X2,111,Ja,
62999790,0096 V08100445X2,20205,V8 X2,110,,
62999789,0096 V08100445X2,20205,V8 X2,113,OQ 70/55,
62999788,0096 V08100445X2,20205,V8 X2,109,OilQuick,
62999787,0096 V08100445X2,20205,V8 X2,55,1300,11.0
62999786,0096 V08100445X2,20205,V8 X2,63,900,15.0
62999785,0096 V08100445X2,20205,V8 X2,26,800,15.0
62999784,0096 V08100445X2,20205,V8 X2,73,1480,15.0
62998427,79638,,TS4065,89,OMV630,
62998425,79638,,TS4065,87,Danfoss,
62963400,1930620,18297,8008 CTS,99,,
62963399,1930620,18297,8008 CTS,128,,
62963398,1930620,18297,8008 CTS,60,,
62963397,1930620,18297,8008 CTS,110,,
62963396,1930620,18297,8008 CTS,78,,15.0
62963395,1930620,18297,8008 CTS,141,,
62963394,1930620,18297,8008 CTS,26,,15.0
62963393,1930620,18297,8008 CTS,73,,15.0
62963392,1930620,18297,8008 CTS,58,,
62963391,1930620,18297,8008 CTS,106,,
62963390,1930620,18297,8008 CTS,23,,
62963389,1930620,18297,8008 CTS,137,,
62963388,1930620,18297,8008 CTS,63,,15.0
62963387,1930620,18297,8008 CTS,145,,
62963386,1930620,18297,8008 CTS,111,,
62963385,1930620,18297,8008 CTS,56,,15.0
62963384,1930620,18297,8008 CTS,7,,
62963383,1930620,18297,8008 CTS,140,,
62963382,1930620,18297,8008 CTS,87,,
62963381,1930620,18297,8008 CTS,6,,
62963380,1930620,18297,8008 CTS,66,,
62963379,1930620,18297,8008 CTS,112,,
62963378,1930620,18297,8008 CTS,148,,
62963377,1930620,18297,8008 CTS,120,,
62963376,1930620,18297,8008 CTS,30,,
62963375,1930620,18297,8008 CTS,113,,
62963374,1930620,18297,8008 CTS,109,,
62963373,1930620,18297,8008 CTS,108,,
62963372,1930620,18297,8008 CTS,69,,
62963371,1930620,18297,8008 CTS,88,,10.0
62963370,1930620,18297,8008 CTS,89,,
62963369,1930620,18297,8008 CTS,57,,
62963368,1930620,18297,8008 CTS,55,,11.0
62963364,WNCE0902J00004122,18296,ET 16,99,,
62963363,WNCE0902J00004122,18296,ET 16,128,,
62963362,WNCE0902J00004122,18296,ET 16,60,,
62963361,WNCE0902J00004122,18296,ET 16,110,,
62963360,WNCE0902J00004122,18296,ET 16,78,,15.0
62963359,WNCE0902J00004122,18296,ET 16,141,,
62963358,WNCE0902J00004122,18296,ET 16,26,,15.0
62963357,WNCE0902J00004122,18296,ET 16,73,,15.0
62963356,WNCE0902J00004122,18296,ET 16,58,,
62963355,WNCE0902J00004122,18296,ET 16,106,,
62963354,WNCE0902J00004122,18296,ET 16,23,,
62963353,WNCE0902J00004122,18296,ET 16,137,,
62963352,WNCE0902J00004122,18296,ET 16,63,,15.0
62963351,WNCE0902J00004122,18296,ET 16,145,,
62963350,WNCE0902J00004122,18296,ET 16,111,,
62963349,WNCE0902J00004122,18296,ET 16,56,,15.0
62963348,WNCE0902J00004122,18296,ET 16,7,,
62963347,WNCE0902J00004122,18296,ET 16,140,,
62963346,WNCE0902J00004122,18296,ET 16,87,,
62963345,WNCE0902J00004122,18296,ET 16,6,,
62963344,WNCE0902J00004122,18296,ET 16,66,,
62963343,WNCE0902J00004122,18296,ET 16,112,,
62963342,WNCE0902J00004122,18296,ET 16,148,,
62963341,WNCE0902J00004122,18296,ET 16,120,,
62963340,WNCE0902J00004122,18296,ET 16,30,,
62963339,WNCE0902J00004122,18296,ET 16,113,,
62963338,WNCE0902J00004122,18296,ET 16,109,,
62963337,WNCE0902J00004122,18296,ET 16,108,,
62963336,WNCE0902J00004122,18296,ET 16,69,,
62963335,WNCE0902J00004122,18296,ET 16,88,,10.0
62963334,WNCE0902J00004122,18296,ET 16,89,,
62963333,WNCE0902J00004122,18296,ET 16,57,,
62963332,WNCE0902J00004122,18296,ET 16,55,,11.0
62963328,2545064,18295,8018 CTS,99,,
62963327,2545064,18295,8018 CTS,128,,
62963326,2545064,18295,8018 CTS,60,,
62963325,2545064,18295,8018 CTS,110,,
62963324,2545064,18295,8018 CTS,78,,15.0
62963323,2545064,18295,8018 CTS,141,,
62963322,2545064,18295,8018 CTS,26,,15.0
62963321,2545064,18295,8018 CTS,73,,15.0
62963320,2545064,18295,8018 CTS,58,,
62963319,2545064,18295,8018 CTS,106,,
62963318,2545064,18295,8018 CTS,23,,
62963317,2545064,18295,8018 CTS,137,,
62963316,2545064,18295,8018 CTS,63,,15.0
62963315,2545064,18295,8018 CTS,145,,
62963314,2545064,18295,8018 CTS,111,,
62963313,2545064,18295,8018 CTS,56,,15.0
62963312,2545064,18295,8018 CTS,7,,
62963311,2545064,18295,8018 CTS,140,,
62963310,2545064,18295,8018 CTS,87,,
62963309,2545064,18295,8018 CTS,6,,
62963308,2545064,18295,8018 CTS,66,,
62963307,2545064,18295,8018 CTS,112,,
62963306,2545064,18295,8018 CTS,148,,
62963305,2545064,18295,8018 CTS,120,,
62963304,2545064,18295,8018 CTS,30,,
62963303,2545064,18295,8018 CTS,113,,
62963302,2545064,18295,8018 CTS,109,,
62963301,2545064,18295,8018 CTS,108,,
62963300,2545064,18295,8018 CTS,69,,
62963299,2545064,18295,8018 CTS,88,,10.0
62963298,2545064,18295,8018 CTS,89,,
62963297,2545064,18295,8018 CTS,57,,
62963296,2545064,18295,8018 CTS,55,,11.0
62963292,PAL00413,18300,1001 High Tip,160,,
62963291,PAL00413,18300,1001 High Tip,157,,
62963290,PAL00413,18300,1001 High Tip,6,,
62963289,PAL00413,18300,1001 High Tip,69,,
62963288,PAL00413,18300,1001 High Tip,70,,
62963287,PAL00413,18300,1001 High Tip,95,,11.0
62963286,PAL00413,18300,1001 High Tip,73,,15.0
62963285,PAL00413,18300,1001 High Tip,87,,
62963284,PAL00413,18300,1001 High Tip,90,,
62963283,PAL00413,18300,1001 High Tip,30,,
62963282,PAL00413,18300,1001 High Tip,92,,16.0
62963281,PAL00413,18300,1001 High Tip,89,,
62963280,PAL00413,18300,1001 High Tip,55,,11.0
62963279,PAL00413,18300,1001 High Tip,10,,
62963278,PAL00413,18300,1001 High Tip,40,,12.0
62963277,PAL00413,18300,1001 High Tip,148,,
62963276,PAL00413,18300,1001 High Tip,26,,15.0
62963275,PAL00413,18300,1001 High Tip,91,,
62963274,PAL00413,18300,1001 High Tip,88,,10.0
62963273,PAL00413,18300,1001 High Tip,7,,
62963272,PAL00413,18300,1001 High Tip,63,,15.0
62963271,PAL00413,18300,1001 High Tip,23,,
62963267,103074,18299,1T-1  High Tip,160,,
62963266,103074,18299,1T-1  High Tip,157,,
62963265,103074,18299,1T-1  High Tip,6,,
62963264,103074,18299,1T-1  High Tip,69,,
62963263,103074,18299,1T-1  High Tip,70,,
62963262,103074,18299,1T-1  High Tip,95,,11.0
62963261,103074,18299,1T-1  High Tip,73,,15.0
62963260,103074,18299,1T-1  High Tip,87,,
62963259,103074,18299,1T-1  High Tip,90,,
62963258,103074,18299,1T-1  High Tip,30,,
62963257,103074,18299,1T-1  High Tip,92,,16.0
62963256,103074,18299,1T-1  High Tip,89,,
62963255,103074,18299,1T-1  High Tip,55,,11.0
62963254,103074,18299,1T-1  High Tip,10,,
62963253,103074,18299,1T-1  High Tip,40,,12.0
62963252,103074,18299,1T-1  High Tip,148,,
62963251,103074,18299,1T-1  High Tip,26,,15.0
62963250,103074,18299,1T-1  High Tip,91,,
62963249,103074,18299,1T-1  High Tip,88,,10.0
62963248,103074,18299,1T-1  High Tip,7,,
62963247,103074,18299,1T-1  High Tip,63,,15.0
62963246,103074,18299,1T-1  High Tip,23,,
62922207,SLCM573Z1712D9124,18298,3 to. Swivel Dumper,160,,
62922206,SLCM573Z1712D9124,18298,3 to. Swivel Dumper,157,,
62922205,SLCM573Z1712D9124,18298,3 to. Swivel Dumper,6,,
62922204,SLCM573Z1712D9124,18298,3 to. Swivel Dumper,69,,
62922203,SLCM573Z1712D9124,18298,3 to. Swivel Dumper,70,,
62922202,SLCM573Z1712D9124,18298,3 to. Swivel Dumper,95,,11.0
62922201,SLCM573Z1712D9124,18298,3 to. Swivel Dumper,73,,15.0
62922200,SLCM573Z1712D9124,18298,3 to. Swivel Dumper,87,,
62922199,SLCM573Z1712D9124,18298,3 to. Swivel Dumper,90,,
62922198,SLCM573Z1712D9124,18298,3 to. Swivel Dumper,30,,
62922197,SLCM573Z1712D9124,18298,3 to. Swivel Dumper,92,,16.0
62922196,SLCM573Z1712D9124,18298,3 to. Swivel Dumper,89,,
62922195,SLCM573Z1712D9124,18298,3 to. Swivel Dumper,55,,11.0
62922194,SLCM573Z1712D9124,18298,3 to. Swivel Dumper,10,,
62922193,SLCM573Z1712D9124,18298,3 to. Swivel Dumper,40,,12.0
62922192,SLCM573Z1712D9124,18298,3 to. Swivel Dumper,148,,
62922191,SLCM573Z1712D9124,18298,3 to. Swivel Dumper,26,,15.0
62922190,SLCM573Z1712D9124,18298,3 to. Swivel Dumper,91,,
62922189,SLCM573Z1712D9124,18298,3 to. Swivel Dumper,88,,10.0
62922188,SLCM573Z1712D9124,18298,3 to. Swivel Dumper,7,,
62922187,SLCM573Z1712D9124,18298,3 to. Swivel Dumper,63,,15.0
62922186,SLCM573Z1712D9124,18298,3 to. Swivel Dumper,23,,
62886024,12200174,18304,W 200,45,,15.0
62886023,12200174,18304,W 200,23,,
62886022,12200174,18304,W 200,8,,
62886021,12200174,18304,W 200,6,,
62886020,12200174,18304,W 200,142,,
62886019,12200174,18304,W 200,69,,
62886018,12200174,18304,W 200,26,,15.0
62886017,12200174,18304,W 200,89,,
62886016,12200174,18304,W 200,143,,
62886015,12200174,18304,W 200,46,,18.0
62886014,12200174,18304,W 200,87,,
62886013,12200174,18304,W 200,30,,
62886012,12200174,18304,W 200,77,,
62886011,12200174,18304,W 200,148,,
62886010,12200174,18304,W 200,9,,
62886009,12200174,18304,W 200,47,,15.0
62886008,12200174,18304,W 200,41,,
62886007,12200174,18304,W 200,73,,15.0
62886006,12200174,18304,W 200,63,,15.0
62886005,12200174,18304,W 200,144,,
62886004,12200174,18304,W 200,122,,
62886003,12200174,18304,W 200,88,,10.0
62886002,12200174,18304,W 200,61,,
62886001,12200174,18304,W 200,7,,
62886000,12200174,18304,W 200,55,,11.0
62674535,4550022,,F 5 C,159,,
62674534,4550022,,F 5 C,158,,
62674533,4550022,,F 5 C,156,,
62674532,4550022,,F 5 C,152,,15.0
62674531,4550022,,F 5 C,52,,
62674530,4550022,,F 5 C,38,,14.0
62674529,4550022,,F 5 C,37,,14.0
62674528,4550022,,F 5 C,36,,14.0
62674527,4550022,,F 5 C,149,,
62674526,4550022,,F 5 C,73,,15.0
62674525,4550022,,F 5 C,89,,
62674524,4550022,,F 5 C,88,,10.0
62674522,4550022,,F 5 C,35,,
62674521,4550022,,F 5 C,127,,
62674520,4550022,,F 5 C,148,,
62674519,4550022,,F 5 C,8,,
62674518,4550022,,F 5 C,26,,15.0
62674517,4550022,,F 5 C,7,,
62674516,4550022,,F 5 C,63,,15.0
62674515,4550022,,F 5 C,87,,
62674514,4550022,,F 5 C,27,,
62674513,4550022,,F 5 C,23,,
62674512,4550022,,F 5 C,132,,
62674511,4550022,,F 5 C,34,,20.0
62674510,4550022,,F 5 C,30,,
62674509,4550022,,F 5 C,6,,
62674508,4550022,,F 5 C,55,,11.0
62673392,580014,18286,BG 190 TA-5,10,,
62673391,580014,18286,BG 190 TA-5,79,,15.0
62673390,580014,18286,BG 190 TA-5,88,,10.0
62673389,580014,18286,BG 190 TA-5,40,,12.0
62673388,580014,18286,BG 190 TA-5,140,,
62673387,580014,18286,BG 190 TA-5,6,,
62673386,580014,18286,BG 190 TA-5,26,,15.0
62673385,580014,18286,BG 190 TA-5,148,,
62673384,580014,18286,BG 190 TA-5,49,,15.0
62673383,580014,18286,BG 190 TA-5,30,,
62673382,580014,18286,BG 190 TA-5,23,,
62673381,580014,18286,BG 190 TA-5,69,,
62673380,580014,18286,BG 190 TA-5,7,,
62673379,580014,18286,BG 190 TA-5,63,,15.0
62673378,580014,18286,BG 190 TA-5,73,,15.0
62673377,580014,18286,BG 190 TA-5,87,,
62673376,580014,18286,BG 190 TA-5,55,,11.0
62673375,580014,18286,BG 190 TA-5,89,,
62673374,580014,18286,BG 190 TA-5,141,,
62673367,CAT0330FKJFR20108,18287,330 F LN,99,,
62673366,CAT0330FKJFR20108,18287,330 F LN,112,,
62673365,CAT0330FKJFR20108,18287,330 F LN,148,,
62673364,CAT0330FKJFR20108,18287,330 F LN,137,,
62673363,CAT0330FKJFR20108,18287,330 F LN,63,,15.0
62673362,CAT0330FKJFR20108,18287,330 F LN,141,,
62673361,CAT0330FKJFR20108,18287,330 F LN,58,,
62673360,CAT0330FKJFR20108,18287,330 F LN,88,,10.0
62673359,CAT0330FKJFR20108,18287,330 F LN,87,,
62673358,CAT0330FKJFR20108,18287,330 F LN,69,,
62673357,CAT0330FKJFR20108,18287,330 F LN,113,,
62673356,CAT0330FKJFR20108,18287,330 F LN,30,,
62673355,CAT0330FKJFR20108,18287,330 F LN,120,,
62673354,CAT0330FKJFR20108,18287,330 F LN,107,,
62673353,CAT0330FKJFR20108,18287,330 F LN,83,,
62673352,CAT0330FKJFR20108,18287,330 F LN,24,,15.0
62673351,CAT0330FKJFR20108,18287,330 F LN,55,,11.0
62673350,CAT0330FKJFR20108,18287,330 F LN,109,,
62673349,CAT0330FKJFR20108,18287,330 F LN,57,,
62673348,CAT0330FKJFR20108,18287,330 F LN,6,,
62673347,CAT0330FKJFR20108,18287,330 F LN,7,,
62673346,CAT0330FKJFR20108,18287,330 F LN,110,,
62673345,CAT0330FKJFR20108,18287,330 F LN,73,,15.0
62673344,CAT0330FKJFR20108,18287,330 F LN,140,,
62673343,CAT0330FKJFR20108,18287,330 F LN,23,,
62673342,CAT0330FKJFR20108,18287,330 F LN,111,,
62673341,CAT0330FKJFR20108,18287,330 F LN,26,,15.0
62673340,CAT0330FKJFR20108,18287,330 F LN,128,,
62673339,CAT0330FKJFR20108,18287,330 F LN,89,,
62673338,CAT0330FKJFR20108,18287,330 F LN,56,,15.0
62673337,CAT0330FKJFR20108,18287,330 F LN,106,,
62673336,CAT0330FKJFR20108,18287,330 F LN,60,,
62673335,CAT0330FKJFR20108,18287,330 F LN,78,,15.0
62628387,13.10.0044,18288,W 100 Fi,45,1000,
62628386,13.10.0044,18288,W 100 Fi,23,,
62628385,13.10.0044,18288,W 100 Fi,8,,
62628384,13.10.0044,18288,W 100 Fi,6,Stufe III B,
62628383,13.10.0044,18288,W 100 Fi,142,,
62628382,13.10.0044,18288,W 100 Fi,69,,
62628381,13.10.0044,18288,W 100 Fi,26,2575,
62628380,13.10.0044,18288,W 100 Fi,89,QSL 9,
62628379,13.10.0044,18288,W 100 Fi,143,,
62628378,13.10.0044,18288,W 100 Fi,46,,
62628377,13.10.0044,18288,W 100 Fi,87,,
62628376,13.10.0044,18288,W 100 Fi,55,18700,
62628375,13.10.0044,18288,W 100 Fi,30,,
62628374,13.10.0044,18288,W 100 Fi,77,,
62628373,13.10.0044,18288,W 100 Fi,148,,
62628372,13.10.0044,18288,W 100 Fi,9,,
62628371,13.10.0044,18288,W 100 Fi,47,320,
62628370,13.10.0044,18288,W 100 Fi,41,,
62628369,13.10.0044,18288,W 100 Fi,73,10685,
62628368,13.10.0044,18288,W 100 Fi,63,3000,
62628367,13.10.0044,18288,W 100 Fi,144,,
62628366,13.10.0044,18288,W 100 Fi,122,,
62628365,13.10.0044,18288,W 100 Fi,88,224,
62628364,13.10.0044,18288,W 100 Fi,61,,
62628363,13.10.0044,18288,W 100 Fi,7,Tier 4,
62601303,HG12474,,A04HPX-40,154,,19.0
62601302,HG12474,,A04HPX-40,73,,15.0
62601301,HG12474,,A04HPX-40,112,,
62601300,HG12474,,A04HPX-40,26,,15.0
62601299,HG12474,,A04HPX-40,65,,16.0
62601298,HG12474,,A04HPX-40,23,,
62601297,HG12474,,A04HPX-40,12,,18.0
62601296,HG12474,,A04HPX-40,55,,11.0
62601295,HG12474,,A04HPX-40,109,,
62601294,HG12474,,A04HPX-40,111,,
62601293,HG12474,,A04HPX-40,110,,
62601292,HG12474,,A04HPX-40,113,,
62601291,HG12474,,A04HPX-40,63,,15.0
62601290,HG12474,,A04HPX-40,114,,15.0
62601289,HG12474,,A04HPX-40,147,,
62593926,231009429,,HFW 250 T5,89,,
62593925,231009429,,HFW 250 T5,26,,15.0
62593924,231009429,,HFW 250 T5,88,,10.0
62593923,231009429,,HFW 250 T5,93,,5.0
62593922,231009429,,HFW 250 T5,7,,
62593921,231009429,,HFW 250 T5,87,,
62593920,231009429,,HFW 250 T5,6,,
62593919,231009429,,HFW 250 T5,76,,10.0
62593918,231009429,,HFW 250 T5,118,,
62593917,231009429,,HFW 250 T5,48,,3.0
62593916,231009429,,HFW 250 T5,55,,11.0
62593915,231009429,,HFW 250 T5,75,,9.0
62593914,231009429,,HFW 250 T5,74,,17.0
62593913,231009429,,HFW 250 T5,29,,
62593912,231009429,,HFW 250 T5,28,,9.0
62593911,231009429,,HFW 250 T5,73,,15.0
62593910,231009429,,HFW 250 T5,63,,15.0
62593909,231009429,,HFW 250 T5,30,,
62593908,231009429,,HFW 250 T5,94,,2.0
62593904,231009428,,HFW 250 T5,89,,
62593903,231009428,,HFW 250 T5,26,,15.0
62593902,231009428,,HFW 250 T5,88,,10.0
62593901,231009428,,HFW 250 T5,93,,5.0
62593900,231009428,,HFW 250 T5,7,,
62593899,231009428,,HFW 250 T5,87,,
62593898,231009428,,HFW 250 T5,6,,
62593897,231009428,,HFW 250 T5,76,,10.0
62593896,231009428,,HFW 250 T5,118,,
62593895,231009428,,HFW 250 T5,48,,3.0
62593894,231009428,,HFW 250 T5,55,,11.0
62593893,231009428,,HFW 250 T5,75,,9.0
62593892,231009428,,HFW 250 T5,74,,17.0
62593891,231009428,,HFW 250 T5,29,,
62593890,231009428,,HFW 250 T5,28,,9.0
62593889,231009428,,HFW 250 T5,73,,15.0
62593888,231009428,,HFW 250 T5,63,,15.0
62593887,231009428,,HFW 250 T5,30,,
62593886,231009428,,HFW 250 T5,94,,2.0
62593397,231009172,,HFW 200 T5,89,,
62593396,231009172,,HFW 200 T5,26,,15.0
62593395,231009172,,HFW 200 T5,88,,10.0
62593394,231009172,,HFW 200 T5,93,,5.0
62593393,231009172,,HFW 200 T5,7,,
62593392,231009172,,HFW 200 T5,87,,
62593391,231009172,,HFW 200 T5,6,,
62593390,231009172,,HFW 200 T5,76,,10.0
62593389,231009172,,HFW 200 T5,118,,
62593388,231009172,,HFW 200 T5,48,,3.0
62593387,231009172,,HFW 200 T5,55,,11.0
62593386,231009172,,HFW 200 T5,75,,9.0
62593385,231009172,,HFW 200 T5,74,,17.0
62593384,231009172,,HFW 200 T5,29,,
62593383,231009172,,HFW 200 T5,28,,9.0
62593382,231009172,,HFW 200 T5,73,,15.0
62593381,231009172,,HFW 200 T5,63,,15.0
62593380,231009172,,HFW 200 T5,30,,
62593379,231009172,,HFW 200 T5,94,,2.0
62593375,231009171,,HFW 200 T5,89,,
62593374,231009171,,HFW 200 T5,26,,15.0
62593373,231009171,,HFW 200 T5,88,,10.0
62593372,231009171,,HFW 200 T5,93,,5.0
62593371,231009171,,HFW 200 T5,7,,
62593370,231009171,,HFW 200 T5,87,,
62593369,231009171,,HFW 200 T5,6,,
62593368,231009171,,HFW 200 T5,76,,10.0
62593367,231009171,,HFW 200 T5,118,,
62593366,231009171,,HFW 200 T5,48,,3.0
62593365,231009171,,HFW 200 T5,55,,11.0
62593364,231009171,,HFW 200 T5,75,,9.0
62593363,231009171,,HFW 200 T5,74,,17.0
62593362,231009171,,HFW 200 T5,29,,
62593361,231009171,,HFW 200 T5,28,,9.0
62593360,231009171,,HFW 200 T5,73,,15.0
62593359,231009171,,HFW 200 T5,63,,15.0
62593358,231009171,,HFW 200 T5,30,,
62593357,231009171,,HFW 200 T5,94,,2.0
62247446,V08222634X3,,V 8 X 3,151,,13.0
62247445,V08222634X3,,V 8 X 3,14,,6.0
62247444,V08222634X3,,V 8 X 3,154,,19.0
62247443,V08222634X3,,V 8 X 3,111,,
62247442,V08222634X3,,V 8 X 3,113,,
62247441,V08222634X3,,V 8 X 3,109,,
62247440,V08222634X3,,V 8 X 3,112,,
62247439,V08222634X3,,V 8 X 3,63,,15.0
62247438,V08222634X3,,V 8 X 3,26,,15.0
62247437,V08222634X3,,V 8 X 3,55,,11.0
62247436,V08222634X3,,V 8 X 3,73,,15.0
62247435,V08222634X3,,V 8 X 3,110,,
62247434,V08222634X3,,V 8 X 3,23,,
62199295,101842,,"TS - 120 HC, L=5,00 m",133,120 HC,
62199294,101842,,"TS - 120 HC, L=5,00 m",55,,11.0
62199293,101842,,"TS - 120 HC, L=5,00 m",63,,15.0
62199292,101842,,"TS - 120 HC, L=5,00 m",73,,15.0
62199291,101842,,"TS - 120 HC, L=5,00 m",26,,15.0
62199287,101841,,"TS - 120 HC, L=5,00 m",133,120 HC,
62199286,101841,,"TS - 120 HC, L=5,00 m",55,,11.0
62199285,101841,,"TS - 120 HC, L=5,00 m",63,,15.0
62199284,101841,,"TS - 120 HC, L=5,00 m",73,,15.0
62199283,101841,,"TS - 120 HC, L=5,00 m",26,,15.0
62136126,15082,18283,Titan 326,156,,
62136125,15082,18283,Titan 326,152,,15.0
62136124,15082,18283,Titan 326,52,,
62136123,15082,18283,Titan 326,38,,14.0
62136122,15082,18283,Titan 326,37,,14.0
62136121,15082,18283,Titan 326,36,,14.0
62136120,15082,18283,Titan 326,149,,
62136119,15082,18283,Titan 326,73,,15.0
62136118,15082,18283,Titan 326,89,,
62136117,15082,18283,Titan 326,88,,10.0
62136115,15082,18283,Titan 326,35,,
62136114,15082,18283,Titan 326,127,,
62136113,15082,18283,Titan 326,148,,
62136112,15082,18283,Titan 326,8,,
62136111,15082,18283,Titan 326,26,,15.0
62136110,15082,18283,Titan 326,7,,
62136109,15082,18283,Titan 326,63,,15.0
62136108,15082,18283,Titan 326,87,,
62136107,15082,18283,Titan 326,27,,
62136106,15082,18283,Titan 326,23,,
62136105,15082,18283,Titan 326,132,,
62136104,15082,18283,Titan 326,34,,20.0
62136103,15082,18283,Titan 326,30,,
62136102,15082,18283,Titan 326,6,,
62136101,15082,18283,Titan 326,55,,11.0
62127593,101836,,LR 636,55,,11.0
62127592,101836,,LR 636,73,,15.0
62127591,101836,,LR 636,113,,
62127590,101836,,LR 636,109,,
62127589,101836,,LR 636,63,,15.0
62127588,101836,,LR 636,112,,
62127587,101836,,LR 636,110,,
62127586,101836,,LR 636,111,,
62127585,101836,,LR 636,65,,16.0
62127584,101836,,LR 636,114,,15.0
62127583,101836,,LR 636,26,,15.0
62127582,101836,,LR 636,23,,
62125577,45284,18282,200 EC-H 10 Litronic,53,,19.0
62125576,45284,18282,200 EC-H 10 Litronic,146,,
62125575,45284,18282,200 EC-H 10 Litronic,69,,
62125574,45284,18282,200 EC-H 10 Litronic,19,,14.0
62125573,45284,18282,200 EC-H 10 Litronic,148,,
62125572,45284,18282,200 EC-H 10 Litronic,48,,3.0
62125571,45284,18282,200 EC-H 10 Litronic,93,,5.0
62125570,45284,18282,200 EC-H 10 Litronic,18,,14.0
62125569,45284,18282,200 EC-H 10 Litronic,131,,11.0
62125568,45284,18282,200 EC-H 10 Litronic,59,,14.0
62125567,45284,18282,200 EC-H 10 Litronic,66,,
62125566,45284,18282,200 EC-H 10 Litronic,94,,2.0
62125565,45284,18282,200 EC-H 10 Litronic,130,,11.0
62125564,45284,18282,200 EC-H 10 Litronic,76,,10.0
62125563,45284,18282,200 EC-H 10 Litronic,133,,
62125562,45284,18282,200 EC-H 10 Litronic,5,,
62125561,45284,18282,200 EC-H 10 Litronic,50,,
62123484,CATCB434CCNH00367,18281,CB 434 D,158,,
62123483,CATCB434CCNH00367,18281,CB 434 D,155,,
62123482,CATCB434CCNH00367,18281,CB 434 D,69,,
62123481,CATCB434CCNH00367,18281,CB 434 D,88,,10.0
62123480,CATCB434CCNH00367,18281,CB 434 D,54,,
62123479,CATCB434CCNH00367,18281,CB 434 D,30,,
62123478,CATCB434CCNH00367,18281,CB 434 D,13,,15.0
62123477,CATCB434CCNH00367,18281,CB 434 D,23,,
62123476,CATCB434CCNH00367,18281,CB 434 D,73,,15.0
62123475,CATCB434CCNH00367,18281,CB 434 D,63,,15.0
62123474,CATCB434CCNH00367,18281,CB 434 D,135,,11.0
62123473,CATCB434CCNH00367,18281,CB 434 D,70,,
62123472,CATCB434CCNH00367,18281,CB 434 D,67,,18.0
62123471,CATCB434CCNH00367,18281,CB 434 D,87,,
62123470,CATCB434CCNH00367,18281,CB 434 D,96,,
62123469,CATCB434CCNH00367,18281,CB 434 D,26,,15.0
62123468,CATCB434CCNH00367,18281,CB 434 D,89,,
62123467,CATCB434CCNH00367,18281,CB 434 D,55,,11.0
62123466,CATCB434CCNH00367,18281,CB 434 D,6,,
62123465,CATCB434CCNH00367,18281,CB 434 D,148,,
62123464,CATCB434CCNH00367,18281,CB 434 D,7,,
62123463,CATCB434CCNH00367,18281,CB 434 D,16,,
62123462,CATCB434CCNH00367,18281,CB 434 D,136,,
62089967,430920321,,XHD 900,151,70 - 95,13.0
62089845,430920321,,XHD 900,14,180 - 240,6.0
61911848,1507132125,300771,A 914 Compact G6.0-D Litronic,160,L,
61911847,1507132125,300771,A 914 Compact G6.0-D Litronic,99,Nein,
61911846,1507132125,300771,A 914 Compact G6.0-D Litronic,69,Ja,
61911845,1507132125,300771,A 914 Compact G6.0-D Litronic,83,Nein,
61911844,1507132125,300771,A 914 Compact G6.0-D Litronic,23,Nein,
61911843,1507132125,300771,A 914 Compact G6.0-D Litronic,78,2050,15.0
61911791,1507132125,300771,A 914 Compact G6.0-D Litronic,113,OQ 60-5,
61911790,1507132125,300771,A 914 Compact G6.0-D Litronic,40,20,12.0
61911789,1507132125,300771,A 914 Compact G6.0-D Litronic,87,Liebherr,
61911788,1507132125,300771,A 914 Compact G6.0-D Litronic,128,Nein,
61911787,1507132125,300771,A 914 Compact G6.0-D Litronic,141,Nein,
61911786,1507132125,300771,A 914 Compact G6.0-D Litronic,6,,
61911785,1507132125,300771,A 914 Compact G6.0-D Litronic,11,Nein,
61911784,1507132125,300771,A 914 Compact G6.0-D Litronic,111,Ja,
61911783,1507132125,300771,A 914 Compact G6.0-D Litronic,112,Nein,
61911782,1507132125,300771,A 914 Compact G6.0-D Litronic,109,OilQuick,
61911734,1507132125,300771,A 914 Compact G6.0-D Litronic,55,15500,11.0
61911733,1507132125,300771,A 914 Compact G6.0-D Litronic,110,,
61911732,1507132125,300771,A 914 Compact G6.0-D Litronic,56,5350,15.0
61911731,1507132125,300771,A 914 Compact G6.0-D Litronic,30,Ja,
61911730,1507132125,300771,A 914 Compact G6.0-D Litronic,89,D924,
61911729,1507132125,300771,A 914 Compact G6.0-D Litronic,148,Ja,
61911728,1507132125,300771,A 914 Compact G6.0-D Litronic,57,Ja,
61911727,1507132125,300771,A 914 Compact G6.0-D Litronic,120,Nein,
61911726,1507132125,300771,A 914 Compact G6.0-D Litronic,88,105,10.0
61911725,1507132125,300771,A 914 Compact G6.0-D Litronic,7,,
61911719,1507132125,300771,A 914 Compact G6.0-D Litronic,137,Ja,
61911718,1507132125,300771,A 914 Compact G6.0-D Litronic,101,Nein,
61911717,1507132125,300771,A 914 Compact G6.0-D Litronic,58,Ja,
61911716,1507132125,300771,A 914 Compact G6.0-D Litronic,140,Nein,
61911715,1507132125,300771,A 914 Compact G6.0-D Litronic,107,Ja,
61911714,1507132125,300771,A 914 Compact G6.0-D Litronic,106,Ja,
61911713,1507132125,300771,A 914 Compact G6.0-D Litronic,60,Ja,
61911712,1507132125,300771,A 914 Compact G6.0-D Litronic,63,3165,15.0
61911711,1507132125,300771,A 914 Compact G6.0-D Litronic,26,2550,15.0
61911710,1507132125,300771,A 914 Compact G6.0-D Litronic,73,8100,15.0
61911268,1507-122346,300712,A 914 Compact G6.0-D Litronic,160,L,
61911267,1507-122346,300712,A 914 Compact G6.0-D Litronic,99,Nein,
61911266,1507-122346,300712,A 914 Compact G6.0-D Litronic,69,Ja,
61911265,1507-122346,300712,A 914 Compact G6.0-D Litronic,83,Nein,
61911264,1507-122346,300712,A 914 Compact G6.0-D Litronic,23,Nein,
61911263,1507-122346,300712,A 914 Compact G6.0-D Litronic,78,2050,15.0
61911262,1507-122346,300712,A 914 Compact G6.0-D Litronic,113,OQ 60-5,
61911258,1507-122346,300712,A 914 Compact G6.0-D Litronic,40,20,12.0
61911257,1507-122346,300712,A 914 Compact G6.0-D Litronic,87,Liebherr,
61911256,1507-122346,300712,A 914 Compact G6.0-D Litronic,128,Nein,
61911255,1507-122346,300712,A 914 Compact G6.0-D Litronic,141,Nein,
61911254,1507-122346,300712,A 914 Compact G6.0-D Litronic,6,Stufe V,
61911253,1507-122346,300712,A 914 Compact G6.0-D Litronic,11,Nein,
61911252,1507-122346,300712,A 914 Compact G6.0-D Litronic,111,Ja,
61911251,1507-122346,300712,A 914 Compact G6.0-D Litronic,112,Nein,
61911250,1507-122346,300712,A 914 Compact G6.0-D Litronic,109,OilQuick,
61911249,1507-122346,300712,A 914 Compact G6.0-D Litronic,55,15500,11.0
61911248,1507-122346,300712,A 914 Compact G6.0-D Litronic,110,,
61911247,1507-122346,300712,A 914 Compact G6.0-D Litronic,56,5350,15.0
61911246,1507-122346,300712,A 914 Compact G6.0-D Litronic,30,Ja,
61911245,1507-122346,300712,A 914 Compact G6.0-D Litronic,89,D924,
61911244,1507-122346,300712,A 914 Compact G6.0-D Litronic,148,Ja,
61911243,1507-122346,300712,A 914 Compact G6.0-D Litronic,57,Ja,
61911238,1507-122346,300712,A 914 Compact G6.0-D Litronic,120,Nein,
61911237,1507-122346,300712,A 914 Compact G6.0-D Litronic,88,105,10.0
61911236,1507-122346,300712,A 914 Compact G6.0-D Litronic,7,,
61911235,1507-122346,300712,A 914 Compact G6.0-D Litronic,137,Ja,
61911234,1507-122346,300712,A 914 Compact G6.0-D Litronic,101,Nein,
61911233,1507-122346,300712,A 914 Compact G6.0-D Litronic,58,Ja,
61911232,1507-122346,300712,A 914 Compact G6.0-D Litronic,140,Nein,
61911231,1507-122346,300712,A 914 Compact G6.0-D Litronic,107,Ja,
61911230,1507-122346,300712,A 914 Compact G6.0-D Litronic,106,Ja,
61911229,1507-122346,300712,A 914 Compact G6.0-D Litronic,60,Ja,
61911228,1507-122346,300712,A 914 Compact G6.0-D Litronic,63,3165,15.0
61911227,1507-122346,300712,A 914 Compact G6.0-D Litronic,26,2550,15.0
61911226,1507-122346,300712,A 914 Compact G6.0-D Litronic,73,8100,15.0
61910728,1565-48623,300680,R 926 Compact Litronic,99,Nein,
61910727,1565-48623,300680,R 926 Compact Litronic,141,Nein,
61910726,1565-48623,300680,R 926 Compact Litronic,148,Ja,
61910725,1565-48623,300680,R 926 Compact Litronic,140,Nein,
61910724,1565-48623,300680,R 926 Compact Litronic,69,Ja,
61910723,1565-48623,300680,R 926 Compact Litronic,30,Ja,
61910722,1565-48623,300680,R 926 Compact Litronic,24,,15.0
61910721,1565-48623,300680,R 926 Compact Litronic,23,Nein,
61910720,1565-48623,300680,R 926 Compact Litronic,57,Ja,
61910719,1565-48623,300680,R 926 Compact Litronic,58,Ja,
61910718,1565-48623,300680,R 926 Compact Litronic,106,Ja,
61910717,1565-48623,300680,R 926 Compact Litronic,60,Ja,
61910716,1565-48623,300680,R 926 Compact Litronic,56,7000,15.0
61910715,1565-48623,300680,R 926 Compact Litronic,107,Ja,
61910714,1565-48623,300680,R 926 Compact Litronic,120,Nein,
61910713,1565-48623,300680,R 926 Compact Litronic,137,Ja,
61910712,1565-48623,300680,R 926 Compact Litronic,83,Nein,
61910711,1565-48623,300680,R 926 Compact Litronic,128,Nein,
61910710,1565-48623,300680,R 926 Compact Litronic,112,Nein,
61910709,1565-48623,300680,R 926 Compact Litronic,111,Ja,
61910708,1565-48623,300680,R 926 Compact Litronic,110,,
61910707,1565-48623,300680,R 926 Compact Litronic,113,OQ 70/55,
61910706,1565-48623,300680,R 926 Compact Litronic,109,OilQuick,
61910705,1565-48623,300680,R 926 Compact Litronic,7,,
61910704,1565-48623,300680,R 926 Compact Litronic,6,Stufe V,
61910703,1565-48623,300680,R 926 Compact Litronic,88,129,10.0
61910702,1565-48623,300680,R 926 Compact Litronic,89,D924 A7-05,
61910701,1565-48623,300680,R 926 Compact Litronic,87,Liebherr,
61910700,1565-48623,300680,R 926 Compact Litronic,55,29300,11.0
61910699,1565-48623,300680,R 926 Compact Litronic,63,3050,15.0
61910698,1565-48623,300680,R 926 Compact Litronic,78,2650,15.0
61910697,1565-48623,300680,R 926 Compact Litronic,26,3000,15.0
61910696,1565-48623,300680,R 926 Compact Litronic,73,9300,15.0
61908301,101831,,Verbreiterung - AB 200 TV - 350R,149,AB 200 TV,
61908300,101831,,Verbreiterung - AB 200 TV - 350R,26,350,15.0
61908296,101830,,Verbreiterung - AB 200 TV - 350L,149,AB 200 TV,
61908295,101830,,Verbreiterung - AB 200 TV - 350L,26,350,15.0
61908291,07901905,18280,Super 800,26,,15.0
61908290,07901905,18280,Super 800,36,,14.0
61908289,07901905,18280,Super 800,38,,14.0
61908288,07901905,18280,Super 800,37,,14.0
61908287,07901905,18280,Super 800,55,,11.0
61908286,07901905,18280,Super 800,63,,15.0
61908285,07901905,18280,Super 800,73,,15.0
61908284,07901905,18280,Super 800,149,,
61907733,WGH0H297AHAA00013,,HX 70i VO-S,135,,11.0
61907732,WGH0H297AHAA00013,,HX 70i VO-S,23,Nein,
61907731,WGH0H297AHAA00013,,HX 70i VO-S,96,,
61907730,WGH0H297AHAA00013,,HX 70i VO-S,136,Ja,
61907729,WGH0H297AHAA00013,,HX 70i VO-S,148,Nein,
61907728,WGH0H297AHAA00013,,HX 70i VO-S,7,Tier 4,
61907727,WGH0H297AHAA00013,,HX 70i VO-S,6,Stufe V,
61907726,WGH0H297AHAA00013,,HX 70i VO-S,30,Ja,
61907725,WGH0H297AHAA00013,,HX 70i VO-S,69,Ja,
61907724,WGH0H297AHAA00013,,HX 70i VO-S,124,38,1.0
61907723,WGH0H297AHAA00013,,HX 70i VO-S,123,42,1.0
61907707,WGH0H297AHAA00013,,HX 70i VO-S,63,2960,15.0
61907706,WGH0H297AHAA00013,,HX 70i VO-S,13,1500,15.0
61907705,WGH0H297AHAA00013,,HX 70i VO-S,26,1680,15.0
61907704,WGH0H297AHAA00013,,HX 70i VO-S,73,4140,15.0
61907703,WGH0H297AHAA00013,,HX 70i VO-S,55,8040,11.0
61907702,WGH0H297AHAA00013,,HX 70i VO-S,88,"55,4",10.0
61907701,WGH0H297AHAA00013,,HX 70i VO-S,89,V3307-CR-TE5B,
61907700,WGH0H297AHAA00013,,HX 70i VO-S,87,Kubota,
61907677,101587381191,,BW 177 D-5,124,46,1.0
61907676,101587061545,,BW 177 D-5,124,46,1.0
61907326,WGH0H234THAA00356,300569,H 13 i,124,52,1.0
61907322,WGH0H234THAA00356,300569,H 13 i,96,Nein,
61907321,WGH0H234THAA00356,300569,H 13 i,136,Ja,
61907320,WGH0H234THAA00356,300569,H 13 i,73,5850,15.0
61907319,WGH0H234THAA00356,300569,H 13 i,7,Tier 4,
61907318,WGH0H234THAA00356,300569,H 13 i,63,2960,15.0
61907317,WGH0H234THAA00356,300569,H 13 i,148,Nein,
61907316,WGH0H234THAA00356,300569,H 13 i,55,12610,11.0
61907315,WGH0H234THAA00356,300569,H 13 i,88,115,10.0
61907314,WGH0H234THAA00356,300569,H 13 i,6,Stufe IV,
61907313,WGH0H234THAA00356,300569,H 13 i,30,Ja,
61907312,WGH0H234THAA00356,300569,H 13 i,69,Ja,
61907311,WGH0H234THAA00356,300569,H 13 i,26,2284,15.0
61907310,WGH0H234THAA00356,300569,H 13 i,123,57,1.0
61907309,WGH0H234THAA00356,300569,H 13 i,135,,11.0
61907308,WGH0H234THAA00356,300569,H 13 i,13,2140,15.0
61907307,WGH0H234THAA00356,300569,H 13 i,23,Nein,
61907306,WGH0H234THAA00356,300569,H 13 i,87,Deutz,
61907305,WGH0H234THAA00356,300569,H 13 i,89,TCD 4.1 L4,
61734016,04WR0472,18279,WR 2500 S,23,,
61734015,04WR0472,18279,WR 2500 S,89,,
61734014,04WR0472,18279,WR 2500 S,73,,15.0
61734013,04WR0472,18279,WR 2500 S,63,,15.0
61734012,04WR0472,18279,WR 2500 S,148,,
61734011,04WR0472,18279,WR 2500 S,55,,11.0
61734010,04WR0472,18279,WR 2500 S,7,,
61734009,04WR0472,18279,WR 2500 S,6,,
61734008,04WR0472,18279,WR 2500 S,88,,10.0
61734007,04WR0472,18279,WR 2500 S,87,,
61734006,04WR0472,18279,WR 2500 S,47,,15.0
61734005,04WR0472,18279,WR 2500 S,46,,18.0
61734004,04WR0472,18279,WR 2500 S,45,,15.0
61734003,04WR0472,18279,WR 2500 S,26,,15.0
61734002,04WR0472,18279,WR 2500 S,69,,
61734001,04WR0472,18279,WR 2500 S,144,,
61734000,04WR0472,18279,WR 2500 S,30,,
61733939,04WR0428,18278,WR 2500 S,23,,
61733938,04WR0428,18278,WR 2500 S,89,,
61733937,04WR0428,18278,WR 2500 S,73,,15.0
61733936,04WR0428,18278,WR 2500 S,63,,15.0
61733935,04WR0428,18278,WR 2500 S,148,,
61733934,04WR0428,18278,WR 2500 S,55,,11.0
61733933,04WR0428,18278,WR 2500 S,7,,
61733932,04WR0428,18278,WR 2500 S,6,,
61733931,04WR0428,18278,WR 2500 S,88,,10.0
61733930,04WR0428,18278,WR 2500 S,87,,
61733929,04WR0428,18278,WR 2500 S,47,,15.0
61733928,04WR0428,18278,WR 2500 S,46,,18.0
61733927,04WR0428,18278,WR 2500 S,45,,15.0
61733926,04WR0428,18278,WR 2500 S,26,,15.0
61733925,04WR0428,18278,WR 2500 S,69,,
61733924,04WR0428,18278,WR 2500 S,144,,
61733923,04WR0428,18278,WR 2500 S,30,,
61702983,LG003498,300721,SD 2500 CS,52,Nein,
61702982,LG003498,300721,SD 2500 CS,38,"9,70",14.0
61702981,LG003498,300721,SD 2500 CS,37,"6,00",14.0
61702980,LG003498,300721,SD 2500 CS,36,"3,00",14.0
61702979,LG003498,300721,SD 2500 CS,89,QSB6.7-C200,
61702978,LG003498,300721,SD 2500 CS,88,142,10.0
61702977,LG003498,300721,SD 2500 CS,35,Ja,
61702976,LG003498,300721,SD 2500 CS,87,Cummins,
61702975,LG003498,300721,SD 2500 CS,27,hydraulisch,
61702974,LG003498,300721,SD 2500 CS,132,Ja,
61702973,LG003498,300721,SD 2500 CS,6,Stufe V,
61702972,LG003498,300721,SD 2500 CS,55,21000,11.0
61702971,LG003498,300721,SD 2500 CS,63,3100,15.0
61702970,LG003498,300721,SD 2500 CS,26,2550,15.0
61702969,LG003498,300721,SD 2500 CS,73,6150,15.0
61702964,10002155TNG004197,,SD 2500 CS,52,Nein,
61702963,10002155TNG004197,,SD 2500 CS,38,"9,70",14.0
61702962,10002155TNG004197,,SD 2500 CS,37,"6,00",14.0
61702961,10002155TNG004197,,SD 2500 CS,36,"3,00",14.0
61702960,10002155TNG004197,,SD 2500 CS,89,QSB6.7-C200,
61702959,10002155TNG004197,,SD 2500 CS,88,142,10.0
61702958,10002155TNG004197,,SD 2500 CS,35,Ja,
61702957,10002155TNG004197,,SD 2500 CS,87,Cummins,
61702956,10002155TNG004197,,SD 2500 CS,27,hydraulisch,
61702955,10002155TNG004197,,SD 2500 CS,132,Ja,
61702954,10002155TNG004197,,SD 2500 CS,6,Stufe V,
61702953,10002155TNG004197,,SD 2500 CS,55,21000,11.0
61702952,10002155TNG004197,,SD 2500 CS,63,3100,15.0
61702951,10002155TNG004197,,SD 2500 CS,26,2550,15.0
61702950,10002155TNG004197,,SD 2500 CS,73,6150,15.0
61702948,3200063,,SW 6500,22,1200,15.0
61702947,3200063,,SW 6500,34,2000,20.0
61702946,3200063,,SW 6500,55,5000,11.0
61702945,3200063,,SW 6500,63,1630,15.0
61702944,3200063,,SW 6500,26,2260,15.0
61702943,3200063,,SW 6500,73,8605,15.0
61702938,3200055,,SW 6500,22,1200,15.0
61702937,3200055,,SW 6500,34,2000,20.0
61702936,3200055,,SW 6500,55,5000,11.0
61702935,3200055,,SW 6500,63,1630,15.0
61702934,3200055,,SW 6500,26,2260,15.0
61702933,3200055,,SW 6500,73,8605,15.0
61702932,3200024,300786,SW 6500,22,1200,15.0
61702931,3200024,300786,SW 6500,34,2000,20.0
61702930,3200024,300786,SW 6500,55,5000,11.0
61702929,3200024,300786,SW 6500,63,1630,15.0
61702928,3200024,300786,SW 6500,26,2260,15.0
61702927,3200024,300786,SW 6500,73,8605,15.0
61702925,3256072,300510,Swing App,22,1200,15.0
61702924,3256072,300510,Swing App,34,2000,20.0
61702923,3256072,300510,Swing App,55,5000,11.0
61702922,3256072,300510,Swing App,63,1630,15.0
61702921,3256072,300510,Swing App,26,2260,15.0
61702920,3256072,300510,Swing App,73,8605,15.0
61702576,1000005128,300724,SW 6500,22,1200,15.0
61702575,1000005128,300724,SW 6500,34,2000,20.0
61702574,1000005128,300724,SW 6500,55,5000,11.0
61702573,1000005128,300724,SW 6500,63,1630,15.0
61702572,1000005128,300724,SW 6500,26,2260,15.0
61702571,1000005128,300724,SW 6500,73,8605,15.0
61698691,3264963,300576,Materialkübel extern,51,Ja,
61698690,3264963,300576,Materialkübel extern,65,11,16.0
61698689,3264963,300576,Materialkübel extern,55,1350,11.0
61698688,3264963,300576,Materialkübel extern,63,2190,15.0
61698687,3264963,300576,Materialkübel extern,26,3700,15.0
61698686,3264963,300576,Materialkübel extern,73,2550,15.0
61698685,3251673,300495,Materialkübel extern,51,Ja,
61698684,3251673,300495,Materialkübel extern,65,11,16.0
61698683,3251673,300495,Materialkübel extern,55,1350,11.0
61698682,3251673,300495,Materialkübel extern,63,2190,15.0
61698681,3251673,300495,Materialkübel extern,26,3700,15.0
61698680,3251673,300495,Materialkübel extern,73,2550,15.0
61698679,3250258,300485,Materialkübel extern,51,Nein,
61698678,3250258,300485,Materialkübel extern,65,11,16.0
61698677,3250258,300485,Materialkübel extern,55,1350,11.0
61698676,3250258,300485,Materialkübel extern,63,2190,15.0
61698675,3250258,300485,Materialkübel extern,26,3700,15.0
61698674,3250258,300485,Materialkübel extern,73,2250,15.0
61698673,3250052,300481,Materialkübel extern,51,Nein,
61698672,3250052,300481,Materialkübel extern,65,11,16.0
61698671,3250052,300481,Materialkübel extern,55,1350,11.0
61698670,3250052,300481,Materialkübel extern,63,2190,15.0
61698669,3250052,300481,Materialkübel extern,26,3700,15.0
61698668,3250052,300481,Materialkübel extern,73,2550,15.0
61698666,3282701,300684,Materialkübel extern,51,Ja,
61698665,3282701,300684,Materialkübel extern,65,11,16.0
61698664,3282701,300684,Materialkübel extern,55,1350,11.0
61698663,3282701,300684,Materialkübel extern,63,2190,15.0
61698662,3282701,300684,Materialkübel extern,26,3700,15.0
61698661,3282701,300684,Materialkübel extern,73,2550,15.0
61698313,3267424,300583,Materialkübel extern,51,Ja,
61698312,3267424,300583,Materialkübel extern,65,11,16.0
61698311,3267424,300583,Materialkübel extern,55,1350,11.0
61698310,3267424,300583,Materialkübel extern,63,2190,15.0
61698309,3267424,300583,Materialkübel extern,26,3700,15.0
61698308,3267424,300583,Materialkübel extern,73,2550,15.0
61698307,3256297,300508,Materialkübel extern,51,Ja,
61698306,3256297,300508,Materialkübel extern,65,11,16.0
61698305,3256297,300508,Materialkübel extern,55,1350,11.0
61698304,3256297,300508,Materialkübel extern,63,2190,15.0
61698303,3256297,300508,Materialkübel extern,26,3700,15.0
61698302,3256297,300508,Materialkübel extern,73,2550,15.0
61698295,1000011250,300766,Materialkübel extern,51,Ja,
61698294,1000011250,300766,Materialkübel extern,65,11,16.0
61698293,1000011250,300766,Materialkübel extern,55,1350,11.0
61698292,1000011250,300766,Materialkübel extern,63,2190,15.0
61698291,1000011250,300766,Materialkübel extern,26,3700,15.0
61698290,1000011250,300766,Materialkübel extern,73,2550,15.0
61698289,1000013010,300784,Materialkübel extern,51,Ja,
61698288,1000013010,300784,Materialkübel extern,65,11,16.0
61698287,1000013010,300784,Materialkübel extern,55,1350,11.0
61698286,1000013010,300784,Materialkübel extern,63,2190,15.0
61698285,1000013010,300784,Materialkübel extern,26,3700,15.0
61698284,1000013010,300784,Materialkübel extern,73,2550,15.0
61698279,1000014657,,Materialkübel extern,51,Ja,
61698278,1000014657,,Materialkübel extern,65,11,16.0
61698277,1000014657,,Materialkübel extern,55,1350,11.0
61698276,1000014657,,Materialkübel extern,63,2190,15.0
61698275,1000014657,,Materialkübel extern,26,3700,15.0
61698274,1000014657,,Materialkübel extern,73,2550,15.0
61698272,1000015256,,Materialkübel extern,51,Ja,
61698271,1000015256,,Materialkübel extern,65,11,16.0
61698270,1000015256,,Materialkübel extern,55,1350,11.0
61698269,1000015256,,Materialkübel extern,63,2190,15.0
61698268,1000015256,,Materialkübel extern,26,3700,15.0
61698267,1000015256,,Materialkübel extern,73,2550,15.0
61697960,MG003830,300783,MF 2500CS STG V 2019,69,Nein,
61697959,MG003830,300783,MF 2500CS STG V 2019,62,Ja,
61697958,MG003830,300783,MF 2500CS STG V 2019,31,Ja,
61697957,MG003830,300783,MF 2500CS STG V 2019,148,Ja,
61697956,MG003830,300783,MF 2500CS STG V 2019,30,Ja,
61697955,MG003830,300783,MF 2500CS STG V 2019,8,Nein,
61697954,MG003830,300783,MF 2500CS STG V 2019,23,Nein,
61697953,MG003830,300783,MF 2500CS STG V 2019,43,4000,20.0
61697952,MG003830,300783,MF 2500CS STG V 2019,22,1200,15.0
61697951,MG003830,300783,MF 2500CS STG V 2019,132,Ja,
61697950,MG003830,300783,MF 2500CS STG V 2019,6,Stufe IV,
61697949,MG003830,300783,MF 2500CS STG V 2019,7,Tier 4f,
61697948,MG003830,300783,MF 2500CS STG V 2019,88,168,10.0
61697947,MG003830,300783,MF 2500CS STG V 2019,89,QSB 6.7-C225,
61697946,MG003830,300783,MF 2500CS STG V 2019,87,Cummins,
61697945,MG003830,300783,MF 2500CS STG V 2019,63,3100,15.0
61697944,MG003830,300783,MF 2500CS STG V 2019,26,2550,15.0
61697943,MG003830,300783,MF 2500CS STG V 2019,73,9200,15.0
61697942,MG003830,300783,MF 2500CS STG V 2019,55,20000,11.0
61697873,MG003762,300765,MF 2500 CS T4f Kurz SW LP 2017,69,Nein,
61697872,MG003762,300765,MF 2500 CS T4f Kurz SW LP 2017,62,Ja,
61697871,MG003762,300765,MF 2500 CS T4f Kurz SW LP 2017,31,Ja,
61697870,MG003762,300765,MF 2500 CS T4f Kurz SW LP 2017,148,Ja,
61697869,MG003762,300765,MF 2500 CS T4f Kurz SW LP 2017,30,Ja,
61697868,MG003762,300765,MF 2500 CS T4f Kurz SW LP 2017,8,Nein,
61697867,MG003762,300765,MF 2500 CS T4f Kurz SW LP 2017,23,Nein,
61697866,MG003762,300765,MF 2500 CS T4f Kurz SW LP 2017,43,4000,20.0
61697865,MG003762,300765,MF 2500 CS T4f Kurz SW LP 2017,22,1200,15.0
61697864,MG003762,300765,MF 2500 CS T4f Kurz SW LP 2017,132,Ja,
61697863,MG003762,300765,MF 2500 CS T4f Kurz SW LP 2017,6,Stufe IV,
61697862,MG003762,300765,MF 2500 CS T4f Kurz SW LP 2017,7,Tier 4f,
61697861,MG003762,300765,MF 2500 CS T4f Kurz SW LP 2017,88,168,10.0
61697860,MG003762,300765,MF 2500 CS T4f Kurz SW LP 2017,89,QSB 6.7-C225,
61697859,MG003762,300765,MF 2500 CS T4f Kurz SW LP 2017,87,Cummins,
61697858,MG003762,300765,MF 2500 CS T4f Kurz SW LP 2017,63,3100,15.0
61697857,MG003762,300765,MF 2500 CS T4f Kurz SW LP 2017,26,2550,15.0
61697856,MG003762,300765,MF 2500 CS T4f Kurz SW LP 2017,73,9200,15.0
61697855,MG003762,300765,MF 2500 CS T4f Kurz SW LP 2017,55,20000,11.0
61696510,HG002167,300484,MF 2500 CS LP T4f,69,Nein,
61696509,HG002167,300484,MF 2500 CS LP T4f,62,Ja,
61696508,HG002167,300484,MF 2500 CS LP T4f,31,Ja,
61696507,HG002167,300484,MF 2500 CS LP T4f,148,Ja,
61696506,HG002167,300484,MF 2500 CS LP T4f,30,Ja,
61696505,HG002167,300484,MF 2500 CS LP T4f,8,Nein,
61696504,HG002167,300484,MF 2500 CS LP T4f,23,Nein,
61696503,HG002167,300484,MF 2500 CS LP T4f,43,4000,20.0
61696502,HG002167,300484,MF 2500 CS LP T4f,22,1200,15.0
61696501,HG002167,300484,MF 2500 CS LP T4f,132,Ja,
61696500,HG002167,300484,MF 2500 CS LP T4f,6,Stufe IV,
61696499,HG002167,300484,MF 2500 CS LP T4f,7,Tier 4f,
61696498,HG002167,300484,MF 2500 CS LP T4f,88,168,10.0
61696497,HG002167,300484,MF 2500 CS LP T4f,89,QSB 6.7-C225,
61696496,HG002167,300484,MF 2500 CS LP T4f,87,Cummins,
61696495,HG002167,300484,MF 2500 CS LP T4f,63,3100,15.0
61696494,HG002167,300484,MF 2500 CS LP T4f,26,2550,15.0
61696493,HG002167,300484,MF 2500 CS LP T4f,73,9200,15.0
61696492,HG002167,300484,MF 2500 CS LP T4f,55,20000,11.0
61696432,KG002983,300683,MF 2500 CS T4f Kurz SW LP 2017,69,Nein,
61696431,KG002983,300683,MF 2500 CS T4f Kurz SW LP 2017,62,Ja,
61696430,KG002983,300683,MF 2500 CS T4f Kurz SW LP 2017,31,Ja,
61696429,KG002983,300683,MF 2500 CS T4f Kurz SW LP 2017,148,Ja,
61696428,KG002983,300683,MF 2500 CS T4f Kurz SW LP 2017,30,Ja,
61696427,KG002983,300683,MF 2500 CS T4f Kurz SW LP 2017,8,Nein,
61696426,KG002983,300683,MF 2500 CS T4f Kurz SW LP 2017,23,Nein,
61696425,KG002983,300683,MF 2500 CS T4f Kurz SW LP 2017,43,4000,20.0
61696424,KG002983,300683,MF 2500 CS T4f Kurz SW LP 2017,22,1200,15.0
61696423,KG002983,300683,MF 2500 CS T4f Kurz SW LP 2017,132,Ja,
61696422,KG002983,300683,MF 2500 CS T4f Kurz SW LP 2017,6,Stufe IV,
61696421,KG002983,300683,MF 2500 CS T4f Kurz SW LP 2017,7,Tier 4f,
61696420,KG002983,300683,MF 2500 CS T4f Kurz SW LP 2017,88,168,10.0
61696419,KG002983,300683,MF 2500 CS T4f Kurz SW LP 2017,89,QSB 6.7-C225,
61696418,KG002983,300683,MF 2500 CS T4f Kurz SW LP 2017,87,Cummins,
61696417,KG002983,300683,MF 2500 CS T4f Kurz SW LP 2017,63,3100,15.0
61696416,KG002983,300683,MF 2500 CS T4f Kurz SW LP 2017,26,2550,15.0
61696415,KG002983,300683,MF 2500 CS T4f Kurz SW LP 2017,73,9200,15.0
61696414,KG002983,300683,MF 2500 CS T4f Kurz SW LP 2017,55,20000,11.0
61696331,HJG002544,300575,MF 2500 CS LP T4f,69,Nein,
61696330,HJG002544,300575,MF 2500 CS LP T4f,62,Ja,
61696329,HJG002544,300575,MF 2500 CS LP T4f,31,Ja,
61696328,HJG002544,300575,MF 2500 CS LP T4f,148,Ja,
61696327,HJG002544,300575,MF 2500 CS LP T4f,30,Ja,
61696326,HJG002544,300575,MF 2500 CS LP T4f,8,Nein,
61696325,HJG002544,300575,MF 2500 CS LP T4f,23,Nein,
61696324,HJG002544,300575,MF 2500 CS LP T4f,43,4000,20.0
61696323,HJG002544,300575,MF 2500 CS LP T4f,22,1200,15.0
61696322,HJG002544,300575,MF 2500 CS LP T4f,132,Ja,
61696321,HJG002544,300575,MF 2500 CS LP T4f,6,Stufe IV,
61696320,HJG002544,300575,MF 2500 CS LP T4f,7,Tier 4f,
61696319,HJG002544,300575,MF 2500 CS LP T4f,88,168,10.0
61696318,HJG002544,300575,MF 2500 CS LP T4f,89,QSB 6.7-C225,
61696317,HJG002544,300575,MF 2500 CS LP T4f,87,Cummins,
61696316,HJG002544,300575,MF 2500 CS LP T4f,63,3100,15.0
61696315,HJG002544,300575,MF 2500 CS LP T4f,26,2550,15.0
61696314,HJG002544,300575,MF 2500 CS LP T4f,73,9200,15.0
61696313,HJG002544,300575,MF 2500 CS LP T4f,55,20000,11.0
61695953,JG002579,300582,MF 2500 CS LP T4f,26,2550,15.0
61695952,JG002579,300582,MF 2500 CS LP T4f,69,Nein,
61695951,JG002579,300582,MF 2500 CS LP T4f,62,Ja,
61695950,JG002579,300582,MF 2500 CS LP T4f,31,Ja,
61695949,JG002579,300582,MF 2500 CS LP T4f,148,Ja,
61695948,JG002579,300582,MF 2500 CS LP T4f,43,4000,20.0
61695947,JG002579,300582,MF 2500 CS LP T4f,30,Ja,
61695946,JG002579,300582,MF 2500 CS LP T4f,89,QSB 6.7-C225,
61695945,JG002579,300582,MF 2500 CS LP T4f,22,1200,15.0
61695944,JG002579,300582,MF 2500 CS LP T4f,73,9200,15.0
61695943,JG002579,300582,MF 2500 CS LP T4f,8,Nein,
61695942,JG002579,300582,MF 2500 CS LP T4f,88,168,10.0
61695941,JG002579,300582,MF 2500 CS LP T4f,6,Stufe IV,
61695940,JG002579,300582,MF 2500 CS LP T4f,7,Tier 4f,
61695939,JG002579,300582,MF 2500 CS LP T4f,63,3100,15.0
61695938,JG002579,300582,MF 2500 CS LP T4f,87,Cummins,
61695937,JG002579,300582,MF 2500 CS LP T4f,23,Nein,
61695936,JG002579,300582,MF 2500 CS LP T4f,132,Ja,
61695935,JG002579,300582,MF 2500 CS LP T4f,55,20000,11.0
61695857,HG002084,300458,MF 2500 CS LP T4f,26,2550,15.0
61695856,HG002084,300458,MF 2500 CS LP T4f,69,Nein,
61695855,HG002084,300458,MF 2500 CS LP T4f,62,Ja,
61695854,HG002084,300458,MF 2500 CS LP T4f,31,Ja,
61695853,HG002084,300458,MF 2500 CS LP T4f,148,Ja,
61695852,HG002084,300458,MF 2500 CS LP T4f,43,4000,20.0
61695851,HG002084,300458,MF 2500 CS LP T4f,30,Ja,
61695850,HG002084,300458,MF 2500 CS LP T4f,89,QSB 6.7-C225,
61695849,HG002084,300458,MF 2500 CS LP T4f,22,1200,15.0
61695848,HG002084,300458,MF 2500 CS LP T4f,73,9200,15.0
61695847,HG002084,300458,MF 2500 CS LP T4f,8,Nein,
61695846,HG002084,300458,MF 2500 CS LP T4f,88,168,10.0
61695845,HG002084,300458,MF 2500 CS LP T4f,6,Stufe IV,
61695844,HG002084,300458,MF 2500 CS LP T4f,7,Tier 4f,
61695843,HG002084,300458,MF 2500 CS LP T4f,63,3100,15.0
61695842,HG002084,300458,MF 2500 CS LP T4f,87,Cummins,
61695841,HG002084,300458,MF 2500 CS LP T4f,23,Nein,
61695840,HG002084,300458,MF 2500 CS LP T4f,132,Ja,
61695839,HG002084,300458,MF 2500 CS LP T4f,55,20000,11.0
61592995,L137272,,TL 600,154,,19.0
61592994,L137272,,TL 600,110,,
61592993,L137272,,TL 600,26,,15.0
61592992,L137272,,TL 600,65,,16.0
61592991,L137272,,TL 600,73,,15.0
61592990,L137272,,TL 600,147,,
61592989,L137272,,TL 600,12,,18.0
61592988,L137272,,TL 600,113,,
61592987,L137272,,TL 600,109,,
61592986,L137272,,TL 600,63,,15.0
61592985,L137272,,TL 600,55,,11.0
61592984,L137272,,TL 600,114,,15.0
61592980,622004532802,,TL 800,154,,19.0
61592979,622004532802,,TL 800,65,,16.0
61592978,622004532802,,TL 800,114,,15.0
61592977,622004532802,,TL 800,147,,
61592976,622004532802,,TL 800,12,,18.0
61592975,622004532802,,TL 800,110,,
61592974,622004532802,,TL 800,113,,
61592973,622004532802,,TL 800,109,,
61592972,622004532802,,TL 800,55,,11.0
61592971,622004532802,,TL 800,63,,15.0
61592970,622004532802,,TL 800,26,,15.0
61592969,622004532802,,TL 800,73,,15.0
61592965,6210234940,,GRL 1500 starr,154,,19.0
61592964,6210234940,,GRL 1500 starr,26,,15.0
61592963,6210234940,,GRL 1500 starr,110,,
61592962,6210234940,,GRL 1500 starr,63,,15.0
61592961,6210234940,,GRL 1500 starr,112,,
61592960,6210234940,,GRL 1500 starr,114,,15.0
61592959,6210234940,,GRL 1500 starr,109,,
61592958,6210234940,,GRL 1500 starr,65,,16.0
61592957,6210234940,,GRL 1500 starr,111,,
61592956,6210234940,,GRL 1500 starr,113,,
61592955,6210234940,,GRL 1500 starr,55,,11.0
61592954,6210234940,,GRL 1500 starr,73,,15.0
61592950,GW802466,,308CR NG,99,,
61592949,GW802466,,308CR NG,141,,
61592948,GW802466,,308CR NG,110,,
61592947,GW802466,,308CR NG,23,,
61592946,GW802466,,308CR NG,137,,
61592945,GW802466,,308CR NG,26,,15.0
61592944,GW802466,,308CR NG,112,,
61592943,GW802466,,308CR NG,108,,
61592942,GW802466,,308CR NG,55,,11.0
61592941,GW802466,,308CR NG,69,,
61592940,GW802466,,308CR NG,73,,15.0
61592939,GW802466,,308CR NG,6,,
61592938,GW802466,,308CR NG,145,,
61592937,GW802466,,308CR NG,63,,15.0
61592936,GW802466,,308CR NG,66,,
61592935,GW802466,,308CR NG,148,,
61592934,GW802466,,308CR NG,120,,
61592933,GW802466,,308CR NG,56,,15.0
61592932,GW802466,,308CR NG,57,,
61592931,GW802466,,308CR NG,128,,
61592930,GW802466,,308CR NG,60,,
61592929,GW802466,,308CR NG,89,,
61592928,GW802466,,308CR NG,111,,
61592927,GW802466,,308CR NG,58,,
61592926,GW802466,,308CR NG,88,,10.0
61592925,GW802466,,308CR NG,7,,
61592924,GW802466,,308CR NG,113,,
61592923,GW802466,,308CR NG,109,,
61592922,GW802466,,308CR NG,30,,
61592921,GW802466,,308CR NG,87,,
61592920,GW802466,,308CR NG,106,,
61592919,GW802466,,308CR NG,140,,
61592918,GW802466,,308CR NG,78,,15.0
61583098,K5E00726,18276,M 315 D,160,,
61583097,K5E00726,18276,M 315 D,99,,
61583096,K5E00726,18276,M 315 D,69,,
61583095,K5E00726,18276,M 315 D,83,,
61583094,K5E00726,18276,M 315 D,23,,
61583093,K5E00726,18276,M 315 D,78,,15.0
61583092,K5E00726,18276,M 315 D,26,,15.0
61583091,K5E00726,18276,M 315 D,113,,
61583090,K5E00726,18276,M 315 D,40,,12.0
61583089,K5E00726,18276,M 315 D,87,,
61583088,K5E00726,18276,M 315 D,128,,
61583087,K5E00726,18276,M 315 D,73,,15.0
61583086,K5E00726,18276,M 315 D,141,,
61583085,K5E00726,18276,M 315 D,6,,
61583084,K5E00726,18276,M 315 D,11,,
61583083,K5E00726,18276,M 315 D,111,,
61583082,K5E00726,18276,M 315 D,112,,
61583081,K5E00726,18276,M 315 D,109,,
61583080,K5E00726,18276,M 315 D,55,,11.0
61583079,K5E00726,18276,M 315 D,110,,
61583078,K5E00726,18276,M 315 D,56,,15.0
61583077,K5E00726,18276,M 315 D,30,,
61583076,K5E00726,18276,M 315 D,89,,
61583075,K5E00726,18276,M 315 D,148,,
61583074,K5E00726,18276,M 315 D,57,,
61583073,K5E00726,18276,M 315 D,120,,
61583072,K5E00726,18276,M 315 D,88,,10.0
61583071,K5E00726,18276,M 315 D,7,,
61583070,K5E00726,18276,M 315 D,137,,
61583069,K5E00726,18276,M 315 D,101,,
61583068,K5E00726,18276,M 315 D,58,,
61583067,K5E00726,18276,M 315 D,140,,
61583066,K5E00726,18276,M 315 D,107,,
61583065,K5E00726,18276,M 315 D,63,,15.0
61583064,K5E00726,18276,M 315 D,106,,
61583063,K5E00726,18276,M 315 D,60,,
61436197,07820274,18269,Super 1800-1,159,,
61436196,07820274,18269,Super 1800-1,158,,
61436195,07820274,18269,Super 1800-1,156,,
61436194,07820274,18269,Super 1800-1,152,,15.0
61436193,07820274,18269,Super 1800-1,52,,
61436192,07820274,18269,Super 1800-1,38,,14.0
61436191,07820274,18269,Super 1800-1,37,,14.0
61436190,07820274,18269,Super 1800-1,36,,14.0
61436189,07820274,18269,Super 1800-1,149,,
61436188,07820274,18269,Super 1800-1,73,,15.0
61436187,07820274,18269,Super 1800-1,89,,
61436186,07820274,18269,Super 1800-1,88,,10.0
61436184,07820274,18269,Super 1800-1,35,,
61436183,07820274,18269,Super 1800-1,127,,
61436182,07820274,18269,Super 1800-1,148,,
61436181,07820274,18269,Super 1800-1,8,,
61436180,07820274,18269,Super 1800-1,26,,15.0
61436179,07820274,18269,Super 1800-1,7,,
61436178,07820274,18269,Super 1800-1,63,,15.0
61436177,07820274,18269,Super 1800-1,87,,
61436176,07820274,18269,Super 1800-1,27,,
61436175,07820274,18269,Super 1800-1,23,,
61436174,07820274,18269,Super 1800-1,132,,
61436173,07820274,18269,Super 1800-1,34,,20.0
61436172,07820274,18269,Super 1800-1,30,,
61436171,07820274,18269,Super 1800-1,6,,
61436170,07820274,18269,Super 1800-1,55,,11.0
61121878,843/0453,18209,SKL 843,160,,
61121877,843/0453,18209,SKL 843,110,,
61121876,843/0453,18209,SKL 843,73,,15.0
61121875,843/0453,18209,SKL 843,89,,
61121874,843/0453,18209,SKL 843,112,,
61121873,843/0453,18209,SKL 843,63,,15.0
61121872,843/0453,18209,SKL 843,40,,12.0
61121871,843/0453,18209,SKL 843,95,,11.0
61121870,843/0453,18209,SKL 843,26,,15.0
61121869,843/0453,18209,SKL 843,7,,
61121868,843/0453,18209,SKL 843,30,,
61121867,843/0453,18209,SKL 843,126,,
61121866,843/0453,18209,SKL 843,148,,
61121865,843/0453,18209,SKL 843,113,,
61121864,843/0453,18209,SKL 843,111,,
61121863,843/0453,18209,SKL 843,70,,
61121862,843/0453,18209,SKL 843,11,,
61121861,843/0453,18209,SKL 843,23,,
61121860,843/0453,18209,SKL 843,87,,
61121859,843/0453,18209,SKL 843,55,,11.0
61121858,843/0453,18209,SKL 843,69,,
61121857,843/0453,18209,SKL 843,109,,
61121856,843/0453,18209,SKL 843,88,,10.0
61121855,843/0453,18209,SKL 843,6,,
60987285,13803949,18272,APR 5920,87,Hatz,
60987284,13803949,18272,APR 5920,117,,15.0
60987283,13803949,18272,APR 5920,88,"6,6",10.0
60987282,13803949,18272,APR 5920,136,,
60987281,13803949,18272,APR 5920,39,,
60987280,13803949,18272,APR 5920,29,,
60987279,13803949,18272,APR 5920,55,"0,484",11.0
60987278,13803949,18272,APR 5920,89,1B40 Diesel,
60987277,13803949,18272,APR 5920,73,898,15.0
60987276,13803949,18272,APR 5920,13,,15.0
60987275,13803949,18272,APR 5920,85,,
60987274,13803949,18272,APR 5920,26,600,15.0
60987273,13803949,18272,APR 5920,138,,
60987272,13803949,18272,APR 5920,104,,
60987271,13803949,18272,APR 5920,135,,11.0
60987270,13803949,18272,APR 5920,63,850,15.0
60987269,13803949,18272,APR 5920,84,,
60987268,13803949,18272,APR 5920,139,,
60949194,WLHZ0729AZK030326,18205,A 900 ZW,160,,
60949193,WLHZ0729AZK030326,18205,A 900 ZW,99,,
60949192,WLHZ0729AZK030326,18205,A 900 ZW,69,,
60949191,WLHZ0729AZK030326,18205,A 900 ZW,83,,
60949190,WLHZ0729AZK030326,18205,A 900 ZW,23,,
60949189,WLHZ0729AZK030326,18205,A 900 ZW,78,,15.0
60949188,WLHZ0729AZK030326,18205,A 900 ZW,26,,15.0
60949187,WLHZ0729AZK030326,18205,A 900 ZW,113,,
60949186,WLHZ0729AZK030326,18205,A 900 ZW,40,,12.0
60949185,WLHZ0729AZK030326,18205,A 900 ZW,87,,
60949184,WLHZ0729AZK030326,18205,A 900 ZW,128,,
60949183,WLHZ0729AZK030326,18205,A 900 ZW,73,,15.0
60949182,WLHZ0729AZK030326,18205,A 900 ZW,141,,
60949181,WLHZ0729AZK030326,18205,A 900 ZW,6,,
60949180,WLHZ0729AZK030326,18205,A 900 ZW,11,,
60949179,WLHZ0729AZK030326,18205,A 900 ZW,111,,
60949178,WLHZ0729AZK030326,18205,A 900 ZW,112,,
60949177,WLHZ0729AZK030326,18205,A 900 ZW,109,,
60949176,WLHZ0729AZK030326,18205,A 900 ZW,55,,11.0
60949175,WLHZ0729AZK030326,18205,A 900 ZW,110,,
60949174,WLHZ0729AZK030326,18205,A 900 ZW,56,,15.0
60949173,WLHZ0729AZK030326,18205,A 900 ZW,30,,
60949172,WLHZ0729AZK030326,18205,A 900 ZW,89,,
60949171,WLHZ0729AZK030326,18205,A 900 ZW,148,,
60949170,WLHZ0729AZK030326,18205,A 900 ZW,57,,
60949169,WLHZ0729AZK030326,18205,A 900 ZW,120,,
60949168,WLHZ0729AZK030326,18205,A 900 ZW,88,,10.0
60949167,WLHZ0729AZK030326,18205,A 900 ZW,7,,
60949166,WLHZ0729AZK030326,18205,A 900 ZW,137,,
60949165,WLHZ0729AZK030326,18205,A 900 ZW,101,,
60949164,WLHZ0729AZK030326,18205,A 900 ZW,58,,
60949163,WLHZ0729AZK030326,18205,A 900 ZW,140,,
60949162,WLHZ0729AZK030326,18205,A 900 ZW,107,,
60949161,WLHZ0729AZK030326,18205,A 900 ZW,63,,15.0
60949160,WLHZ0729AZK030326,18205,A 900 ZW,106,,
60949159,WLHZ0729AZK030326,18205,A 900 ZW,60,,
60949038,W09S210215BA08738,18206,AS 210,160,,
60949037,W09S210215BA08738,18206,AS 210,110,,
60949036,W09S210215BA08738,18206,AS 210,73,,15.0
60949035,W09S210215BA08738,18206,AS 210,89,,
60949034,W09S210215BA08738,18206,AS 210,112,,
60949033,W09S210215BA08738,18206,AS 210,63,,15.0
60949032,W09S210215BA08738,18206,AS 210,40,,12.0
60949031,W09S210215BA08738,18206,AS 210,95,,11.0
60949030,W09S210215BA08738,18206,AS 210,26,,15.0
60949029,W09S210215BA08738,18206,AS 210,7,,
60949028,W09S210215BA08738,18206,AS 210,30,,
60949027,W09S210215BA08738,18206,AS 210,126,,
60949026,W09S210215BA08738,18206,AS 210,148,,
60949025,W09S210215BA08738,18206,AS 210,113,,
60949024,W09S210215BA08738,18206,AS 210,111,,
60949023,W09S210215BA08738,18206,AS 210,70,,
60949022,W09S210215BA08738,18206,AS 210,11,,
60949021,W09S210215BA08738,18206,AS 210,23,,
60949020,W09S210215BA08738,18206,AS 210,87,,
60949019,W09S210215BA08738,18206,AS 210,55,,11.0
60949018,W09S210215BA08738,18206,AS 210,69,,
60949017,W09S210215BA08738,18206,AS 210,109,,
60949016,W09S210215BA08738,18206,AS 210,88,,10.0
60949015,W09S210215BA08738,18206,AS 210,6,,
60945847,H60611,18204,WA 480-6,160,,
60945846,H60611,18204,WA 480-6,110,,
60945845,H60611,18204,WA 480-6,73,,15.0
60945844,H60611,18204,WA 480-6,89,,
60945843,H60611,18204,WA 480-6,112,,
60945842,H60611,18204,WA 480-6,63,,15.0
60945841,H60611,18204,WA 480-6,40,,12.0
60945840,H60611,18204,WA 480-6,95,,11.0
60945839,H60611,18204,WA 480-6,26,,15.0
60945838,H60611,18204,WA 480-6,7,,
60945837,H60611,18204,WA 480-6,30,,
60945836,H60611,18204,WA 480-6,126,,
60945835,H60611,18204,WA 480-6,148,,
60945834,H60611,18204,WA 480-6,113,,
60945833,H60611,18204,WA 480-6,111,,
60945832,H60611,18204,WA 480-6,70,,
60945831,H60611,18204,WA 480-6,11,,
60945830,H60611,18204,WA 480-6,23,,
60945829,H60611,18204,WA 480-6,87,,
60945828,H60611,18204,WA 480-6,55,,11.0
60945827,H60611,18204,WA 480-6,69,,
60945826,H60611,18204,WA 480-6,109,,
60945825,H60611,18204,WA 480-6,88,,10.0
60945824,H60611,18204,WA 480-6,6,,
60945311,14820491,18273,Super 1800-3i Sprayjet,159,,
60945310,14820491,18273,Super 1800-3i Sprayjet,158,,
60945309,14820491,18273,Super 1800-3i Sprayjet,156,,
60945308,14820491,18273,Super 1800-3i Sprayjet,152,,15.0
60945307,14820491,18273,Super 1800-3i Sprayjet,52,,
60945306,14820491,18273,Super 1800-3i Sprayjet,38,,14.0
60945305,14820491,18273,Super 1800-3i Sprayjet,37,,14.0
60945304,14820491,18273,Super 1800-3i Sprayjet,36,,14.0
60945303,14820491,18273,Super 1800-3i Sprayjet,149,,
60945302,14820491,18273,Super 1800-3i Sprayjet,73,,15.0
60945301,14820491,18273,Super 1800-3i Sprayjet,89,,
60945300,14820491,18273,Super 1800-3i Sprayjet,88,,10.0
60945298,14820491,18273,Super 1800-3i Sprayjet,35,,
60945297,14820491,18273,Super 1800-3i Sprayjet,127,,
60945296,14820491,18273,Super 1800-3i Sprayjet,148,,
60945295,14820491,18273,Super 1800-3i Sprayjet,8,,
60945294,14820491,18273,Super 1800-3i Sprayjet,26,,15.0
60945293,14820491,18273,Super 1800-3i Sprayjet,7,,
60945292,14820491,18273,Super 1800-3i Sprayjet,63,,15.0
60945291,14820491,18273,Super 1800-3i Sprayjet,87,,
60945290,14820491,18273,Super 1800-3i Sprayjet,27,,
60945289,14820491,18273,Super 1800-3i Sprayjet,23,,
60945288,14820491,18273,Super 1800-3i Sprayjet,132,,
60945287,14820491,18273,Super 1800-3i Sprayjet,34,,20.0
60945286,14820491,18273,Super 1800-3i Sprayjet,30,,
60945285,14820491,18273,Super 1800-3i Sprayjet,6,,
60945284,14820491,18273,Super 1800-3i Sprayjet,55,,11.0
60915003,13100114,18271,W 100 Fi,45,1000,
60915002,13100114,18271,W 100 Fi,23,,
60915001,13100114,18271,W 100 Fi,8,,
60915000,13100114,18271,W 100 Fi,6,Stufe III B,
60914999,13100114,18271,W 100 Fi,142,,
60914998,13100114,18271,W 100 Fi,69,,
60914997,13100114,18271,W 100 Fi,26,2575,
60914996,13100114,18271,W 100 Fi,89,QSL 9,
60914995,13100114,18271,W 100 Fi,143,,
60914994,13100114,18271,W 100 Fi,46,,
60914993,13100114,18271,W 100 Fi,87,,
60914992,13100114,18271,W 100 Fi,55,18700,
60914991,13100114,18271,W 100 Fi,30,,
60914990,13100114,18271,W 100 Fi,77,,
60914989,13100114,18271,W 100 Fi,148,,
60914988,13100114,18271,W 100 Fi,9,,
60914987,13100114,18271,W 100 Fi,47,320,
60914986,13100114,18271,W 100 Fi,41,,
60914985,13100114,18271,W 100 Fi,73,10685,
60914984,13100114,18271,W 100 Fi,63,3000,
60914983,13100114,18271,W 100 Fi,144,,
60914982,13100114,18271,W 100 Fi,122,,
60914981,13100114,18271,W 100 Fi,88,224,
60914980,13100114,18271,W 100 Fi,61,,
60914979,13100114,18271,W 100 Fi,7,Tier 4,
60914813,12200325,18270,W 200,45,,15.0
60914812,12200325,18270,W 200,23,,
60914811,12200325,18270,W 200,8,,
60914810,12200325,18270,W 200,6,,
60914809,12200325,18270,W 200,142,,
60914808,12200325,18270,W 200,69,,
60914807,12200325,18270,W 200,26,,15.0
60914806,12200325,18270,W 200,89,,
60914805,12200325,18270,W 200,143,,
60914804,12200325,18270,W 200,46,,18.0
60914803,12200325,18270,W 200,87,,
60914802,12200325,18270,W 200,30,,
60914801,12200325,18270,W 200,77,,
60914800,12200325,18270,W 200,148,,
60914799,12200325,18270,W 200,9,,
60914798,12200325,18270,W 200,47,,15.0
60914797,12200325,18270,W 200,41,,
60914796,12200325,18270,W 200,73,,15.0
60914795,12200325,18270,W 200,63,,15.0
60914794,12200325,18270,W 200,144,,
60914793,12200325,18270,W 200,122,,
60914792,12200325,18270,W 200,88,,10.0
60914791,12200325,18270,W 200,61,,
60914790,12200325,18270,W 200,7,,
60914789,12200325,18270,W 200,55,,11.0
60863857,11190065,,Super 2100-5i,156,,
60863856,11190065,,Super 2100-5i,152,,15.0
60863855,11190065,,Super 2100-5i,52,,
60863854,11190065,,Super 2100-5i,38,,14.0
60863853,11190065,,Super 2100-5i,37,,14.0
60863852,11190065,,Super 2100-5i,36,,14.0
60863851,11190065,,Super 2100-5i,149,,
60863850,11190065,,Super 2100-5i,73,,15.0
60863849,11190065,,Super 2100-5i,89,,
60863848,11190065,,Super 2100-5i,88,,10.0
60863846,11190065,,Super 2100-5i,35,,
60863845,11190065,,Super 2100-5i,127,,
60863844,11190065,,Super 2100-5i,148,,
60863843,11190065,,Super 2100-5i,8,,
60863842,11190065,,Super 2100-5i,26,,15.0
60863841,11190065,,Super 2100-5i,7,,
60863840,11190065,,Super 2100-5i,63,,15.0
60863839,11190065,,Super 2100-5i,87,,
60863838,11190065,,Super 2100-5i,27,,
60863837,11190065,,Super 2100-5i,23,,
60863836,11190065,,Super 2100-5i,132,,
60863835,11190065,,Super 2100-5i,34,,20.0
60863834,11190065,,Super 2100-5i,30,,
60863833,11190065,,Super 2100-5i,6,,
60863832,11190065,,Super 2100-5i,55,,11.0
60860685,CATCB434ACNH00355,18203,CB 434 D,158,,
60860684,CATCB434ACNH00355,18203,CB 434 D,155,,
60860683,CATCB434ACNH00355,18203,CB 434 D,69,,
60860682,CATCB434ACNH00355,18203,CB 434 D,88,,10.0
60860681,CATCB434ACNH00355,18203,CB 434 D,54,,
60860680,CATCB434ACNH00355,18203,CB 434 D,30,,
60860679,CATCB434ACNH00355,18203,CB 434 D,13,,15.0
60860678,CATCB434ACNH00355,18203,CB 434 D,23,,
60860677,CATCB434ACNH00355,18203,CB 434 D,73,,15.0
60860676,CATCB434ACNH00355,18203,CB 434 D,63,,15.0
60860675,CATCB434ACNH00355,18203,CB 434 D,135,,11.0
60860674,CATCB434ACNH00355,18203,CB 434 D,70,,
60860673,CATCB434ACNH00355,18203,CB 434 D,67,,18.0
60860672,CATCB434ACNH00355,18203,CB 434 D,87,,
60860671,CATCB434ACNH00355,18203,CB 434 D,96,,
60860670,CATCB434ACNH00355,18203,CB 434 D,26,,15.0
60860669,CATCB434ACNH00355,18203,CB 434 D,89,,
60860668,CATCB434ACNH00355,18203,CB 434 D,55,,11.0
60860667,CATCB434ACNH00355,18203,CB 434 D,6,,
60860666,CATCB434ACNH00355,18203,CB 434 D,148,,
60860665,CATCB434ACNH00355,18203,CB 434 D,7,,
60860664,CATCB434ACNH00355,18203,CB 434 D,16,,
60860663,CATCB434ACNH00355,18203,CB 434 D,136,,
60740237,CG05716,,D09HPX,151,40,13.0
60740236,CG05716,,D09HPX,14,320,6.0
60740235,CG05716,,D09HPX,154,10 - 14,19.0
60740234,CG05716,,D09HPX,63,,15.0
60740233,CG05716,,D09HPX,113,,
60740232,CG05716,,D09HPX,110,,
60740231,CG05716,,D09HPX,73,,15.0
60740230,CG05716,,D09HPX,55,,11.0
60740229,CG05716,,D09HPX,114,,15.0
60740228,CG05716,,D09HPX,109,,
60740227,CG05716,,D09HPX,112,,
60740226,CG05716,,D09HPX,26,,15.0
60740225,CG05716,,D09HPX,23,,
60740224,CG05716,,D09HPX,111,,
60663238,11821539,18208,Super 1600-2,156,,
60663237,11821539,18208,Super 1600-2,152,,15.0
60663236,11821539,18208,Super 1600-2,52,,
60663235,11821539,18208,Super 1600-2,38,,14.0
60663234,11821539,18208,Super 1600-2,37,,14.0
60663233,11821539,18208,Super 1600-2,36,,14.0
60663232,11821539,18208,Super 1600-2,149,,
60663231,11821539,18208,Super 1600-2,73,,15.0
60663230,11821539,18208,Super 1600-2,89,,
60663229,11821539,18208,Super 1600-2,88,,10.0
60663227,11821539,18208,Super 1600-2,35,,
60663226,11821539,18208,Super 1600-2,127,,
60663225,11821539,18208,Super 1600-2,148,,
60663224,11821539,18208,Super 1600-2,8,,
60663223,11821539,18208,Super 1600-2,26,,15.0
60663222,11821539,18208,Super 1600-2,7,,
60663221,11821539,18208,Super 1600-2,63,,15.0
60663220,11821539,18208,Super 1600-2,87,,
60663219,11821539,18208,Super 1600-2,27,,
60663218,11821539,18208,Super 1600-2,23,,
60663217,11821539,18208,Super 1600-2,132,,
60663216,11821539,18208,Super 1600-2,34,,20.0
60663215,11821539,18208,Super 1600-2,30,,
60663214,11821539,18208,Super 1600-2,6,,
60663213,11821539,18208,Super 1600-2,55,,11.0
60630447,653.5.203,,653 R,160,,
60630446,653.5.203,,653 R,11,,
60630445,653.5.203,,653 R,59,,14.0
60630444,653.5.203,,653 R,148,,
60630443,653.5.203,,653 R,7,,
60630442,653.5.203,,653 R,40,,12.0
60630441,653.5.203,,653 R,62,,
60630440,653.5.203,,653 R,18,,14.0
60630439,653.5.203,,653 R,73,,15.0
60630438,653.5.203,,653 R,26,,15.0
60630437,653.5.203,,653 R,69,,
60630436,653.5.203,,653 R,23,,
60630435,653.5.203,,653 R,131,,11.0
60630434,653.5.203,,653 R,21,,19.0
60630433,653.5.203,,653 R,88,,10.0
60630432,653.5.203,,653 R,6,,
60630431,653.5.203,,653 R,63,,15.0
60630430,653.5.203,,653 R,87,,
60630429,653.5.203,,653 R,5,,
60630428,653.5.203,,653 R,10,,
60630427,653.5.203,,653 R,55,,11.0
60630426,653.5.203,,653 R,89,,
60630425,653.5.203,,653 R,50,,
60630424,653.5.203,,653 R,30,,
60630423,653.5.203,,653 R,160,,
60630422,653.5.203,,653 R,11,,
60630421,653.5.203,,653 R,59,,14.0
60630420,653.5.203,,653 R,148,,
60630419,653.5.203,,653 R,7,,
60630418,653.5.203,,653 R,40,,12.0
60630417,653.5.203,,653 R,62,,
60630416,653.5.203,,653 R,18,,14.0
60630415,653.5.203,,653 R,73,,15.0
60630414,653.5.203,,653 R,26,,15.0
60630413,653.5.203,,653 R,69,,
60630412,653.5.203,,653 R,23,,
60630411,653.5.203,,653 R,131,,11.0
60630410,653.5.203,,653 R,21,,19.0
60630409,653.5.203,,653 R,88,,10.0
60630408,653.5.203,,653 R,6,,
60630407,653.5.203,,653 R,63,,15.0
60630406,653.5.203,,653 R,87,,
60630405,653.5.203,,653 R,5,,
60630404,653.5.203,,653 R,10,,
60630403,653.5.203,,653 R,55,,11.0
60630402,653.5.203,,653 R,89,,
60630401,653.5.203,,653 R,50,,
60630400,653.5.203,,653 R,30,,
60451886,HA402095,,B4,151,35-50,13.0
60451885,HA402095,,B4,14,,6.0
60451884,HA402095,,B4,154,,19.0
60451883,HA402095,,B4,109,Lehnhoff,
60451882,HA402095,,B4,112,Ja,
60451881,HA402095,,B4,23,,
60451880,HA402095,,B4,73,,15.0
60451879,HA402095,,B4,63,,15.0
60451878,HA402095,,B4,111,Nein,
60451877,HA402095,,B4,113,,
60451876,HA402095,,B4,110,QC03,
60451875,HA402095,,B4,55,,11.0
60451874,HA402095,,B4,26,,15.0
60412357,CAT03035VCE900164,,303.5CR-07A,128,,
60412356,CAT03035VCE900164,,303.5CR-07A,60,,
60412355,CAT03035VCE900164,,303.5CR-07A,110,,
60412354,CAT03035VCE900164,,303.5CR-07A,78,,15.0
60412353,CAT03035VCE900164,,303.5CR-07A,141,,
60412352,CAT03035VCE900164,,303.5CR-07A,26,1780,15.0
60412351,CAT03035VCE900164,,303.5CR-07A,73,4800,15.0
60412350,CAT03035VCE900164,,303.5CR-07A,58,,
60412349,CAT03035VCE900164,,303.5CR-07A,106,,
60412348,CAT03035VCE900164,,303.5CR-07A,23,,
60412347,CAT03035VCE900164,,303.5CR-07A,137,,
60412346,CAT03035VCE900164,,303.5CR-07A,63,2480,15.0
60412345,CAT03035VCE900164,,303.5CR-07A,145,Nein,
60412344,CAT03035VCE900164,,303.5CR-07A,111,,
60412343,CAT03035VCE900164,,303.5CR-07A,56,,15.0
60412342,CAT03035VCE900164,,303.5CR-07A,7,Tier 4f,
60412341,CAT03035VCE900164,,303.5CR-07A,140,,
60412340,CAT03035VCE900164,,303.5CR-07A,87,Caterpillar,
60412339,CAT03035VCE900164,,303.5CR-07A,6,Stufe V,
60412338,CAT03035VCE900164,,303.5CR-07A,66,Ja,
60412337,CAT03035VCE900164,,303.5CR-07A,112,,
60412336,CAT03035VCE900164,,303.5CR-07A,148,,
60412335,CAT03035VCE900164,,303.5CR-07A,120,,
60412334,CAT03035VCE900164,,303.5CR-07A,30,,
60412333,CAT03035VCE900164,,303.5CR-07A,113,,
60412332,CAT03035VCE900164,,303.5CR-07A,109,,
60412331,CAT03035VCE900164,,303.5CR-07A,108,,
60412330,CAT03035VCE900164,,303.5CR-07A,69,,
60412329,CAT03035VCE900164,,303.5CR-07A,88,"17,6",10.0
60412328,CAT03035VCE900164,,303.5CR-07A,89,C1.7,
60412327,CAT03035VCE900164,,303.5CR-07A,57,,
60412326,CAT03035VCE900164,,303.5CR-07A,55,3480,11.0
60248308,CAT0906MPH6601853,,906 M,160,L,
60248307,CAT0906MPH6601853,,906 M,111,Ja,
60248306,CAT0906MPH6601853,,906 M,112,Nein,
60248305,CAT0906MPH6601853,,906 M,110,,
60248304,CAT0906MPH6601853,,906 M,113,,
60248303,CAT0906MPH6601853,,906 M,109,,
60248302,CAT0906MPH6601853,,906 M,126,Nein,
60248301,CAT0906MPH6601853,,906 M,148,Nein,
60248300,CAT0906MPH6601853,,906 M,70,Ja,
60248299,CAT0906MPH6601853,,906 M,11,Nein,
60248298,CAT0906MPH6601853,,906 M,23,Nein,
60248297,CAT0906MPH6601853,,906 M,40,20,12.0
60248296,CAT0906MPH6601853,,906 M,69,Nein,
60248295,CAT0906MPH6601853,,906 M,30,Ja,
60248294,CAT0906MPH6601853,,906 M,7,Tier 4f,
60248293,CAT0906MPH6601853,,906 M,6,Stufe III B,
60248292,CAT0906MPH6601853,,906 M,88,55,10.0
60248291,CAT0906MPH6601853,,906 M,89,C3.3B DIT,
60248290,CAT0906MPH6601853,,906 M,87,Caterpillar,
60248289,CAT0906MPH6601853,,906 M,95,2500,11.0
60248288,CAT0906MPH6601853,,906 M,55,5570,11.0
60248287,CAT0906MPH6601853,,906 M,63,2465,15.0
60248286,CAT0906MPH6601853,,906 M,26,1840,15.0
60248285,CAT0906MPH6601853,,906 M,73,5640,15.0
60248226,CAT00906AHZ600278,,906 M,160,L,
60248225,CAT00906AHZ600278,,906 M,111,Ja,
60248224,CAT00906AHZ600278,,906 M,112,Nein,
60248223,CAT00906AHZ600278,,906 M,110,,
60248222,CAT00906AHZ600278,,906 M,113,,
60248221,CAT00906AHZ600278,,906 M,109,,
60248220,CAT00906AHZ600278,,906 M,126,Nein,
60248219,CAT00906AHZ600278,,906 M,148,Nein,
60248218,CAT00906AHZ600278,,906 M,70,Ja,
60248217,CAT00906AHZ600278,,906 M,11,Nein,
60248216,CAT00906AHZ600278,,906 M,23,Nein,
60248214,CAT00906AHZ600278,,906 M,40,20,12.0
60248213,CAT00906AHZ600278,,906 M,69,Nein,
60248212,CAT00906AHZ600278,,906 M,30,Ja,
60248211,CAT00906AHZ600278,,906 M,7,Tier 4f,
60248210,CAT00906AHZ600278,,906 M,6,Stufe III B,
60248209,CAT00906AHZ600278,,906 M,88,55,10.0
60248208,CAT00906AHZ600278,,906 M,89,C3.3B DIT,
60248207,CAT00906AHZ600278,,906 M,87,Caterpillar,
60248206,CAT00906AHZ600278,,906 M,95,2500,11.0
60248205,CAT00906AHZ600278,,906 M,55,5570,11.0
60248204,CAT00906AHZ600278,,906 M,63,2465,15.0
60248203,CAT00906AHZ600278,,906 M,26,1840,15.0
60248202,CAT00906AHZ600278,,906 M,73,5640,15.0
60248116,CAT00906CHZ600262,,906 M,160,L,
60248115,CAT00906CHZ600262,,906 M,111,Ja,
60248114,CAT00906CHZ600262,,906 M,112,Nein,
60248113,CAT00906CHZ600262,,906 M,110,,
60248112,CAT00906CHZ600262,,906 M,113,,
60248027,CAT00906CHZ600262,,906 M,109,,
60248026,CAT00906CHZ600262,,906 M,126,Nein,
60248025,CAT00906CHZ600262,,906 M,148,Nein,
60247852,CAT00906CHZ600262,,906 M,70,Ja,
60247851,CAT00906CHZ600262,,906 M,11,Nein,
60247850,CAT00906CHZ600262,,906 M,23,Nein,
60247849,CAT00906CHZ600262,,906 M,40,20,12.0
60247848,CAT00906CHZ600262,,906 M,69,Nein,
60247847,CAT00906CHZ600262,,906 M,30,Ja,
60247846,CAT00906CHZ600262,,906 M,7,Tier 4f,
60247845,CAT00906CHZ600262,,906 M,6,Stufe III B,
60247844,CAT00906CHZ600262,,906 M,88,55,10.0
60247843,CAT00906CHZ600262,,906 M,89,C3.3B DIT,
60247842,CAT00906CHZ600262,,906 M,87,Caterpillar,
60247841,CAT00906CHZ600262,,906 M,95,2500,11.0
60247840,CAT00906CHZ600262,,906 M,55,5570,11.0
60247839,CAT00906CHZ600262,,906 M,63,2465,15.0
60247838,CAT00906CHZ600262,,906 M,26,1840,15.0
60247837,CAT00906CHZ600262,,906 M,73,5640,15.0
60247349,CAT00906KHZ600260,,906 M,160,L,
60247348,CAT00906KHZ600260,,906 M,111,Ja,
60247347,CAT00906KHZ600260,,906 M,112,Nein,
60247346,CAT00906KHZ600260,,906 M,110,,
60247343,CAT00906KHZ600260,,906 M,113,,
60247342,CAT00906KHZ600260,,906 M,109,,
60247341,CAT00906KHZ600260,,906 M,126,Nein,
60247340,CAT00906KHZ600260,,906 M,148,Nein,
60247339,CAT00906KHZ600260,,906 M,70,Ja,
60247338,CAT00906KHZ600260,,906 M,11,Nein,
60247336,CAT00906KHZ600260,,906 M,23,Nein,
60247335,CAT00906KHZ600260,,906 M,40,20,12.0
60247334,CAT00906KHZ600260,,906 M,69,Nein,
60247333,CAT00906KHZ600260,,906 M,30,Ja,
60247332,CAT00906KHZ600260,,906 M,7,Tier 4f,
60247331,CAT00906KHZ600260,,906 M,6,Stufe III B,
60247330,CAT00906KHZ600260,,906 M,88,55,10.0
60247329,CAT00906KHZ600260,,906 M,89,C3.3B DIT,
60247328,CAT00906KHZ600260,,906 M,87,Caterpillar,
60247327,CAT00906KHZ600260,,906 M,95,2500,11.0
60247326,CAT00906KHZ600260,,906 M,55,5570,11.0
60247325,CAT00906KHZ600260,,906 M,63,2465,15.0
60247324,CAT00906KHZ600260,,906 M,26,1840,15.0
60247323,CAT00906KHZ600260,,906 M,73,5640,15.0
60247284,CAT00906LHZ600279,,906 M,160,L,
60247283,CAT00906LHZ600279,,906 M,111,Ja,
60247282,CAT00906LHZ600279,,906 M,112,Nein,
60247281,CAT00906LHZ600279,,906 M,110,,
60247280,CAT00906LHZ600279,,906 M,113,,
60247279,CAT00906LHZ600279,,906 M,109,,
60247278,CAT00906LHZ600279,,906 M,126,Nein,
60247277,CAT00906LHZ600279,,906 M,148,Nein,
60247270,CAT00906LHZ600279,,906 M,70,Ja,
60247269,CAT00906LHZ600279,,906 M,11,Nein,
60247268,CAT00906LHZ600279,,906 M,23,Nein,
60247267,CAT00906LHZ600279,,906 M,40,20,12.0
60247266,CAT00906LHZ600279,,906 M,69,Nein,
60247265,CAT00906LHZ600279,,906 M,30,Ja,
60247264,CAT00906LHZ600279,,906 M,7,Tier 4f,
60247263,CAT00906LHZ600279,,906 M,6,Stufe III B,
60247262,CAT00906LHZ600279,,906 M,88,55,10.0
60247261,CAT00906LHZ600279,,906 M,89,C3.3B DIT,
60247260,CAT00906LHZ600279,,906 M,87,Caterpillar,
60247259,CAT00906LHZ600279,,906 M,95,2500,11.0
60247258,CAT00906LHZ600279,,906 M,55,5570,11.0
60247257,CAT00906LHZ600279,,906 M,63,2465,15.0
60247256,CAT00906LHZ600279,,906 M,26,1840,15.0
60247255,CAT00906LHZ600279,,906 M,73,5640,15.0
60247250,CAT00906THZ600255,,906 M,160,L,
60247249,CAT00906THZ600255,,906 M,111,Ja,
60247248,CAT00906THZ600255,,906 M,112,Nein,
60247247,CAT00906THZ600255,,906 M,110,,
60247246,CAT00906THZ600255,,906 M,113,,
60247245,CAT00906THZ600255,,906 M,109,,
60247244,CAT00906THZ600255,,906 M,126,Nein,
60247243,CAT00906THZ600255,,906 M,148,Nein,
60247242,CAT00906THZ600255,,906 M,70,Ja,
60247241,CAT00906THZ600255,,906 M,11,Nein,
60247240,CAT00906THZ600255,,906 M,23,Nein,
60247239,CAT00906THZ600255,,906 M,40,20,12.0
60247238,CAT00906THZ600255,,906 M,69,Nein,
60247237,CAT00906THZ600255,,906 M,30,Ja,
60247232,CAT00906THZ600255,,906 M,7,Tier 4f,
60247231,CAT00906THZ600255,,906 M,6,Stufe III B,
60247230,CAT00906THZ600255,,906 M,88,55,10.0
60247229,CAT00906THZ600255,,906 M,89,C3.3B DIT,
60247228,CAT00906THZ600255,,906 M,87,Caterpillar,
60247227,CAT00906THZ600255,,906 M,95,2500,11.0
60247226,CAT00906THZ600255,,906 M,55,5570,11.0
60247225,CAT00906THZ600255,,906 M,63,2465,15.0
60247224,CAT00906THZ600255,,906 M,26,1840,15.0
60247223,CAT00906THZ600255,,906 M,73,5640,15.0
60247167,CAT0906MAK5602652,,906 M,95,2500,11.0
60247161,CAT0906MAK5602652,,906 M,160,L,
60247160,CAT0906MAK5602652,,906 M,111,Ja,
60247159,CAT0906MAK5602652,,906 M,112,Nein,
60247158,CAT0906MAK5602652,,906 M,110,,
60247157,CAT0906MAK5602652,,906 M,113,,
60247156,CAT0906MAK5602652,,906 M,109,,
60247155,CAT0906MAK5602652,,906 M,126,Nein,
60247154,CAT0906MAK5602652,,906 M,148,Nein,
60247149,CAT0906MAK5602652,,906 M,70,Ja,
60247148,CAT0906MAK5602652,,906 M,11,Nein,
60247147,CAT0906MAK5602652,,906 M,23,Nein,
60247146,CAT0906MAK5602652,,906 M,40,20,12.0
60247145,CAT0906MAK5602652,,906 M,69,Nein,
60247144,CAT0906MAK5602652,,906 M,30,Ja,
60247143,CAT0906MAK5602652,,906 M,7,Tier 4f,
60247142,CAT0906MAK5602652,,906 M,6,Stufe III B,
60247141,CAT0906MAK5602652,,906 M,88,55,10.0
60247140,CAT0906MAK5602652,,906 M,89,C3.3B DIT,
60247139,CAT0906MAK5602652,,906 M,87,Caterpillar,
60247137,CAT0906MAK5602652,,906 M,55,5570,11.0
60247136,CAT0906MAK5602652,,906 M,63,2465,15.0
60247135,CAT0906MAK5602652,,906 M,26,1840,15.0
60247134,CAT0906MAK5602652,,906 M,73,5640,15.0
60246746,CAT0906MTK5602660,,906 M,160,L,
60246745,CAT0906MTK5602660,,906 M,111,Ja,
60246744,CAT0906MTK5602660,,906 M,112,Nein,
60246743,CAT0906MTK5602660,,906 M,110,,
60246742,CAT0906MTK5602660,,906 M,113,,
60246741,CAT0906MTK5602660,,906 M,109,,
60246740,CAT0906MTK5602660,,906 M,126,Nein,
60246739,CAT0906MTK5602660,,906 M,148,Nein,
60246738,CAT0906MTK5602660,,906 M,70,Ja,
60246737,CAT0906MTK5602660,,906 M,11,Nein,
60246736,CAT0906MTK5602660,,906 M,23,Nein,
60246735,CAT0906MTK5602660,,906 M,40,20,12.0
60246734,CAT0906MTK5602660,,906 M,69,Nein,
60246733,CAT0906MTK5602660,,906 M,30,Ja,
60246732,CAT0906MTK5602660,,906 M,7,Tier 4f,
60246731,CAT0906MTK5602660,,906 M,6,Stufe III B,
60246730,CAT0906MTK5602660,,906 M,88,55,10.0
60246586,CAT0906MTK5602660,,906 M,89,C3.3B DIT,
60246585,CAT0906MTK5602660,,906 M,87,Caterpillar,
60246584,CAT0906MTK5602660,,906 M,95,2500,11.0
60246583,CAT0906MTK5602660,,906 M,55,5570,11.0
60246582,CAT0906MTK5602660,,906 M,63,2465,15.0
60246581,CAT0906MTK5602660,,906 M,26,1840,15.0
60246580,CAT0906MTK5602660,,906 M,73,5640,15.0
60246108,CAT0906MPK5602658,,906 M,160,L,
60246107,CAT0906MPK5602658,,906 M,111,Ja,
60246106,CAT0906MPK5602658,,906 M,112,Nein,
60246105,CAT0906MPK5602658,,906 M,110,,
60246104,CAT0906MPK5602658,,906 M,113,,
60246103,CAT0906MPK5602658,,906 M,109,,
60246102,CAT0906MPK5602658,,906 M,126,Nein,
60246101,CAT0906MPK5602658,,906 M,148,Nein,
60246100,CAT0906MPK5602658,,906 M,70,Ja,
60246099,CAT0906MPK5602658,,906 M,11,Nein,
60246098,CAT0906MPK5602658,,906 M,23,Nein,
60246097,CAT0906MPK5602658,,906 M,40,20,12.0
60246096,CAT0906MPK5602658,,906 M,69,Nein,
60246095,CAT0906MPK5602658,,906 M,30,Ja,
60246094,CAT0906MPK5602658,,906 M,7,Tier 4f,
60246093,CAT0906MPK5602658,,906 M,6,Stufe III B,
60246092,CAT0906MPK5602658,,906 M,88,55,10.0
60246091,CAT0906MPK5602658,,906 M,89,C3.3B DIT,
60246090,CAT0906MPK5602658,,906 M,87,Caterpillar,
60246089,CAT0906MPK5602658,,906 M,95,2500,11.0
60246088,CAT0906MPK5602658,,906 M,55,5570,11.0
60246087,CAT0906MPK5602658,,906 M,63,2465,15.0
60246086,CAT0906MPK5602658,,906 M,26,1840,15.0
60246085,CAT0906MPK5602658,,906 M,73,5640,15.0
60245907,CAT0906MPK5602661,,906 M,160,L,
60245906,CAT0906MPK5602661,,906 M,111,Ja,
60245905,CAT0906MPK5602661,,906 M,112,Nein,
60245882,CAT0906MPK5602661,,906 M,110,,
60245881,CAT0906MPK5602661,,906 M,113,,
60245880,CAT0906MPK5602661,,906 M,109,,
60245879,CAT0906MPK5602661,,906 M,126,Nein,
60245878,CAT0906MPK5602661,,906 M,148,Nein,
60245877,CAT0906MPK5602661,,906 M,70,Ja,
60245876,CAT0906MPK5602661,,906 M,11,Nein,
60245875,CAT0906MPK5602661,,906 M,23,Nein,
60245874,CAT0906MPK5602661,,906 M,40,20,12.0
60245873,CAT0906MPK5602661,,906 M,69,Nein,
60245872,CAT0906MPK5602661,,906 M,30,Ja,
60245871,CAT0906MPK5602661,,906 M,7,Tier 4f,
60245870,CAT0906MPK5602661,,906 M,6,Stufe III B,
60245869,CAT0906MPK5602661,,906 M,88,55,10.0
60245868,CAT0906MPK5602661,,906 M,89,C3.3B DIT,
60245867,CAT0906MPK5602661,,906 M,87,Caterpillar,
60245866,CAT0906MPK5602661,,906 M,95,2500,11.0
60245865,CAT0906MPK5602661,,906 M,55,5570,11.0
60245864,CAT0906MPK5602661,,906 M,63,2465,15.0
60245863,CAT0906MPK5602661,,906 M,26,1840,15.0
60245862,CAT0906MPK5602661,,906 M,73,5640,15.0
60245652,2021319020,,Gabel - 906/907/908,63,450,15.0
60245651,2021319020,,Gabel - 906/907/908,26,1340,15.0
60245650,2021319020,,Gabel - 906/907/908,73,1200,15.0
60245472,2021319021,,Gabel - 906/907/908,63,450,15.0
60245471,2021319021,,Gabel - 906/907/908,26,1340,15.0
60245470,2021319021,,Gabel - 906/907/908,73,1200,15.0
60245469,2021319019,,Gabel - 906/907/908,63,450,15.0
60245468,2021319019,,Gabel - 906/907/908,26,1340,15.0
60245467,2021319019,,Gabel - 906/907/908,73,1200,15.0
60245466,2021319025,,Gabel - 906/907/908,63,450,15.0
60245465,2021319025,,Gabel - 906/907/908,26,1340,15.0
60245464,2021319025,,Gabel - 906/907/908,73,1200,15.0
60245461,2021319015,,Gabel - 906/907/908,63,450,15.0
60245460,2021319015,,Gabel - 906/907/908,26,1340,15.0
60245459,2021319015,,Gabel - 906/907/908,73,1200,15.0
60245458,2021319016,,Gabel - 906/907/908,63,450,15.0
60245457,2021319016,,Gabel - 906/907/908,26,1340,15.0
60245456,2021319016,,Gabel - 906/907/908,73,1200,15.0
60245455,2021319013,,Gabel - 906/907/908,63,450,15.0
60245454,2021319013,,Gabel - 906/907/908,26,1340,15.0
60245453,2021319013,,Gabel - 906/907/908,73,1200,15.0
60245400,2021319008,,Gabel - 906/907/908,63,450,15.0
60245399,2021319008,,Gabel - 906/907/908,26,1340,15.0
60245398,2021319008,,Gabel - 906/907/908,73,1200,15.0
60245374,2021319014,,Gabel - 906/907/908,63,450,15.0
60245373,2021319014,,Gabel - 906/907/908,26,1340,15.0
60245372,2021319014,,Gabel - 906/907/908,73,1200,15.0
60245356,201812027,500302,Standardschaufel - 906/907/908,114,1900,15.0
60245355,201812027,500302,Standardschaufel - 906/907/908,65,"0,9",16.0
60245354,201812027,500302,Standardschaufel - 906/907/908,55,390,11.0
60245353,201812027,500302,Standardschaufel - 906/907/908,63,960,15.0
60245352,201812027,500302,Standardschaufel - 906/907/908,26,900,15.0
60245351,201812027,500302,Standardschaufel - 906/907/908,73,1900,15.0
60244536,YCA10031,300455,325F L CR,99,Nein,
60244535,YCA10031,300455,325F L CR,141,Nein,
60244534,YCA10031,300455,325F L CR,148,Ja,
60244533,YCA10031,300455,325F L CR,140,Nein,
60244532,YCA10031,300455,325F L CR,69,Ja,
60244531,YCA10031,300455,325F L CR,30,Nein,
60244520,YCA10031,300455,325F L CR,24,600,15.0
60244519,YCA10031,300455,325F L CR,23,Nein,
60244518,YCA10031,300455,325F L CR,57,Ja,
60244517,YCA10031,300455,325F L CR,58,Ja,
60244425,YCA10031,300455,325F L CR,106,Ja,
60244424,YCA10031,300455,325F L CR,60,Ja,
60244423,YCA10031,300455,325F L CR,56,6510,15.0
60244360,YCA10031,300455,325F L CR,107,Nein,
60244359,YCA10031,300455,325F L CR,120,Nein,
60244358,YCA10031,300455,325F L CR,137,Ja,
60244357,YCA10031,300455,325F L CR,83,Nein,
60244356,YCA10031,300455,325F L CR,128,Nein,
60244355,YCA10031,300455,325F L CR,112,Nein,
60244354,YCA10031,300455,325F L CR,111,Ja,
60244353,YCA10031,300455,325F L CR,110,,
60244352,YCA10031,300455,325F L CR,113,OQ 70/55,
60244351,YCA10031,300455,325F L CR,109,OilQuick,
60244157,YCA10031,300455,325F L CR,7,Tier 4f,
60244156,YCA10031,300455,325F L CR,6,Stufe V,
60244155,YCA10031,300455,325F L CR,88,120,10.0
60244154,YCA10031,300455,325F L CR,89,C4.4 ACERT,
60244153,YCA10031,300455,325F L CR,87,Caterpillar,
60244152,YCA10031,300455,325F L CR,55,26200,11.0
60244151,YCA10031,300455,325F L CR,63,3140,15.0
60244150,YCA10031,300455,325F L CR,78,2900,15.0
60244149,YCA10031,300455,325F L CR,26,2980,15.0
60244145,YCA10031,300455,325F L CR,73,9180,15.0
60244106,101870161006,,BW 154 APO-4i,158,Nein,
60244105,101870161006,,BW 154 APO-4i,155,Nein,
60208904,101870941182,300698,BW 174 AP-4f AM,89,TCD 3.6,
60208869,101870941182,300698,BW 174 AP-4f AM,87,Deutz,
60208826,101870861052,300773,BW 154 ACP-AM,158,Ja,
60208820,101870861052,300773,BW 154 ACP-AM,155,Ja,
60208819,101870861052,300773,BW 154 ACP-AM,54,Ja,
60208818,101870861052,300773,BW 154 ACP-AM,70,Nein,
60208817,101870861052,300773,BW 154 ACP-AM,67,,18.0
60208816,101870861052,300773,BW 154 ACP-AM,96,Nein,
60208815,101870861052,300773,BW 154 ACP-AM,16,Ja,
60208814,101870861052,300773,BW 154 ACP-AM,135,,11.0
60208813,101870861052,300773,BW 154 ACP-AM,136,Ja,
60208812,101870861052,300773,BW 154 ACP-AM,13,1500,15.0
60208811,101870861052,300773,BW 154 ACP-AM,148,Nein,
60208810,101870861052,300773,BW 154 ACP-AM,69,,
60208809,101870861052,300773,BW 154 ACP-AM,23,Nein,
60208808,101870861052,300773,BW 154 ACP-AM,30,Ja,
60208807,101870861052,300773,BW 154 ACP-AM,7,Tier 4f,
60208806,101870861052,300773,BW 154 ACP-AM,6,Stufe V,
60208805,101870861052,300773,BW 154 ACP-AM,88,"55,4",10.0
60208804,101870861052,300773,BW 154 ACP-AM,89,V3800 CR-T,
60208803,101870861052,300773,BW 154 ACP-AM,87,Kubota,
60208802,101870861052,300773,BW 154 ACP-AM,55,7200,11.0
60208801,101870861052,300773,BW 154 ACP-AM,26,1680,15.0
60208800,101870861052,300773,BW 154 ACP-AM,63,3020,15.0
60208799,101870861052,300773,BW 154 ACP-AM,73,2955,15.0
60208362,101870251004,300763,BW 174 APO-4v,158,Nein,
60208361,101870251004,300763,BW 174 APO-4v,155,,
60208360,101870251004,300763,BW 174 APO-4v,54,Ja,
60208359,101870251004,300763,BW 174 APO-4v,70,Nein,
60208358,101870251004,300763,BW 174 APO-4v,67,1,18.0
60208357,101870251004,300763,BW 174 APO-4v,96,Ja,
60208356,101870251004,300763,BW 174 APO-4v,16,Nein,
60208355,101870251004,300763,BW 174 APO-4v,135,,11.0
60208354,101870251004,300763,BW 174 APO-4v,136,Ja,
60208353,101870251004,300763,BW 174 APO-4v,13,1680,15.0
60208352,101870251004,300763,BW 174 APO-4v,148,Nein,
60208351,101870251004,300763,BW 174 APO-4v,69,,
60208350,101870251004,300763,BW 174 APO-4v,23,Nein,
60208349,101870251004,300763,BW 174 APO-4v,30,Ja,
60208348,101870251004,300763,BW 174 APO-4v,6,Stufe V,
60208347,101870251004,300763,BW 174 APO-4v,7,Tier 4f,
60208346,101870251004,300763,BW 174 APO-4v,88,74,10.0
60208345,101870251004,300763,BW 174 APO-4v,89,TCD 3.6,
60208344,101870251004,300763,BW 174 APO-4v,87,Deutz,
60208343,101870251004,300763,BW 174 APO-4v,55,9700,11.0
60208342,101870251004,300763,BW 174 APO-4v,63,3050,15.0
60208341,101870251004,300763,BW 174 APO-4v,26,1860,15.0
60208340,101870251004,300763,BW 174 APO-4v,73,4420,15.0
60208227,101870871013,300752,BW 154 ACP-4v,155,Nein,
60208226,101870871013,300752,BW 154 ACP-4v,54,Ja,
60208225,101870871013,300752,BW 154 ACP-4v,70,Nein,
60208224,101870871013,300752,BW 154 ACP-4v,67,,18.0
60208223,101870871013,300752,BW 154 ACP-4v,96,,
60208222,101870871013,300752,BW 154 ACP-4v,16,Nein,
60208221,101870871013,300752,BW 154 ACP-4v,135,,11.0
60208220,101870871013,300752,BW 154 ACP-4v,136,,
60208219,101870871013,300752,BW 154 ACP-4v,73,2955,15.0
60208193,101870871013,300752,BW 154 ACP-4v,13,1500,15.0
60208192,101870871013,300752,BW 154 ACP-4v,148,Nein,
60208191,101870871013,300752,BW 154 ACP-4v,69,Ja,
60208190,101870871013,300752,BW 154 ACP-4v,23,Nein,
60208189,101870871013,300752,BW 154 ACP-4v,30,Ja,
60208188,101870871013,300752,BW 154 ACP-4v,7,Tier 4f,
60208187,101870871013,300752,BW 154 ACP-4v,6,Stufe V,
60208186,101870871013,300752,BW 154 ACP-4v,88,"55,4",10.0
60208185,101870871013,300752,BW 154 ACP-4v,89,V3307 CR-T,
60208149,101870871013,300752,BW 154 ACP-4v,87,Kubota,
60208148,101870871013,300752,BW 154 ACP-4v,55,7200,11.0
60208147,101870871013,300752,BW 154 ACP-4v,26,1680,15.0
60208146,101870871013,300752,BW 154 ACP-4v,63,3020,15.0
60207782,101870221020,300762,BW 174 AP-4v,158,Nein,
60207781,101870221020,300762,BW 174 AP-4v,155,,
60207780,101870221020,300762,BW 174 AP-4v,54,Ja,
60207779,101870221020,300762,BW 174 AP-4v,70,Nein,
60207778,101870221020,300762,BW 174 AP-4v,67,1,18.0
60207777,101870221020,300762,BW 174 AP-4v,96,Nein,
60207776,101870221020,300762,BW 174 AP-4v,16,Nein,
60207775,101870221020,300762,BW 174 AP-4v,135,,11.0
60207774,101870221020,300762,BW 174 AP-4v,136,Ja,
60207773,101870221020,300762,BW 174 AP-4v,13,1680,15.0
60207772,101870221020,300762,BW 174 AP-4v,148,Nein,
60207771,101870221020,300762,BW 174 AP-4v,69,Ja,
60207770,101870221020,300762,BW 174 AP-4v,23,Nein,
60207769,101870221020,300762,BW 174 AP-4v,30,Ja,
60207768,101870221020,300762,BW 174 AP-4v,6,Stufe V,
60207767,101870221020,300762,BW 174 AP-4v,7,Tier 4f,
60207766,101870221020,300762,BW 174 AP-4v,88,74,10.0
60207765,101870221020,300762,BW 174 AP-4v,89,TCD 3.6,
60207764,101870221020,300762,BW 174 AP-4v,87,Deutz,
60207763,101870221020,300762,BW 174 AP-4v,55,9920,11.0
60207762,101870221020,300762,BW 174 AP-4v,63,3000,15.0
60207761,101870221020,300762,BW 174 AP-4v,26,1826,15.0
60207760,101870221020,300762,BW 174 AP-4v,73,4420,15.0
60206479,101870211090,300761,BW 174 AP-4v AM,158,Nein,
60206478,101870211090,300761,BW 174 AP-4v AM,155,Nein,
60206477,101870211090,300761,BW 174 AP-4v AM,54,Ja,
60206476,101870211090,300761,BW 174 AP-4v AM,70,Nein,
60206475,101870211090,300761,BW 174 AP-4v AM,67,1,18.0
60206474,101870211090,300761,BW 174 AP-4v AM,96,Nein,
60206473,101870211090,300761,BW 174 AP-4v AM,16,Ja,
60206472,101870211090,300761,BW 174 AP-4v AM,135,,11.0
60206471,101870211090,300761,BW 174 AP-4v AM,136,,
60206470,101870211090,300761,BW 174 AP-4v AM,13,1680,15.0
60206469,101870211090,300761,BW 174 AP-4v AM,148,Nein,
60206468,101870211090,300761,BW 174 AP-4v AM,69,Ja,
60206467,101870211090,300761,BW 174 AP-4v AM,23,Nein,
60206466,101870211090,300761,BW 174 AP-4v AM,30,Ja,
60206465,101870211090,300761,BW 174 AP-4v AM,6,Stufe IV,
60206464,101870211090,300761,BW 174 AP-4v AM,7,Tier 3,
60206463,101870211090,300761,BW 174 AP-4v AM,88,74,10.0
60206462,101870211090,300761,BW 174 AP-4v AM,89,TCD 3.6,
60206461,101870211090,300761,BW 174 AP-4v AM,87,Deutz,
60206460,101870211090,300761,BW 174 AP-4v AM,55,9920,11.0
60206459,101870211090,300761,BW 174 AP-4v AM,63,3000,15.0
60206458,101870211090,300761,BW 174 AP-4v AM,26,1826,15.0
60206457,101870211090,300761,BW 174 AP-4v AM,73,4420,15.0
60134274,20096343,,CR 7 MDM,87,Hatz,
60134273,20096343,,CR 7 MDM,117,,15.0
60134272,20096343,,CR 7 MDM,88,"5,8",10.0
60134271,20096343,,CR 7 MDM,136,Ja,
60134270,20096343,,CR 7 MDM,39,Ja,
60134269,20096343,,CR 7 MDM,29,Ja,
60134268,20096343,,CR 7 MDM,55,481,11.0
60134267,20096343,,CR 7 MDM,89,1 B 40,
60134266,20096343,,CR 7 MDM,73,1710,15.0
60134265,20096343,,CR 7 MDM,13,650,15.0
60134264,20096343,,CR 7 MDM,85,Ja,
60134263,20096343,,CR 7 MDM,26,650,15.0
60134262,20096343,,CR 7 MDM,138,Ja,
60134261,20096343,,CR 7 MDM,104,Ja,
60134260,20096343,,CR 7 MDM,135,,11.0
60134259,20096343,,CR 7 MDM,63,1160,15.0
60134258,20096343,,CR 7 MDM,84,Nein,
60134257,20096343,,CR 7 MDM,139,Ja,
59995358,WGH0H234JHAA00619,,H 13 i,96,,
59995357,WGH0H234JHAA00619,,H 13 i,136,,
59995356,WGH0H234JHAA00619,,H 13 i,73,,
59995355,WGH0H234JHAA00619,,H 13 i,7,,
59995354,WGH0H234JHAA00619,,H 13 i,63,,
59995353,WGH0H234JHAA00619,,H 13 i,148,,
59995352,WGH0H234JHAA00619,,H 13 i,55,,
59995351,WGH0H234JHAA00619,,H 13 i,88,,
59995350,WGH0H234JHAA00619,,H 13 i,6,,
59995349,WGH0H234JHAA00619,,H 13 i,30,,
59995348,WGH0H234JHAA00619,,H 13 i,69,,
59995347,WGH0H234JHAA00619,,H 13 i,26,2284,
59995346,WGH0H234JHAA00619,,H 13 i,123,52,
59995345,WGH0H234JHAA00619,,H 13 i,135,,
59995344,WGH0H234JHAA00619,,H 13 i,13,2140,
59995343,WGH0H234JHAA00619,,H 13 i,23,,
59995342,WGH0H234JHAA00619,,H 13 i,87,Deutz,
59995341,WGH0H234JHAA00619,,H 13 i,89,TCD 4.1 L4,
59983646,99H08100T,18202,OM Argo,6,,
59983645,99H08100T,18202,OM Argo,80,,
59983644,99H08100T,18202,OM Argo,72,,
59983643,99H08100T,18202,OM Argo,73,,15.0
59983642,99H08100T,18202,OM Argo,100,,
59983641,99H08100T,18202,OM Argo,63,,15.0
59983640,99H08100T,18202,OM Argo,7,,
59983639,99H08100T,18202,OM Argo,87,,
59983638,99H08100T,18202,OM Argo,34,,20.0
59983637,99H08100T,18202,OM Argo,81,,
59983636,99H08100T,18202,OM Argo,23,,
59983635,99H08100T,18202,OM Argo,30,,
59983634,99H08100T,18202,OM Argo,89,,
59983633,99H08100T,18202,OM Argo,50,,
59983632,99H08100T,18202,OM Argo,148,,
59983631,99H08100T,18202,OM Argo,20,,
59983630,99H08100T,18202,OM Argo,55,,11.0
59983629,99H08100T,18202,OM Argo,17,,15.0
59983628,99H08100T,18202,OM Argo,82,,
59983627,99H08100T,18202,OM Argo,88,,10.0
59983626,99H08100T,18202,OM Argo,26,,15.0
59983625,99H08100T,18202,OM Argo,25,,19.0
59911634,41876,18201,112 EC-H 8 Litronic,18,,14.0
59911633,41876,18201,112 EC-H 8 Litronic,53,,19.0
59911632,41876,18201,112 EC-H 8 Litronic,59,,14.0
59911631,41876,18201,112 EC-H 8 Litronic,50,,
59911630,41876,18201,112 EC-H 8 Litronic,19,,14.0
59911626,42247,18200,180 EC-H 10 Litronic,53,,19.0
59911625,42247,18200,180 EC-H 10 Litronic,146,,
59911624,42247,18200,180 EC-H 10 Litronic,69,,
59911623,42247,18200,180 EC-H 10 Litronic,19,,14.0
59911622,42247,18200,180 EC-H 10 Litronic,148,,
59911621,42247,18200,180 EC-H 10 Litronic,48,,3.0
59911620,42247,18200,180 EC-H 10 Litronic,93,,5.0
59911619,42247,18200,180 EC-H 10 Litronic,18,,14.0
59911618,42247,18200,180 EC-H 10 Litronic,131,,11.0
59911617,42247,18200,180 EC-H 10 Litronic,59,,14.0
59911616,42247,18200,180 EC-H 10 Litronic,66,,
59911615,42247,18200,180 EC-H 10 Litronic,94,,2.0
59911614,42247,18200,180 EC-H 10 Litronic,130,,11.0
59911613,42247,18200,180 EC-H 10 Litronic,76,,10.0
59911612,42247,18200,180 EC-H 10 Litronic,133,,
59911611,42247,18200,180 EC-H 10 Litronic,5,,
59911610,42247,18200,180 EC-H 10 Litronic,50,,
59911606,42347,18199,180 EC-H 10 Litronic,53,,19.0
59911605,42347,18199,180 EC-H 10 Litronic,146,,
59911604,42347,18199,180 EC-H 10 Litronic,69,,
59911603,42347,18199,180 EC-H 10 Litronic,19,,14.0
59911602,42347,18199,180 EC-H 10 Litronic,148,,
59911601,42347,18199,180 EC-H 10 Litronic,48,,3.0
59911600,42347,18199,180 EC-H 10 Litronic,93,,5.0
59911599,42347,18199,180 EC-H 10 Litronic,18,,14.0
59911598,42347,18199,180 EC-H 10 Litronic,131,,11.0
59911597,42347,18199,180 EC-H 10 Litronic,59,,14.0
59911596,42347,18199,180 EC-H 10 Litronic,66,,
59911595,42347,18199,180 EC-H 10 Litronic,94,,2.0
59911594,42347,18199,180 EC-H 10 Litronic,130,,11.0
59911593,42347,18199,180 EC-H 10 Litronic,76,,10.0
59911592,42347,18199,180 EC-H 10 Litronic,133,,
59911591,42347,18199,180 EC-H 10 Litronic,5,,
59911590,42347,18199,180 EC-H 10 Litronic,50,,
59911586,42095,18198,180 EC-H 10 Litronic,53,,19.0
59911585,42095,18198,180 EC-H 10 Litronic,146,,
59911584,42095,18198,180 EC-H 10 Litronic,69,,
59911583,42095,18198,180 EC-H 10 Litronic,19,,14.0
59911582,42095,18198,180 EC-H 10 Litronic,148,,
59911581,42095,18198,180 EC-H 10 Litronic,48,,3.0
59911580,42095,18198,180 EC-H 10 Litronic,93,,5.0
59911579,42095,18198,180 EC-H 10 Litronic,18,,14.0
59911578,42095,18198,180 EC-H 10 Litronic,131,,11.0
59911577,42095,18198,180 EC-H 10 Litronic,59,,14.0
59911576,42095,18198,180 EC-H 10 Litronic,66,,
59911575,42095,18198,180 EC-H 10 Litronic,94,,2.0
59911574,42095,18198,180 EC-H 10 Litronic,130,,11.0
59911573,42095,18198,180 EC-H 10 Litronic,76,,10.0
59911572,42095,18198,180 EC-H 10 Litronic,133,,
59911571,42095,18198,180 EC-H 10 Litronic,5,,
59911570,42095,18198,180 EC-H 10 Litronic,50,,
59458137,HG07404,,TL 600,154,,19.0
59458136,HG07404,,TL 600,110,,
59458135,HG07404,,TL 600,26,,15.0
59458134,HG07404,,TL 600,65,,16.0
59458133,HG07404,,TL 600,73,,15.0
59458132,HG07404,,TL 600,147,,
59458131,HG07404,,TL 600,12,,18.0
59458130,HG07404,,TL 600,113,,
59458129,HG07404,,TL 600,109,,
59458128,HG07404,,TL 600,63,,15.0
59458127,HG07404,,TL 600,55,,11.0
59458126,HG07404,,TL 600,114,,15.0
59458122,62200860-10,,GRL 1600 starr,154,,19.0
59458121,62200860-10,,GRL 1600 starr,26,,15.0
59458120,62200860-10,,GRL 1600 starr,110,,
59458119,62200860-10,,GRL 1600 starr,63,,15.0
59458118,62200860-10,,GRL 1600 starr,112,,
59458117,62200860-10,,GRL 1600 starr,114,,15.0
59458116,62200860-10,,GRL 1600 starr,109,,
59458115,62200860-10,,GRL 1600 starr,65,,16.0
59458114,62200860-10,,GRL 1600 starr,111,,
59458113,62200860-10,,GRL 1600 starr,113,,
59458112,62200860-10,,GRL 1600 starr,55,,11.0
59458111,62200860-10,,GRL 1600 starr,73,,15.0
59458107,GW803293,,308CR NG,99,,
59458106,GW803293,,308CR NG,141,,
59458105,GW803293,,308CR NG,110,,
59458104,GW803293,,308CR NG,23,,
59458103,GW803293,,308CR NG,137,,
59458102,GW803293,,308CR NG,26,,15.0
59458101,GW803293,,308CR NG,112,,
59458100,GW803293,,308CR NG,108,,
59458099,GW803293,,308CR NG,55,,11.0
59458098,GW803293,,308CR NG,69,,
59458097,GW803293,,308CR NG,73,,15.0
59458096,GW803293,,308CR NG,6,,
59458095,GW803293,,308CR NG,145,,
59458094,GW803293,,308CR NG,63,,15.0
59458093,GW803293,,308CR NG,66,,
59458092,GW803293,,308CR NG,148,,
59458091,GW803293,,308CR NG,120,,
59458090,GW803293,,308CR NG,56,,15.0
59458089,GW803293,,308CR NG,57,,
59458088,GW803293,,308CR NG,128,,
59458087,GW803293,,308CR NG,60,,
59458086,GW803293,,308CR NG,89,,
59458085,GW803293,,308CR NG,111,,
59458084,GW803293,,308CR NG,58,,
59458083,GW803293,,308CR NG,88,,10.0
59458082,GW803293,,308CR NG,7,,
59458081,GW803293,,308CR NG,113,,
59458080,GW803293,,308CR NG,109,,
59458079,GW803293,,308CR NG,30,,
59458078,GW803293,,308CR NG,87,,
59458077,GW803293,,308CR NG,106,,
59458076,GW803293,,308CR NG,140,,
59458075,GW803293,,308CR NG,78,,15.0
59332281,206/1194,18197,PR 731 CL mit Lancier Kabelpflug,87,,
59332280,206/1194,18197,PR 731 CL mit Lancier Kabelpflug,63,,15.0
59332279,206/1194,18197,PR 731 CL mit Lancier Kabelpflug,134,,15.0
59332278,206/1194,18197,PR 731 CL mit Lancier Kabelpflug,68,,
59332277,206/1194,18197,PR 731 CL mit Lancier Kabelpflug,140,,
59332276,206/1194,18197,PR 731 CL mit Lancier Kabelpflug,7,,
59332275,206/1194,18197,PR 731 CL mit Lancier Kabelpflug,69,,
59332274,206/1194,18197,PR 731 CL mit Lancier Kabelpflug,88,,10.0
59332273,206/1194,18197,PR 731 CL mit Lancier Kabelpflug,125,,15.0
59332272,206/1194,18197,PR 731 CL mit Lancier Kabelpflug,55,,11.0
59332271,206/1194,18197,PR 731 CL mit Lancier Kabelpflug,89,,
59332270,206/1194,18197,PR 731 CL mit Lancier Kabelpflug,148,,
59332269,206/1194,18197,PR 731 CL mit Lancier Kabelpflug,6,,
59332268,206/1194,18197,PR 731 CL mit Lancier Kabelpflug,26,,15.0
59332267,206/1194,18197,PR 731 CL mit Lancier Kabelpflug,23,,
59332266,206/1194,18197,PR 731 CL mit Lancier Kabelpflug,121,,15.0
59332265,206/1194,18197,PR 731 CL mit Lancier Kabelpflug,141,,
59332264,206/1194,18197,PR 731 CL mit Lancier Kabelpflug,30,,
59332263,206/1194,18197,PR 731 CL mit Lancier Kabelpflug,97,,15.0
59332262,206/1194,18197,PR 731 CL mit Lancier Kabelpflug,24,,15.0
59332261,206/1194,18197,PR 731 CL mit Lancier Kabelpflug,73,,15.0
59225956,653.5.224,300468,653 R,160,,
59225955,653.5.224,300468,653 R,11,,
59225954,653.5.224,300468,653 R,59,,14.0
59225953,653.5.224,300468,653 R,148,,
59225952,653.5.224,300468,653 R,7,,
59225951,653.5.224,300468,653 R,40,,12.0
59225950,653.5.224,300468,653 R,62,,
59225949,653.5.224,300468,653 R,18,,14.0
59225948,653.5.224,300468,653 R,73,,15.0
59225947,653.5.224,300468,653 R,26,,15.0
59225946,653.5.224,300468,653 R,69,,
59225945,653.5.224,300468,653 R,23,,
59225944,653.5.224,300468,653 R,131,,11.0
59225943,653.5.224,300468,653 R,21,,19.0
59225942,653.5.224,300468,653 R,88,,10.0
59225941,653.5.224,300468,653 R,6,,
59225940,653.5.224,300468,653 R,63,,15.0
59225939,653.5.224,300468,653 R,87,,
59225938,653.5.224,300468,653 R,5,,
59225937,653.5.224,300468,653 R,10,,
59225936,653.5.224,300468,653 R,55,,11.0
59225935,653.5.224,300468,653 R,89,,
59225934,653.5.224,300468,653 R,50,,
59225933,653.5.224,300468,653 R,30,,
59123537,08610107,,MT 3000-3i Offset,158,,
59123536,08610107,,MT 3000-3i Offset,26,,15.0
59123535,08610107,,MT 3000-3i Offset,69,,
59123534,08610107,,MT 3000-3i Offset,62,,
59123533,08610107,,MT 3000-3i Offset,34,,20.0
59123532,08610107,,MT 3000-3i Offset,31,,
59123531,08610107,,MT 3000-3i Offset,148,,
59123530,08610107,,MT 3000-3i Offset,43,,20.0
59123529,08610107,,MT 3000-3i Offset,30,,
59123528,08610107,,MT 3000-3i Offset,89,,
59123527,08610107,,MT 3000-3i Offset,22,,15.0
59123526,08610107,,MT 3000-3i Offset,73,,15.0
59123525,08610107,,MT 3000-3i Offset,8,,
59123524,08610107,,MT 3000-3i Offset,88,,10.0
59123523,08610107,,MT 3000-3i Offset,6,,
59123522,08610107,,MT 3000-3i Offset,7,,
59123521,08610107,,MT 3000-3i Offset,119,,
59123520,08610107,,MT 3000-3i Offset,63,,15.0
59123519,08610107,,MT 3000-3i Offset,87,,
59123518,08610107,,MT 3000-3i Offset,23,,
59123517,08610107,,MT 3000-3i Offset,132,,
59123516,08610107,,MT 3000-3i Offset,55,,11.0
59122744,101870901182,300525,BW 174 AP-4i AM,158,Nein,
59122743,101870901182,300525,BW 174 AP-4i AM,155,Ja,
59122742,101870901182,300525,BW 174 AP-4i AM,54,Ja,
59122741,101870901182,300525,BW 174 AP-4i AM,70,Nein,
59122740,101870901182,300525,BW 174 AP-4i AM,67,1,18.0
59122739,101870901182,300525,BW 174 AP-4i AM,96,Nein,
59122738,101870901182,300525,BW 174 AP-4i AM,16,Ja,
59122737,101870901182,300525,BW 174 AP-4i AM,135,,11.0
59122736,101870901182,300525,BW 174 AP-4i AM,136,,
59122735,101870901182,300525,BW 174 AP-4i AM,13,1680,15.0
59122734,101870901182,300525,BW 174 AP-4i AM,148,Nein,
59122733,101870901182,300525,BW 174 AP-4i AM,69,,
59122732,101870901182,300525,BW 174 AP-4i AM,23,Nein,
59122731,101870901182,300525,BW 174 AP-4i AM,30,Ja,
59122730,101870901182,300525,BW 174 AP-4i AM,6,Stufe IV,
59122729,101870901182,300525,BW 174 AP-4i AM,7,Tier 3,
59122728,101870901182,300525,BW 174 AP-4i AM,88,74,10.0
59122727,101870901182,300525,BW 174 AP-4i AM,89,TCD 3.6,
59122726,101870901182,300525,BW 174 AP-4i AM,87,Deutz,
59122725,101870901182,300525,BW 174 AP-4i AM,55,9920,11.0
59122724,101870901182,300525,BW 174 AP-4i AM,63,3000,15.0
59122723,101870901182,300525,BW 174 AP-4i AM,26,1826,15.0
59122722,101870901182,300525,BW 174 AP-4i AM,73,4420,15.0
59118258,JCB08018CG2497619,,8018 CTS,99,,
59118257,JCB08018CG2497619,,8018 CTS,128,,
59118256,JCB08018CG2497619,,8018 CTS,60,,
59118255,JCB08018CG2497619,,8018 CTS,110,,
59118254,JCB08018CG2497619,,8018 CTS,78,,15.0
59118253,JCB08018CG2497619,,8018 CTS,141,,
59118252,JCB08018CG2497619,,8018 CTS,26,,15.0
59118251,JCB08018CG2497619,,8018 CTS,73,,15.0
59118250,JCB08018CG2497619,,8018 CTS,58,,
59118249,JCB08018CG2497619,,8018 CTS,106,,
59118248,JCB08018CG2497619,,8018 CTS,23,,
59118247,JCB08018CG2497619,,8018 CTS,137,,
59118246,JCB08018CG2497619,,8018 CTS,63,,15.0
59118245,JCB08018CG2497619,,8018 CTS,145,,
59118244,JCB08018CG2497619,,8018 CTS,111,,
59118243,JCB08018CG2497619,,8018 CTS,56,,15.0
59118242,JCB08018CG2497619,,8018 CTS,7,,
59118241,JCB08018CG2497619,,8018 CTS,140,,
59118240,JCB08018CG2497619,,8018 CTS,87,,
59118239,JCB08018CG2497619,,8018 CTS,6,,
59118238,JCB08018CG2497619,,8018 CTS,66,,
59118237,JCB08018CG2497619,,8018 CTS,112,,
59118236,JCB08018CG2497619,,8018 CTS,148,,
59118235,JCB08018CG2497619,,8018 CTS,120,,
59118234,JCB08018CG2497619,,8018 CTS,30,,
59118233,JCB08018CG2497619,,8018 CTS,113,,
59118232,JCB08018CG2497619,,8018 CTS,109,,
59118231,JCB08018CG2497619,,8018 CTS,108,,
59118230,JCB08018CG2497619,,8018 CTS,69,,
59118229,JCB08018CG2497619,,8018 CTS,88,,10.0
59118228,JCB08018CG2497619,,8018 CTS,89,,
59118227,JCB08018CG2497619,,8018 CTS,57,,
59118226,JCB08018CG2497619,,8018 CTS,55,,11.0
59095650,12476179,,Gabel - L 566,73,,15.0
59095649,12476179,,Gabel - L 566,113,,
59095648,12476179,,Gabel - L 566,63,,15.0
59095647,12476179,,Gabel - L 566,95,,11.0
59095646,12476179,,Gabel - L 566,110,,
59095645,12476179,,Gabel - L 566,112,,
59095644,12476179,,Gabel - L 566,111,,
59095643,12476179,,Gabel - L 566,26,,15.0
59095642,12476179,,Gabel - L 566,109,,
59095641,12476179,,Gabel - L 566,55,,11.0
59095637,93029878,,Standardschaufel - L 566,55,,11.0
59095636,93029878,,Standardschaufel - L 566,73,,15.0
59095635,93029878,,Standardschaufel - L 566,113,,
59095634,93029878,,Standardschaufel - L 566,109,,
59095633,93029878,,Standardschaufel - L 566,63,,15.0
59095632,93029878,,Standardschaufel - L 566,112,,
59095631,93029878,,Standardschaufel - L 566,110,,
59095630,93029878,,Standardschaufel - L 566,111,,
59095629,93029878,,Standardschaufel - L 566,65,,16.0
59095628,93029878,,Standardschaufel - L 566,114,,15.0
59095627,93029878,,Standardschaufel - L 566,26,,15.0
59095626,93029878,,Standardschaufel - L 566,23,,
59094389,776654,,MRT 2150,6,,
59094388,776654,,MRT 2150,30,,
59094387,776654,,MRT 2150,55,17930,11.0
59094386,776654,,MRT 2150,7,,
59094385,776654,,MRT 2150,148,,
59094384,776654,,MRT 2150,50,,
59094383,776654,,MRT 2150,26,2490,
59094382,776654,,MRT 2150,40,20-36,12.0
59094381,776654,,MRT 2150,88,115,10.0
59094380,776654,,MRT 2150,63,3050,
59094379,776654,,MRT 2150,5,Nein,
59094378,776654,,MRT 2150,32,Ja,
59094377,776654,,MRT 2150,64,20700,
59094376,776654,,MRT 2150,87,mercedes,
59094375,776654,,MRT 2150,89,OM934E4-5,
59094374,776654,,MRT 2150,131,5000,11.0
59094373,776654,,MRT 2150,18,13500,15.0
59094372,776654,,MRT 2150,23,,
59094371,776654,,MRT 2150,73,6760,15.0
59094370,776654,,MRT 2150,69,,
58737356,3021733,,APA 55/46,151,,13.0
58737355,3021733,,APA 55/46,14,,6.0
58737354,3021733,,APA 55/46,154,,19.0
58737353,3021733,,APA 55/46,111,,
58737352,3021733,,APA 55/46,113,,
58737351,3021733,,APA 55/46,109,,
58737350,3021733,,APA 55/46,112,,
58737349,3021733,,APA 55/46,63,,15.0
58737348,3021733,,APA 55/46,26,,15.0
58737347,3021733,,APA 55/46,55,,11.0
58737346,3021733,,APA 55/46,73,,15.0
58737345,3021733,,APA 55/46,110,,
58737344,3021733,,APA 55/46,23,,
58737340,KA267385,,GRL 1800 starr,154,,19.0
58737339,KA267385,,GRL 1800 starr,26,1800,15.0
58737338,KA267385,,GRL 1800 starr,110,QC08,
58737337,KA267385,,GRL 1800 starr,63,,15.0
58737336,KA267385,,GRL 1800 starr,112,,
58737335,KA267385,,GRL 1800 starr,114,1800,15.0
58737334,KA267385,,GRL 1800 starr,109,Lehnhoff,
58737333,KA267385,,GRL 1800 starr,65,,16.0
58737332,KA267385,,GRL 1800 starr,111,,
58737331,KA267385,,GRL 1800 starr,113,,
58737330,KA267385,,GRL 1800 starr,55,,11.0
58737329,KA267385,,GRL 1800 starr,73,,15.0
58737322,170002200,,TB 370,99,,
58737321,170002200,,TB 370,141,,
58737320,170002200,,TB 370,110,,
58737319,170002200,,TB 370,23,,
58737318,170002200,,TB 370,137,,
58737317,170002200,,TB 370,26,,15.0
58737316,170002200,,TB 370,112,,
58737315,170002200,,TB 370,108,,
58737314,170002200,,TB 370,55,,11.0
58737313,170002200,,TB 370,69,,
58737312,170002200,,TB 370,73,,15.0
58737311,170002200,,TB 370,6,,
58737310,170002200,,TB 370,145,,
58737309,170002200,,TB 370,63,,15.0
58737308,170002200,,TB 370,66,,
58737307,170002200,,TB 370,148,,
58737306,170002200,,TB 370,120,,
58737305,170002200,,TB 370,56,,15.0
58737304,170002200,,TB 370,57,,
58737303,170002200,,TB 370,128,,
58737302,170002200,,TB 370,60,,
58737301,170002200,,TB 370,89,,
58737300,170002200,,TB 370,111,,
58737299,170002200,,TB 370,58,,
58737298,170002200,,TB 370,88,,10.0
58737297,170002200,,TB 370,7,,
58737296,170002200,,TB 370,113,,
58737295,170002200,,TB 370,109,,
58737294,170002200,,TB 370,30,,
58737293,170002200,,TB 370,87,,
58737292,170002200,,TB 370,106,,
58737291,170002200,,TB 370,140,,
58737290,170002200,,TB 370,78,,15.0
58707858,101762,,TL 350,154,"1,0 - 2,0",19.0
58707857,101762,,TL 350,65,"0,034",16.0
58707856,101762,,TL 350,114,350,15.0
58707855,101762,,TL 350,147,Mini-Z 1,
58707854,101762,,TL 350,12,3,
58707853,101762,,TL 350,110,QC01,
58707852,101762,,TL 350,109,Henle,
58707851,101762,,TL 350,55,,11.0
58707850,101762,,TL 350,63,,15.0
58707849,101762,,TL 350,26,350,15.0
58707848,101762,,TL 350,73,,15.0
58705859,2137646,,HR21 4x4,30,,
58705858,2137646,,HR21 4x4,23,,
58705857,2137646,,HR21 4x4,88,,10.0
58705856,2137646,,HR21 4x4,95,,11.0
58705855,2137646,,HR21 4x4,6,,
58705854,2137646,,HR21 4x4,50,,
58705853,2137646,,HR21 4x4,89,,
58705852,2137646,,HR21 4x4,18,,14.0
58705851,2137646,,HR21 4x4,55,,11.0
58705850,2137646,,HR21 4x4,73,,15.0
58705849,2137646,,HR21 4x4,26,,15.0
58705848,2137646,,HR21 4x4,7,,
58705847,2137646,,HR21 4x4,148,,
58705846,2137646,,HR21 4x4,15,,14.0
58705845,2137646,,HR21 4x4,63,,15.0
58705844,2137646,,HR21 4x4,98,,15.0
58705843,2137646,,HR21 4x4,64,,15.0
58705842,2137646,,HR21 4x4,87,,
58633897,270627,,DG1-400-R,14,,6.0
58633896,270627,,DG1-400-R,154,,19.0
58633895,270627,,DG1-400-R,63,,15.0
58633894,270627,,DG1-400-R,113,,
58633893,270627,,DG1-400-R,110,,
58633892,270627,,DG1-400-R,73,,15.0
58633891,270627,,DG1-400-R,55,,11.0
58633890,270627,,DG1-400-R,114,400,15.0
58633889,270627,,DG1-400-R,109,,
58633888,270627,,DG1-400-R,112,,
58633887,270627,,DG1-400-R,26,,15.0
58633886,270627,,DG1-400-R,23,,
58633885,270627,,DG1-400-R,111,,
58627957,WGH0H270EHAA01673,18189,H 7i,158,,
58627956,WGH0H270EHAA01673,18189,H 7i,124,,1.0
58627955,WGH0H270EHAA01673,18189,H 7i,155,,
58627954,WGH0H270EHAA01673,18189,H 7i,96,,
58627953,WGH0H270EHAA01673,18189,H 7i,136,,
58627952,WGH0H270EHAA01673,18189,H 7i,73,,15.0
58627951,WGH0H270EHAA01673,18189,H 7i,7,,
58627950,WGH0H270EHAA01673,18189,H 7i,63,,15.0
58627949,WGH0H270EHAA01673,18189,H 7i,148,,
58627948,WGH0H270EHAA01673,18189,H 7i,55,,11.0
58627947,WGH0H270EHAA01673,18189,H 7i,88,,10.0
58627946,WGH0H270EHAA01673,18189,H 7i,6,,
58627945,WGH0H270EHAA01673,18189,H 7i,30,,
58627944,WGH0H270EHAA01673,18189,H 7i,69,,
58627943,WGH0H270EHAA01673,18189,H 7i,26,,15.0
58627942,WGH0H270EHAA01673,18189,H 7i,123,,1.0
58627941,WGH0H270EHAA01673,18189,H 7i,135,,11.0
58627940,WGH0H270EHAA01673,18189,H 7i,13,,15.0
58627939,WGH0H270EHAA01673,18189,H 7i,23,,
58627938,WGH0H270EHAA01673,18189,H 7i,87,,
58627937,WGH0H270EHAA01673,18189,H 7i,89,,
58627933,WGH0H270HHAA01672,18190,H 7i,158,,
58627932,WGH0H270HHAA01672,18190,H 7i,124,,1.0
58627931,WGH0H270HHAA01672,18190,H 7i,155,,
58627930,WGH0H270HHAA01672,18190,H 7i,96,,
58627929,WGH0H270HHAA01672,18190,H 7i,136,,
58627928,WGH0H270HHAA01672,18190,H 7i,73,,15.0
58627927,WGH0H270HHAA01672,18190,H 7i,7,,
58627926,WGH0H270HHAA01672,18190,H 7i,63,,15.0
58627925,WGH0H270HHAA01672,18190,H 7i,148,,
58627924,WGH0H270HHAA01672,18190,H 7i,55,,11.0
58627923,WGH0H270HHAA01672,18190,H 7i,88,,10.0
58627922,WGH0H270HHAA01672,18190,H 7i,6,,
58627921,WGH0H270HHAA01672,18190,H 7i,30,,
58627920,WGH0H270HHAA01672,18190,H 7i,69,,
58627919,WGH0H270HHAA01672,18190,H 7i,26,,15.0
58627918,WGH0H270HHAA01672,18190,H 7i,123,,1.0
58627917,WGH0H270HHAA01672,18190,H 7i,135,,11.0
58627916,WGH0H270HHAA01672,18190,H 7i,13,,15.0
58627915,WGH0H270HHAA01672,18190,H 7i,23,,
58627914,WGH0H270HHAA01672,18190,H 7i,87,,
58627913,WGH0H270HHAA01672,18190,H 7i,89,,
58627909,WGH0H270EHAA1656,18191,H 7i,158,,
58627908,WGH0H270EHAA1656,18191,H 7i,124,,1.0
58627907,WGH0H270EHAA1656,18191,H 7i,155,,
58627906,WGH0H270EHAA1656,18191,H 7i,96,,
58627905,WGH0H270EHAA1656,18191,H 7i,136,,
58627904,WGH0H270EHAA1656,18191,H 7i,73,,15.0
58627903,WGH0H270EHAA1656,18191,H 7i,7,,
58627902,WGH0H270EHAA1656,18191,H 7i,63,,15.0
58627901,WGH0H270EHAA1656,18191,H 7i,148,,
58627900,WGH0H270EHAA1656,18191,H 7i,55,,11.0
58627899,WGH0H270EHAA1656,18191,H 7i,88,,10.0
58627898,WGH0H270EHAA1656,18191,H 7i,6,,
58627897,WGH0H270EHAA1656,18191,H 7i,30,,
58627896,WGH0H270EHAA1656,18191,H 7i,69,,
58627895,WGH0H270EHAA1656,18191,H 7i,26,,15.0
58627894,WGH0H270EHAA1656,18191,H 7i,123,,1.0
58627893,WGH0H270EHAA1656,18191,H 7i,135,,11.0
58627892,WGH0H270EHAA1656,18191,H 7i,13,,15.0
58627891,WGH0H270EHAA1656,18191,H 7i,23,,
58627890,WGH0H270EHAA1656,18191,H 7i,87,,
58627889,WGH0H270EHAA1656,18191,H 7i,89,,
58627885,WGH0H270AHAA01684,18192,H 7i,158,,
58627884,WGH0H270AHAA01684,18192,H 7i,124,,1.0
58627883,WGH0H270AHAA01684,18192,H 7i,155,,
58627882,WGH0H270AHAA01684,18192,H 7i,96,,
58627881,WGH0H270AHAA01684,18192,H 7i,136,,
58627880,WGH0H270AHAA01684,18192,H 7i,73,,15.0
58627879,WGH0H270AHAA01684,18192,H 7i,7,,
58627878,WGH0H270AHAA01684,18192,H 7i,63,,15.0
58627877,WGH0H270AHAA01684,18192,H 7i,148,,
58627876,WGH0H270AHAA01684,18192,H 7i,55,,11.0
58627875,WGH0H270AHAA01684,18192,H 7i,88,,10.0
58627874,WGH0H270AHAA01684,18192,H 7i,6,,
58627873,WGH0H270AHAA01684,18192,H 7i,30,,
58627872,WGH0H270AHAA01684,18192,H 7i,69,,
58627871,WGH0H270AHAA01684,18192,H 7i,26,,15.0
58627870,WGH0H270AHAA01684,18192,H 7i,123,,1.0
58627869,WGH0H270AHAA01684,18192,H 7i,135,,11.0
58627868,WGH0H270AHAA01684,18192,H 7i,13,,15.0
58627867,WGH0H270AHAA01684,18192,H 7i,23,,
58627866,WGH0H270AHAA01684,18192,H 7i,87,,
58627865,WGH0H270AHAA01684,18192,H 7i,89,,
58418955,X00034,,TL 800,154,,19.0
58418954,X00034,,TL 800,110,,
58418953,X00034,,TL 800,26,,15.0
58418952,X00034,,TL 800,65,,16.0
58418951,X00034,,TL 800,73,,15.0
58418950,X00034,,TL 800,147,,
58418949,X00034,,TL 800,12,,18.0
58418948,X00034,,TL 800,113,,
58418947,X00034,,TL 800,109,,
58418946,X00034,,TL 800,63,,15.0
58418945,X00034,,TL 800,55,,11.0
58418944,X00034,,TL 800,114,,15.0
58418940,CAT305ECH5M12070,,305E2,99,,
58418939,CAT305ECH5M12070,,305E2,141,,
58418938,CAT305ECH5M12070,,305E2,110,,
58418937,CAT305ECH5M12070,,305E2,23,,
58418936,CAT305ECH5M12070,,305E2,137,,
58418935,CAT305ECH5M12070,,305E2,26,,15.0
58418934,CAT305ECH5M12070,,305E2,112,,
58418933,CAT305ECH5M12070,,305E2,108,,
58418932,CAT305ECH5M12070,,305E2,55,,11.0
58418931,CAT305ECH5M12070,,305E2,69,,
58418930,CAT305ECH5M12070,,305E2,73,,15.0
58418929,CAT305ECH5M12070,,305E2,6,,
58418928,CAT305ECH5M12070,,305E2,145,,
58418927,CAT305ECH5M12070,,305E2,63,,15.0
58418926,CAT305ECH5M12070,,305E2,66,,
58418925,CAT305ECH5M12070,,305E2,148,,
58418924,CAT305ECH5M12070,,305E2,120,,
58418923,CAT305ECH5M12070,,305E2,56,,15.0
58418922,CAT305ECH5M12070,,305E2,57,,
58418921,CAT305ECH5M12070,,305E2,128,,
58418920,CAT305ECH5M12070,,305E2,60,,
58418919,CAT305ECH5M12070,,305E2,89,,
58418918,CAT305ECH5M12070,,305E2,111,,
58418917,CAT305ECH5M12070,,305E2,58,,
58418916,CAT305ECH5M12070,,305E2,88,,10.0
58418915,CAT305ECH5M12070,,305E2,7,,
58418914,CAT305ECH5M12070,,305E2,113,,
58418913,CAT305ECH5M12070,,305E2,109,,
58418912,CAT305ECH5M12070,,305E2,30,,
58418911,CAT305ECH5M12070,,305E2,87,,
58418910,CAT305ECH5M12070,,305E2,106,,
58418909,CAT305ECH5M12070,,305E2,140,,
58418908,CAT305ECH5M12070,,305E2,78,,15.0
58417536,X00030,,TL 400,154,,19.0
58417535,X00030,,TL 400,110,,
58417534,X00030,,TL 400,26,400,15.0
58417533,X00030,,TL 400,65,,16.0
58417532,X00030,,TL 400,73,,15.0
58417531,X00030,,TL 400,147,,
58417530,X00030,,TL 400,12,,18.0
58417529,X00030,,TL 400,113,,
58417528,X00030,,TL 400,109,,
58417527,X00030,,TL 400,63,,15.0
58417526,X00030,,TL 400,55,,11.0
58417525,X00030,,TL 400,114,400,15.0
58417521,X00025,,TL 600,154,,19.0
58417520,X00025,,TL 600,110,,
58417519,X00025,,TL 600,26,600,15.0
58417518,X00025,,TL 600,65,,16.0
58417517,X00025,,TL 600,73,,15.0
58417516,X00025,,TL 600,147,,
58417515,X00025,,TL 600,12,,18.0
58417514,X00025,,TL 600,113,,
58417513,X00025,,TL 600,109,,
58417512,X00025,,TL 600,63,,15.0
58417511,X00025,,TL 600,55,,11.0
58417510,X00025,,TL 600,114,600,15.0
58417506,X00065,,GRL 1400 starr - MS 03,37,,14.0
58417505,X00065,,GRL 1400 starr - MS 03,36,,14.0
58417504,X00065,,GRL 1400 starr - MS 03,154,,19.0
58417503,X00065,,GRL 1400 starr - MS 03,116,,15.0
58417502,X00065,,GRL 1400 starr - MS 03,149,,
58417501,X00065,,GRL 1400 starr - MS 03,111,,
58417500,X00065,,GRL 1400 starr - MS 03,112,,
58417499,X00065,,GRL 1400 starr - MS 03,26,,15.0
58417498,X00065,,GRL 1400 starr - MS 03,55,,11.0
58417497,X00065,,GRL 1400 starr - MS 03,110,,
58417496,X00065,,GRL 1400 starr - MS 03,109,,
58417495,X00065,,GRL 1400 starr - MS 03,23,,
58417494,X00065,,GRL 1400 starr - MS 03,113,,
58417493,X00065,,GRL 1400 starr - MS 03,73,,15.0
58417492,X00065,,GRL 1400 starr - MS 03,63,,15.0
58417488,CAT00305H5X501362,,305CR-07A,99,,
58417487,CAT00305H5X501362,,305CR-07A,141,,
58417486,CAT00305H5X501362,,305CR-07A,110,,
58417485,CAT00305H5X501362,,305CR-07A,23,,
58417484,CAT00305H5X501362,,305CR-07A,137,,
58417483,CAT00305H5X501362,,305CR-07A,26,,15.0
58417482,CAT00305H5X501362,,305CR-07A,112,,
58417481,CAT00305H5X501362,,305CR-07A,108,,
58417480,CAT00305H5X501362,,305CR-07A,55,,11.0
58417479,CAT00305H5X501362,,305CR-07A,69,,
58417478,CAT00305H5X501362,,305CR-07A,73,,15.0
58417477,CAT00305H5X501362,,305CR-07A,6,,
58417476,CAT00305H5X501362,,305CR-07A,145,,
58417475,CAT00305H5X501362,,305CR-07A,63,,15.0
58417474,CAT00305H5X501362,,305CR-07A,66,,
58417473,CAT00305H5X501362,,305CR-07A,148,,
58417472,CAT00305H5X501362,,305CR-07A,120,,
58417471,CAT00305H5X501362,,305CR-07A,56,,15.0
58417470,CAT00305H5X501362,,305CR-07A,57,,
58417469,CAT00305H5X501362,,305CR-07A,128,,
58417468,CAT00305H5X501362,,305CR-07A,60,,
58417467,CAT00305H5X501362,,305CR-07A,89,,
58417466,CAT00305H5X501362,,305CR-07A,111,,
58417465,CAT00305H5X501362,,305CR-07A,58,,
58417464,CAT00305H5X501362,,305CR-07A,88,,10.0
58417463,CAT00305H5X501362,,305CR-07A,7,,
58417462,CAT00305H5X501362,,305CR-07A,113,,
58417461,CAT00305H5X501362,,305CR-07A,109,,
58417460,CAT00305H5X501362,,305CR-07A,30,,
58417459,CAT00305H5X501362,,305CR-07A,87,,
58417458,CAT00305H5X501362,,305CR-07A,106,,
58417457,CAT00305H5X501362,,305CR-07A,140,,
58417456,CAT00305H5X501362,,305CR-07A,78,,15.0
58391264,20098331,,CF 3-II Hd,87,Honda,
58391263,20098331,,CF 3-II Hd,117,,15.0
58391262,20098331,,CF 3-II Hd,88,,10.0
58391261,20098331,,CF 3-II Hd,136,Nein,
58391260,20098331,,CF 3-II Hd,39,Nein,
58391259,20098331,,CF 3-II Hd,29,Nein,
58391258,20098331,,CF 3-II Hd,55,,11.0
58391257,20098331,,CF 3-II Hd,89,4-Takt,
58391256,20098331,,CF 3-II Hd,73,,15.0
58391255,20098331,,CF 3-II Hd,13,,15.0
58391254,20098331,,CF 3-II Hd,85,Nein,
58391253,20098331,,CF 3-II Hd,26,,15.0
58391252,20098331,,CF 3-II Hd,138,,
58391251,20098331,,CF 3-II Hd,104,Nein,
58391250,20098331,,CF 3-II Hd,135,,11.0
58391249,20098331,,CF 3-II Hd,63,,15.0
58391248,20098331,,CF 3-II Hd,84,Ja,
58391247,20098331,,CF 3-II Hd,139,Ja,
58351249,101870701012,,BW 174 AP-AM,155,,
58351248,101870701012,,BW 174 AP-AM,69,,
58351247,101870701012,,BW 174 AP-AM,88,,10.0
58351246,101870701012,,BW 174 AP-AM,54,,
58351245,101870701012,,BW 174 AP-AM,30,,
58351244,101870701012,,BW 174 AP-AM,13,,15.0
58351243,101870701012,,BW 174 AP-AM,23,,
58351242,101870701012,,BW 174 AP-AM,73,,15.0
58351241,101870701012,,BW 174 AP-AM,63,,15.0
58351240,101870701012,,BW 174 AP-AM,135,,11.0
58351239,101870701012,,BW 174 AP-AM,70,,
58351238,101870701012,,BW 174 AP-AM,67,,18.0
58351237,101870701012,,BW 174 AP-AM,87,,
58351236,101870701012,,BW 174 AP-AM,96,,
58351235,101870701012,,BW 174 AP-AM,26,,15.0
58351234,101870701012,,BW 174 AP-AM,89,,
58351233,101870701012,,BW 174 AP-AM,55,,11.0
58351232,101870701012,,BW 174 AP-AM,6,,
58351231,101870701012,,BW 174 AP-AM,148,,
58351230,101870701012,,BW 174 AP-AM,7,,
58351229,101870701012,,BW 174 AP-AM,16,,
58351228,101870701012,,BW 174 AP-AM,136,,
58093213,1192-086899,18185,A 918 Compact,69,,
58093212,1192-086899,18185,A 918 Compact,83,,
58093211,1192-086899,18185,A 918 Compact,23,,
58093210,1192-086899,18185,A 918 Compact,78,,15.0
58093209,1192-086899,18185,A 918 Compact,26,,15.0
58093208,1192-086899,18185,A 918 Compact,113,,
58093207,1192-086899,18185,A 918 Compact,40,,12.0
58093206,1192-086899,18185,A 918 Compact,87,,
58093205,1192-086899,18185,A 918 Compact,128,,
58093204,1192-086899,18185,A 918 Compact,73,,15.0
58093203,1192-086899,18185,A 918 Compact,141,,
58093202,1192-086899,18185,A 918 Compact,6,,
58093201,1192-086899,18185,A 918 Compact,11,,
58093200,1192-086899,18185,A 918 Compact,111,,
58093199,1192-086899,18185,A 918 Compact,112,,
58093198,1192-086899,18185,A 918 Compact,109,,
58093197,1192-086899,18185,A 918 Compact,55,,11.0
58093196,1192-086899,18185,A 918 Compact,110,,
58093195,1192-086899,18185,A 918 Compact,56,,15.0
58093194,1192-086899,18185,A 918 Compact,30,,
58093193,1192-086899,18185,A 918 Compact,89,,
58093192,1192-086899,18185,A 918 Compact,148,,
58093191,1192-086899,18185,A 918 Compact,57,,
58093190,1192-086899,18185,A 918 Compact,120,,
58093189,1192-086899,18185,A 918 Compact,88,,10.0
58093188,1192-086899,18185,A 918 Compact,7,,
58093187,1192-086899,18185,A 918 Compact,137,,
58093186,1192-086899,18185,A 918 Compact,101,,
58093185,1192-086899,18185,A 918 Compact,58,,
58093184,1192-086899,18185,A 918 Compact,140,,
58093183,1192-086899,18185,A 918 Compact,107,,
58093182,1192-086899,18185,A 918 Compact,63,,15.0
58093181,1192-086899,18185,A 918 Compact,106,,
58093180,1192-086899,18185,A 918 Compact,60,,
58093176,SJM00836,18186,907 H,160,,
58093175,SJM00836,18186,907 H,110,,
58093174,SJM00836,18186,907 H,73,,15.0
58093173,SJM00836,18186,907 H,89,,
58093172,SJM00836,18186,907 H,112,,
58093171,SJM00836,18186,907 H,63,,15.0
58093170,SJM00836,18186,907 H,40,,12.0
58093169,SJM00836,18186,907 H,95,,11.0
58093168,SJM00836,18186,907 H,26,,15.0
58093167,SJM00836,18186,907 H,7,,
58093166,SJM00836,18186,907 H,30,,
58093165,SJM00836,18186,907 H,126,,
58093164,SJM00836,18186,907 H,148,,
58093163,SJM00836,18186,907 H,113,,
58093162,SJM00836,18186,907 H,111,,
58093161,SJM00836,18186,907 H,70,,
58093160,SJM00836,18186,907 H,11,,
58093159,SJM00836,18186,907 H,23,,
58093158,SJM00836,18186,907 H,87,,
58093157,SJM00836,18186,907 H,55,,11.0
58093156,SJM00836,18186,907 H,69,,
58093155,SJM00836,18186,907 H,109,,
58093154,SJM00836,18186,907 H,88,,10.0
58093153,SJM00836,18186,907 H,6,,
58093149,JRS00480,18187,907 H2,160,,
58093148,JRS00480,18187,907 H2,110,,
58093147,JRS00480,18187,907 H2,73,,15.0
58093146,JRS00480,18187,907 H2,89,,
58093145,JRS00480,18187,907 H2,112,,
58093144,JRS00480,18187,907 H2,63,,15.0
58093143,JRS00480,18187,907 H2,40,,12.0
58093142,JRS00480,18187,907 H2,95,,11.0
58093141,JRS00480,18187,907 H2,26,,15.0
58093140,JRS00480,18187,907 H2,7,,
58093139,JRS00480,18187,907 H2,30,,
58093138,JRS00480,18187,907 H2,126,,
58093137,JRS00480,18187,907 H2,148,,
58093136,JRS00480,18187,907 H2,113,,
58093135,JRS00480,18187,907 H2,111,,
58093134,JRS00480,18187,907 H2,70,,
58093133,JRS00480,18187,907 H2,11,,
58093132,JRS00480,18187,907 H2,23,,
58093131,JRS00480,18187,907 H2,87,,
58093130,JRS00480,18187,907 H2,55,,11.0
58093129,JRS00480,18187,907 H2,69,,
58093128,JRS00480,18187,907 H2,109,,
58093127,JRS00480,18187,907 H2,88,,10.0
58093126,JRS00480,18187,907 H2,6,,
57966920,VATZ1758AZB076597,,L 566,160,,
57966919,VATZ1758AZB076597,,L 566,110,,
57966918,VATZ1758AZB076597,,L 566,73,,15.0
57966917,VATZ1758AZB076597,,L 566,89,,
57966916,VATZ1758AZB076597,,L 566,112,,
57966915,VATZ1758AZB076597,,L 566,63,,15.0
57966914,VATZ1758AZB076597,,L 566,40,,12.0
57966913,VATZ1758AZB076597,,L 566,95,,11.0
57966912,VATZ1758AZB076597,,L 566,26,,15.0
57966911,VATZ1758AZB076597,,L 566,7,,
57966910,VATZ1758AZB076597,,L 566,30,,
57966909,VATZ1758AZB076597,,L 566,126,,
57966908,VATZ1758AZB076597,,L 566,148,,
57966907,VATZ1758AZB076597,,L 566,113,,
57966906,VATZ1758AZB076597,,L 566,111,,
57966905,VATZ1758AZB076597,,L 566,70,,
57966904,VATZ1758AZB076597,,L 566,11,,
57966903,VATZ1758AZB076597,,L 566,23,,
57966902,VATZ1758AZB076597,,L 566,87,,
57966901,VATZ1758AZB076597,,L 566,55,,11.0
57966900,VATZ1758AZB076597,,L 566,69,,
57966899,VATZ1758AZB076597,,L 566,109,,
57966898,VATZ1758AZB076597,,L 566,88,,10.0
57966897,VATZ1758AZB076597,,L 566,6,,
57858844,101585041014,300532,BW 219 PDH 4i,158,Nein,
57858843,101585041014,300532,BW 219 PDH 4i,124,60,1.0
57858842,101585041014,300532,BW 219 PDH 4i,155,Nein,
57858841,101585041014,300532,BW 219 PDH 4i,136,Ja,
57858840,101585041014,300532,BW 219 PDH 4i,123,62,1.0
57858839,101585041014,300532,BW 219 PDH 4i,23,Nein,
57858838,101585041014,300532,BW 219 PDH 4i,148,Nein,
57858837,101585041014,300532,BW 219 PDH 4i,135,,11.0
57858836,101585041014,300532,BW 219 PDH 4i,69,Ja,
57858835,101585041014,300532,BW 219 PDH 4i,13,2130,15.0
57858834,101585041014,300532,BW 219 PDH 4i,30,Ja,
57858833,101585041014,300532,BW 219 PDH 4i,7,Tier 4f,
57858832,101585041014,300532,BW 219 PDH 4i,6,Stufe V,
57858831,101585041014,300532,BW 219 PDH 4i,88,150,10.0
57858830,101585041014,300532,BW 219 PDH 4i,89,TCD 6.1 L6,
57858829,101585041014,300532,BW 219 PDH 4i,87,Deutz,
57858828,101585041014,300532,BW 219 PDH 4i,55,20000,11.0
57858827,101585041014,300532,BW 219 PDH 4i,63,3060,15.0
57858826,101585041014,300532,BW 219 PDH 4i,26,2300,15.0
57858825,101585041014,300532,BW 219 PDH 4i,73,6500,15.0
57858197,861834092837,300438,BW 65 H,158,Nein,
57858195,861834092837,300438,BW 65 H,54,Nein,
57858194,861834092837,300438,BW 65 H,70,Nein,
57858193,861834092837,300438,BW 65 H,67,0,18.0
57858192,861834092837,300438,BW 65 H,96,Nein,
57858191,861834092837,300438,BW 65 H,16,Nein,
57858190,861834092837,300438,BW 65 H,135,,11.0
57858189,861834092837,300438,BW 65 H,136,Nein,
57858188,861834092837,300438,BW 65 H,13,650,15.0
57858187,861834092837,300438,BW 65 H,148,Nein,
57858186,861834092837,300438,BW 65 H,69,Nein,
57858185,861834092837,300438,BW 65 H,23,Nein,
57858184,861834092837,300438,BW 65 H,30,Nein,
57858183,861834092837,300438,BW 65 H,6,,
57858182,861834092837,300438,BW 65 H,7,,
57858181,861834092837,300438,BW 65 H,88,"8,2",10.0
57858180,861834092837,300438,BW 65 H,89,GX 390,
57858179,861834092837,300438,BW 65 H,87,Honda,
57858178,861834092837,300438,BW 65 H,55,720,11.0
57858177,861834092837,300438,BW 65 H,63,1100,15.0
57858176,861834092837,300438,BW 65 H,26,720,15.0
57858175,861834092837,300438,BW 65 H,73,2130,15.0
57854560,DEQ191031,500324,HB 2000,154,22 - 38,19.0
57854559,DEQ191031,500324,HB 2000,151,150 - 190,13.0
57854558,DEQ191031,500324,HB 2000,14,160 - 180,6.0
57854557,DEQ191031,500324,HB 2000,23,Nein,
57854556,DEQ191031,500324,HB 2000,112,Nein,
57854555,DEQ191031,500324,HB 2000,111,Ja,
57854554,DEQ191031,500324,HB 2000,110,,
57854553,DEQ191031,500324,HB 2000,113,OQ 70/55,
57854552,DEQ191031,500324,HB 2000,109,OilQuick,
57854551,DEQ191031,500324,HB 2000,55,2000,11.0
57854550,DEQ191031,500324,HB 2000,63,,15.0
57854549,DEQ191031,500324,HB 2000,26,,15.0
57854548,DEQ191031,500324,HB 2000,73,,15.0
57854139,BES111068,500312,SB 202 S,154,"2,5 - 6",19.0
57854138,BES111068,500312,SB 202 S,151,35 - 65,13.0
57854137,BES111068,500312,SB 202 S,14,100 - 150,6.0
57854136,BES111068,500312,SB 202 S,23,Nein,
57854135,BES111068,500312,SB 202 S,112,,
57854134,BES111068,500312,SB 202 S,111,,
57854133,BES111068,500312,SB 202 S,110,,
57854132,BES111068,500312,SB 202 S,113,,
57854131,BES111068,500312,SB 202 S,109,Lehnhoff,
57854130,BES111068,500312,SB 202 S,55,200,11.0
57854129,BES111068,500312,SB 202 S,63,400,15.0
57854128,BES111068,500312,SB 202 S,26,200,15.0
57854127,BES111068,500312,SB 202 S,73,1200,15.0
57850363,BES 114147,500318,SB 102,154,"1,1 - 3",19.0
57850362,BES 114147,500318,SB 102,151,16 - 35,13.0
57850361,BES 114147,500318,SB 102,14,100 - 150,6.0
57850360,BES 114147,500318,SB 102,23,Nein,
57850359,BES 114147,500318,SB 102,112,Ja,
57850358,BES 114147,500318,SB 102,111,Nein,
57850355,BES 114147,500318,SB 102,109,Lehnhoff,
57850354,BES 114147,500318,SB 102,55,90,11.0
57850353,BES 114147,500318,SB 102,63,350,15.0
57850352,BES 114147,500318,SB 102,26,250,15.0
57850351,BES 114147,500318,SB 102,73,1000,15.0
57850341,DEQ206741,500377,MG 800,113,OQ 60-5,
57850337,DEQ206741,500377,MG 800,154,10 - 16,19.0
57850336,DEQ206741,500377,MG 800,23,Nein,
57850335,DEQ206741,500377,MG 800,14,350,6.0
57850334,DEQ206741,500377,MG 800,114,,15.0
57850333,DEQ206741,500377,MG 800,112,Nein,
57850332,DEQ206741,500377,MG 800,111,Ja,
57850331,DEQ206741,500377,MG 800,110,,
57850330,DEQ206741,500377,MG 800,109,OilQuick,
57850329,DEQ206741,500377,MG 800,55,925,11.0
57850328,DEQ206741,500377,MG 800,63,1150,15.0
57850327,DEQ206741,500377,MG 800,26,800,15.0
57850326,DEQ206741,500377,MG 800,73,1750,15.0
57850246,DEQ190639,500323,MB 1200,154,15 - 26,19.0
57850245,DEQ190639,500323,MB 1200,151,100 - 140,13.0
57850244,DEQ190639,500323,MB 1200,14,160 - 180,6.0
57850243,DEQ190639,500323,MB 1200,23,Nein,
57850242,DEQ190639,500323,MB 1200,112,Nein,
57850240,DEQ190639,500323,MB 1200,111,Ja,
57850239,DEQ190639,500323,MB 1200,110,,
57850238,DEQ190639,500323,MB 1200,113,OQ 70/55,
57850237,DEQ190639,500323,MB 1200,109,OilQuick,
57850236,DEQ190639,500323,MB 1200,55,1200,11.0
57850235,DEQ190639,500323,MB 1200,63,800,15.0
57850234,DEQ190639,500323,MB 1200,26,750,15.0
57850233,DEQ190639,500323,MB 1200,73,2400,15.0
57850073,DEQ199388,500343,DP 2000,14,350,6.0
57849863,DEQ199388,500343,DP 2000,154,18 - 27,19.0
57849862,DEQ199388,500343,DP 2000,23,Nein,
57849861,DEQ199388,500343,DP 2000,112,Nein,
57849860,DEQ199388,500343,DP 2000,111,Ja,
57849859,DEQ199388,500343,DP 2000,110,,
57849858,DEQ199388,500343,DP 2000,113,OQ 70/55,
57849857,DEQ199388,500343,DP 2000,109,OilQuick,
57849856,DEQ199388,500343,DP 2000,25,85,19.0
57849855,DEQ199388,500343,DP 2000,55,2130,11.0
57849854,DEQ199388,500343,DP 2000,63,680,15.0
57849853,DEQ199388,500343,DP 2000,26,1725,15.0
57849852,DEQ199388,500343,DP 2000,73,2320,15.0
57849804,DEQ 196369,500342,MG 1800,154,20 - 28,19.0
57849802,DEQ 196369,500342,MG 1800,14,350,6.0
57849801,DEQ 196369,500342,MG 1800,114,2014,15.0
57849800,DEQ 196369,500342,MG 1800,112,Nein,
57849799,DEQ 196369,500342,MG 1800,111,Ja,
57849798,DEQ 196369,500342,MG 1800,110,,
57849797,DEQ 196369,500342,MG 1800,113,OQ 70/55,
57849796,DEQ 196369,500342,MG 1800,109,OilQuick,
57849795,DEQ 196369,500342,MG 1800,55,1830,11.0
57849794,DEQ 196369,500342,MG 1800,63,1800,15.0
57849793,DEQ 196369,500342,MG 1800,26,800,15.0
57849792,DEQ 196369,500342,MG 1800,73,2000,15.0
57707691,50762,18122,202 EC-B 10 Litronic,53,,19.0
57707690,50762,18122,202 EC-B 10 Litronic,146,,
57707689,50762,18122,202 EC-B 10 Litronic,69,,
57707688,50762,18122,202 EC-B 10 Litronic,19,,14.0
57707687,50762,18122,202 EC-B 10 Litronic,148,,
57707686,50762,18122,202 EC-B 10 Litronic,48,,3.0
57707685,50762,18122,202 EC-B 10 Litronic,93,,5.0
57707684,50762,18122,202 EC-B 10 Litronic,18,,14.0
57707683,50762,18122,202 EC-B 10 Litronic,131,,11.0
57707682,50762,18122,202 EC-B 10 Litronic,59,,14.0
57707681,50762,18122,202 EC-B 10 Litronic,66,,
57707680,50762,18122,202 EC-B 10 Litronic,94,,2.0
57707679,50762,18122,202 EC-B 10 Litronic,130,,11.0
57707678,50762,18122,202 EC-B 10 Litronic,76,,10.0
57707677,50762,18122,202 EC-B 10 Litronic,133,,
57707676,50762,18122,202 EC-B 10 Litronic,5,,
57707675,50762,18122,202 EC-B 10 Litronic,50,,
57706371,50348,18121,202 EC-B 10 Litronic,53,,19.0
57706370,50348,18121,202 EC-B 10 Litronic,146,,
57706369,50348,18121,202 EC-B 10 Litronic,69,,
57706368,50348,18121,202 EC-B 10 Litronic,19,,14.0
57706367,50348,18121,202 EC-B 10 Litronic,148,,
57706366,50348,18121,202 EC-B 10 Litronic,48,,3.0
57706365,50348,18121,202 EC-B 10 Litronic,93,,5.0
57706364,50348,18121,202 EC-B 10 Litronic,18,,14.0
57706363,50348,18121,202 EC-B 10 Litronic,131,,11.0
57706362,50348,18121,202 EC-B 10 Litronic,59,,14.0
57706361,50348,18121,202 EC-B 10 Litronic,66,,
57706360,50348,18121,202 EC-B 10 Litronic,94,,2.0
57706359,50348,18121,202 EC-B 10 Litronic,130,,11.0
57706358,50348,18121,202 EC-B 10 Litronic,76,,10.0
57706357,50348,18121,202 EC-B 10 Litronic,133,,
57706356,50348,18121,202 EC-B 10 Litronic,5,,
57706355,50348,18121,202 EC-B 10 Litronic,50,,
57675290,933306230089,,Standardschaufel - 5040,55,,11.0
57675289,933306230089,,Standardschaufel - 5040,73,1400,15.0
57675288,933306230089,,Standardschaufel - 5040,113,,
57675287,933306230089,,Standardschaufel - 5040,109,,
57675286,933306230089,,Standardschaufel - 5040,63,,15.0
57675285,933306230089,,Standardschaufel - 5040,112,,
57675284,933306230089,,Standardschaufel - 5040,110,,
57675283,933306230089,,Standardschaufel - 5040,111,,
57675282,933306230089,,Standardschaufel - 5040,65,,16.0
57675281,933306230089,,Standardschaufel - 5040,114,1400,15.0
57675280,933306230089,,Standardschaufel - 5040,26,,15.0
57675279,933306230089,,Standardschaufel - 5040,23,,
57675275,3381062307620,,Gabel - 5040,73,800,15.0
57675274,3381062307620,,Gabel - 5040,113,,
57675273,3381062307620,,Gabel - 5040,63,,15.0
57675272,3381062307620,,Gabel - 5040,95,900,11.0
57675271,3381062307620,,Gabel - 5040,110,,
57675270,3381062307620,,Gabel - 5040,112,,
57675269,3381062307620,,Gabel - 5040,111,,
57675268,3381062307620,,Gabel - 5040,26,,15.0
57675267,3381062307620,,Gabel - 5040,109,,
57675266,3381062307620,,Gabel - 5040,55,,11.0
57675262,WNK35801CP0001621,,5040,110,,
57675261,WNK35801CP0001621,,5040,73,4090,15.0
57675260,WNK35801CP0001621,,5040,89,3 TNV 86 CT,
57675259,WNK35801CP0001621,,5040,112,,
57675258,WNK35801CP0001621,,5040,63,2170,15.0
57675257,WNK35801CP0001621,,5040,40,20,12.0
57675256,WNK35801CP0001621,,5040,95,900,11.0
57675255,WNK35801CP0001621,,5040,26,1260,15.0
57675254,WNK35801CP0001621,,5040,7,,
57675253,WNK35801CP0001621,,5040,30,Ja,
57675252,WNK35801CP0001621,,5040,126,Nein,
57675251,WNK35801CP0001621,,5040,148,Nein,
57675250,WNK35801CP0001621,,5040,113,,
57675249,WNK35801CP0001621,,5040,111,Ja,
57675248,WNK35801CP0001621,,5040,70,Nein,
57675247,WNK35801CP0001621,,5040,11,Ja,
57675246,WNK35801CP0001621,,5040,23,Nein,
57675245,WNK35801CP0001621,,5040,87,Yanmar,
57675244,WNK35801CP0001621,,5040,55,2070,11.0
57675243,WNK35801CP0001621,,5040,69,Nein,
57675242,WNK35801CP0001621,,5040,109,,
57675241,WNK35801CP0001621,,5040,88,"28,5",10.0
57675240,WNK35801CP0001621,,5040,6,Stufe V,
57672344,2308888,,TL 1200,154,16 - 21,19.0
57672343,2308888,,TL 1200,26,1200,15.0
57672342,2308888,,TL 1200,65,"0,900",16.0
57672341,2308888,,TL 1200,73,1550,15.0
57672340,2308888,,TL 1200,147,CAT J300,
57672339,2308888,,TL 1200,12,5,18.0
57672338,2308888,,TL 1200,113,OQ 70/55,
57672337,2308888,,TL 1200,109,OilQuick,
57672336,2308888,,TL 1200,63,1200,15.0
57672335,2308888,,TL 1200,55,710,11.0
57672334,2308888,,TL 1200,114,1200,15.0
57672330,2308887,,TL 800,154,16 - 21,19.0
57672328,2308887,,TL 800,26,800,15.0
57672327,2308887,,TL 800,65,"0,540",16.0
57672326,2308887,,TL 800,73,1570,15.0
57672325,2308887,,TL 800,147,Cat J300,
57672324,2308887,,TL 800,12,4,18.0
57672323,2308887,,TL 800,113,OQ 70/55,
57672322,2308887,,TL 800,109,OilQuick,
57672321,2308887,,TL 800,63,1220,15.0
57672320,2308887,,TL 800,55,640,11.0
57672319,2308887,,TL 800,114,800,15.0
57672315,2308886,,TL 800,154,16 - 21,19.0
57672313,2308886,,TL 800,26,800,15.0
57672312,2308886,,TL 800,65,"0,540",16.0
57672311,2308886,,TL 800,73,1550,15.0
57672310,2308886,,TL 800,147,Cat J300,
57672309,2308886,,TL 800,12,4,18.0
57672308,2308886,,TL 800,113,OQ 70/55,
57672307,2308886,,TL 800,109,OilQuick,
57672306,2308886,,TL 800,63,1220,15.0
57672305,2308886,,TL 800,55,520,11.0
57672304,2308886,,TL 800,114,800,15.0
57672300,2308885,,GRL 1800,154,16 - 21,19.0
57672299,2308885,,GRL 1800,114,1800,15.0
57672298,2308885,,GRL 1800,55,,11.0
57672297,2308885,,GRL 1800,63,,15.0
57672296,2308885,,GRL 1800,65,"0,64",16.0
57672295,2308885,,GRL 1800,73,,15.0
57672294,2308885,,GRL 1800,26,1800,15.0
57672293,2308885,,GRL 1800,109,OilQuick,
57672292,2308885,,GRL 1800,113,OQ 70/55,
57672281,101921831006,300749,BW 206 AD-5 AM,136,Ja,
57672280,101921831006,300749,BW 206 AD-5 AM,16,Ja,
57672279,101921831006,300749,BW 206 AD-5 AM,7,Tier 4f,
57672278,101921831006,300749,BW 206 AD-5 AM,148,Nein,
57672277,101921831006,300749,BW 206 AD-5 AM,6,Stufe V,
57672276,101921831006,300749,BW 206 AD-5 AM,55,16000,11.0
57672275,101921831006,300749,BW 206 AD-5 AM,89,TCD 4.1 L04,
57672274,101921831006,300749,BW 206 AD-5 AM,26,2313,15.0
57672273,101921831006,300749,BW 206 AD-5 AM,96,Nein,
57672272,101921831006,300749,BW 206 AD-5 AM,87,Deutz,
57672271,101921831006,300749,BW 206 AD-5 AM,67,1,18.0
57672270,101921831006,300749,BW 206 AD-5 AM,70,Ja,
57672269,101921831006,300749,BW 206 AD-5 AM,135,,11.0
57672268,101921831006,300749,BW 206 AD-5 AM,63,3098,15.0
57672267,101921831006,300749,BW 206 AD-5 AM,73,5300,15.0
57672266,101921831006,300749,BW 206 AD-5 AM,23,Nein,
57672265,101921831006,300749,BW 206 AD-5 AM,13,2135,15.0
57672264,101921831006,300749,BW 206 AD-5 AM,30,Ja,
57672263,101921831006,300749,BW 206 AD-5 AM,54,Nein,
57672262,101921831006,300749,BW 206 AD-5 AM,88,105,10.0
57672261,101921831006,300749,BW 206 AD-5 AM,69,Ja,
57672260,101921831006,300749,BW 206 AD-5 AM,155,Ja,
57672259,101921831006,300749,BW 206 AD-5 AM,158,Nein,
57671519,101689,,"TS - 256 HC, L=12,42 m",133,,
57671518,101689,,"TS - 256 HC, L=12,42 m",55,,11.0
57671517,101689,,"TS - 256 HC, L=12,42 m",63,,15.0
57671516,101689,,"TS - 256 HC, L=12,42 m",73,,15.0
57671515,101689,,"TS - 256 HC, L=12,42 m",26,,15.0
57671502,101685,,UW TS - 256 HC,133,256 HC,
57671501,101685,,UW TS - 256 HC,55,,11.0
57671500,101685,,UW TS - 256 HC,63,,15.0
57671499,101685,,UW TS - 256 HC,73,,15.0
57671498,101685,,UW TS - 256 HC,26,,15.0
57671494,43542,18141,180 EC-H 10 Litronic,53,,19.0
57671493,43542,18141,180 EC-H 10 Litronic,146,,
57671492,43542,18141,180 EC-H 10 Litronic,69,,
57671491,43542,18141,180 EC-H 10 Litronic,19,,14.0
57671490,43542,18141,180 EC-H 10 Litronic,148,,
57671489,43542,18141,180 EC-H 10 Litronic,48,,3.0
57671488,43542,18141,180 EC-H 10 Litronic,93,,5.0
57671487,43542,18141,180 EC-H 10 Litronic,18,,14.0
57671486,43542,18141,180 EC-H 10 Litronic,131,,11.0
57671485,43542,18141,180 EC-H 10 Litronic,59,,14.0
57671484,43542,18141,180 EC-H 10 Litronic,66,,
57671483,43542,18141,180 EC-H 10 Litronic,94,,2.0
57671482,43542,18141,180 EC-H 10 Litronic,130,,11.0
57671481,43542,18141,180 EC-H 10 Litronic,76,,10.0
57671480,43542,18141,180 EC-H 10 Litronic,133,,
57671479,43542,18141,180 EC-H 10 Litronic,5,,
57671478,43542,18141,180 EC-H 10 Litronic,50,,
57667521,2308884,,TL 1000,154,21 - 26,19.0
57667520,2308884,,TL 1000,110,,
57667519,2308884,,TL 1000,26,1000,15.0
57667518,2308884,,TL 1000,65,"0,790",16.0
57667517,2308884,,TL 1000,73,,15.0
57667516,2308884,,TL 1000,147,,
57667515,2308884,,TL 1000,12,,18.0
57667514,2308884,,TL 1000,113,OQ 70/55,
57667513,2308884,,TL 1000,109,OilQuick,
57667512,2308884,,TL 1000,63,,15.0
57667511,2308884,,TL 1000,55,810,11.0
57667510,2308884,,TL 1000,114,1000,15.0
57667502,2308883,,TL 800,154,21 - 26,19.0
57667501,2308883,,TL 800,110,,
57667500,2308883,,TL 800,26,800,15.0
57667499,2308883,,TL 800,65,"0,585",16.0
57667498,2308883,,TL 800,73,,15.0
57667497,2308883,,TL 800,147,,
57667496,2308883,,TL 800,12,,18.0
57667495,2308883,,TL 800,113,OQ 70/55,
57667494,2308883,,TL 800,109,OilQuick,
57667493,2308883,,TL 800,63,,15.0
57667492,2308883,,TL 800,55,710,11.0
57667491,2308883,,TL 800,114,800,15.0
57667483,2308882,,TL 600,154,16 - 21,19.0
57667482,2308882,,TL 600,110,,
57667481,2308882,,TL 600,26,600,15.0
57667480,2308882,,TL 600,65,"0,360",16.0
57667479,2308882,,TL 600,73,,15.0
57667478,2308882,,TL 600,147,,
57667477,2308882,,TL 600,12,,18.0
57667476,2308882,,TL 600,113,OQ 70/55,
57667475,2308882,,TL 600,109,OilQuick,
57667474,2308882,,TL 600,63,,15.0
57667473,2308882,,TL 600,55,510,11.0
57667472,2308882,,TL 600,114,600,15.0
57667464,2308881,,GRL 2000,154,16 - 21,19.0
57667463,2308881,,GRL 2000,114,2000,15.0
57667462,2308881,,GRL 2000,55,1100,11.0
57667461,2308881,,GRL 2000,63,,15.0
57667460,2308881,,GRL 2000,65,"0,72",16.0
57667459,2308881,,GRL 2000,73,,15.0
57667458,2308881,,GRL 2000,26,2000,15.0
57667457,2308881,,GRL 2000,109,OilQuick,
57667456,2308881,,GRL 2000,113,OQ 70/55,
57639772,101679,,Verschmälerung - AB 200 TV - R,149,AB 200 TV,
57639771,101679,,Verschmälerung - AB 200 TV - R,26,,15.0
57639770,101679,,Verschmälerung - AB 200 TV - R,55,,11.0
57639769,101679,,Verschmälerung - AB 200 TV - R,73,,15.0
57639768,101679,,Verschmälerung - AB 200 TV - R,63,,15.0
57639764,101678,,Verschmälerung - AB 200 TV - L,149,AB 200 TV,
57639763,101678,,Verschmälerung - AB 200 TV - L,26,,15.0
57639762,101678,,Verschmälerung - AB 200 TV - L,55,,11.0
57639761,101678,,Verschmälerung - AB 200 TV - L,73,,15.0
57639760,101678,,Verschmälerung - AB 200 TV - L,63,,15.0
57639756,26VB1128R,,Verbreiterung - AB 200 TV - 600R,149,AB 200 TV,
57639755,26VB1128R,,Verbreiterung - AB 200 TV - 600R,26,600,15.0
57639751,26VB1128L,,Verbreiterung - AB 200 TV - 600L,149,AB 200 TV,
57639750,26VB1128L,,Verbreiterung - AB 200 TV - 600L,26,600,15.0
57639746,09901041,,Super 800i,152,bis 20,15.0
57639745,09901041,,Super 800i,52,Nein,
57639744,09901041,,Super 800i,38,"3,20",14.0
57639743,09901041,,Super 800i,37,"3,20",14.0
57639742,09901041,,Super 800i,36,"1,10 - 2,20",14.0
57639741,09901041,,Super 800i,149,AB 200 TV,
57639740,09901041,,Super 800i,73,4760,15.0
57639739,09901041,,Super 800i,89,TCD 2.9 L4,
57639738,09901041,,Super 800i,88,"55,4",10.0
57639736,09901041,,Super 800i,35,Ja,
57639735,09901041,,Super 800i,127,Nein,
57639734,09901041,,Super 800i,148,Nein,
57639733,09901041,,Super 800i,8,Nein,
57639732,09901041,,Super 800i,26,1400,15.0
57639731,09901041,,Super 800i,7,Tier 4f,
57639730,09901041,,Super 800i,63,1980,15.0
57639729,09901041,,Super 800i,87,Deutz,
57639728,09901041,,Super 800i,27,mechanisch,
57639727,09901041,,Super 800i,23,Nein,
57639726,09901041,,Super 800i,132,Nein,
57639725,09901041,,Super 800i,34,300,20.0
57639724,09901041,,Super 800i,30,Ja,
57639723,09901041,,Super 800i,6,Stufe V,
57639722,09901041,,Super 800i,55,6500,11.0
57634249,101674,,UW TS - 120 HC,133,120 HC,
57634248,101674,,UW TS - 120 HC,55,,11.0
57634247,101674,,UW TS - 120 HC,63,,15.0
57634246,101674,,UW TS - 120 HC,73,,15.0
57634245,101674,,UW TS - 120 HC,26,,15.0
57634229,45834,18140,140 EC-H 6 Litronic,53,,19.0
57634228,45834,18140,140 EC-H 6 Litronic,146,,
57634227,45834,18140,140 EC-H 6 Litronic,69,,
57634226,45834,18140,140 EC-H 6 Litronic,19,,14.0
57634225,45834,18140,140 EC-H 6 Litronic,148,,
57634224,45834,18140,140 EC-H 6 Litronic,48,,3.0
57634223,45834,18140,140 EC-H 6 Litronic,93,,5.0
57634222,45834,18140,140 EC-H 6 Litronic,18,,14.0
57634221,45834,18140,140 EC-H 6 Litronic,131,,11.0
57634220,45834,18140,140 EC-H 6 Litronic,59,,14.0
57634219,45834,18140,140 EC-H 6 Litronic,66,,
57634218,45834,18140,140 EC-H 6 Litronic,94,,2.0
57634217,45834,18140,140 EC-H 6 Litronic,130,,11.0
57634216,45834,18140,140 EC-H 6 Litronic,76,,10.0
57634215,45834,18140,140 EC-H 6 Litronic,133,,
57634214,45834,18140,140 EC-H 6 Litronic,5,,
57634213,45834,18140,140 EC-H 6 Litronic,50,,
57633799,101586221004,300395,BW 213 DH+P-5,89,TCD 4.1,
57633798,101586221004,300395,BW 213 DH+P-5,87,Deutz,
57633797,101586221004,300395,BW 213 DH+P-5,23,Nein,
57633796,101586221004,300395,BW 213 DH+P-5,13,2130,15.0
57633795,101586221004,300395,BW 213 DH+P-5,135,,11.0
57633794,101586221004,300395,BW 213 DH+P-5,123,60,1.0
57633793,101586221004,300395,BW 213 DH+P-5,26,2270,15.0
57633792,101586221004,300395,BW 213 DH+P-5,69,,
57633791,101586221004,300395,BW 213 DH+P-5,30,,
57633790,101586221004,300395,BW 213 DH+P-5,6,Stufe V,
57633789,101586221004,300395,BW 213 DH+P-5,88,,10.0
57633788,101586221004,300395,BW 213 DH+P-5,55,15800,11.0
57633787,101586221004,300395,BW 213 DH+P-5,148,Nein,
57633786,101586221004,300395,BW 213 DH+P-5,63,2990,15.0
57633785,101586221004,300395,BW 213 DH+P-5,7,Tier 4f,
57633784,101586221004,300395,BW 213 DH+P-5,73,5870,15.0
57633783,101586221004,300395,BW 213 DH+P-5,136,Ja,
57633782,101586221004,300395,BW 213 DH+P-5,96,Nein,
57633781,101586221004,300395,BW 213 DH+P-5,155,Nein,
57633780,101586221004,300395,BW 213 DH+P-5,124,57,1.0
57633779,101586221004,300395,BW 213 DH+P-5,158,Nein,
57633751,101870941182,300698,BW 174 AP-4f AM,136,Ja,
57633750,101870941182,300698,BW 174 AP-4f AM,16,Ja,
57633748,101870941182,300698,BW 174 AP-4f AM,148,Nein,
57633746,101870941182,300698,BW 174 AP-4f AM,55,9500,11.0
57633744,101870941182,300698,BW 174 AP-4f AM,26,1826,15.0
57633743,101870941182,300698,BW 174 AP-4f AM,96,Nein,
57633730,101870941182,300698,BW 174 AP-4f AM,67,2,18.0
57633729,101870941182,300698,BW 174 AP-4f AM,70,Ja,
57633728,101870941182,300698,BW 174 AP-4f AM,135,,11.0
57633727,101870941182,300698,BW 174 AP-4f AM,63,3000,15.0
57633726,101870941182,300698,BW 174 AP-4f AM,73,4420,15.0
57633725,101870941182,300698,BW 174 AP-4f AM,23,Nein,
57633724,101870941182,300698,BW 174 AP-4f AM,13,1680,15.0
57633723,101870941182,300698,BW 174 AP-4f AM,30,Ja,
57633722,101870941182,300698,BW 174 AP-4f AM,54,Ja,
57633721,101870941182,300698,BW 174 AP-4f AM,88,"74,4",10.0
57633720,101870941182,300698,BW 174 AP-4f AM,69,Nein,
57633719,101870941182,300698,BW 174 AP-4f AM,155,Ja,
57633718,101870941182,300698,BW 174 AP-4f AM,158,Ja,
57605191,232150151,,G 800,154,,19.0
57605190,232150151,,G 800,73,,15.0
57605189,232150151,,G 800,26,800,15.0
57605188,232150151,,G 800,65,,16.0
57605187,232150151,,G 800,23,Nein,
57605186,232150151,,G 800,12,7,18.0
57605185,232150151,,G 800,55,1170,11.0
57605184,232150151,,G 800,109,OilQuick,
57605183,232150151,,G 800,111,Ja,
57605182,232150151,,G 800,113,OQ 70/55,
57605181,232150151,,G 800,63,,15.0
57605180,232150151,,G 800,114,800,15.0
57605179,232150151,,G 800,147,,
57602810,101660,,UW TS - 120 HC,133,120 HC,
57602809,101660,,UW TS - 120 HC,55,,11.0
57602808,101660,,UW TS - 120 HC,63,,15.0
57602807,101660,,UW TS - 120 HC,73,,15.0
57602806,101660,,UW TS - 120 HC,26,,15.0
57602802,46446,18142,140 EC-H 6 Litronic,53,,19.0
57602801,46446,18142,140 EC-H 6 Litronic,146,,
57602800,46446,18142,140 EC-H 6 Litronic,69,,
57602799,46446,18142,140 EC-H 6 Litronic,19,,14.0
57602798,46446,18142,140 EC-H 6 Litronic,148,,
57602797,46446,18142,140 EC-H 6 Litronic,48,,3.0
57602796,46446,18142,140 EC-H 6 Litronic,93,,5.0
57602795,46446,18142,140 EC-H 6 Litronic,18,,14.0
57602794,46446,18142,140 EC-H 6 Litronic,131,,11.0
57602793,46446,18142,140 EC-H 6 Litronic,59,,14.0
57602792,46446,18142,140 EC-H 6 Litronic,66,,
57602791,46446,18142,140 EC-H 6 Litronic,94,,2.0
57602790,46446,18142,140 EC-H 6 Litronic,130,,11.0
57602789,46446,18142,140 EC-H 6 Litronic,76,,10.0
57602788,46446,18142,140 EC-H 6 Litronic,133,,
57602787,46446,18142,140 EC-H 6 Litronic,5,,
57602786,46446,18142,140 EC-H 6 Litronic,50,,
57599839,92879,500344,35 Dual PowerMaster Typ 2300,63,,15.0
57599838,92879,500344,35 Dual PowerMaster Typ 2300,73,,15.0
57599837,92879,500344,35 Dual PowerMaster Typ 2300,23,Nein,
57599836,92879,500344,35 Dual PowerMaster Typ 2300,55,900,11.0
57599835,92879,500344,35 Dual PowerMaster Typ 2300,26,2300,15.0
57599834,92879,500344,35 Dual PowerMaster Typ 2300,112,Ja,
57599833,92879,500344,35 Dual PowerMaster Typ 2300,111,Nein,
57599691,BG 1137,300102,TL 400,114,400,15.0
57599690,BG 1137,300102,TL 400,55,,11.0
57599689,BG 1137,300102,TL 400,63,1000,15.0
57599688,BG 1137,300102,TL 400,109,OilQuick,
57599687,BG 1137,300102,TL 400,113,OQ 60-5,
57599686,BG 1137,300102,TL 400,12,0,18.0
57599685,BG 1137,300102,TL 400,147,Schneide,
57599684,BG 1137,300102,TL 400,73,1200,15.0
57599683,BG 1137,300102,TL 400,65,,16.0
57599682,BG 1137,300102,TL 400,26,400,15.0
57599681,BG 1137,300102,TL 400,110,,
57599680,BG 1137,300102,TL 400,154,8 - 17,19.0
57599102,ESF201687,300396,QLB 60,6,,
57599101,ESF201687,300396,QLB 60,73,1160,15.0
57599100,ESF201687,300396,QLB 60,87,Hatz,
57599099,ESF201687,300396,QLB 60,26,1160,15.0
57599098,ESF201687,300396,QLB 60,88,"2,7",10.0
57599097,ESF201687,300396,QLB 60,55,970,11.0
57599096,ESF201687,300396,QLB 60,30,,
57599095,ESF201687,300396,QLB 60,7,,
57599094,ESF201687,300396,QLB 60,74,,17.0
57599093,ESF201687,300396,QLB 60,29,Ja,
57599092,ESF201687,300396,QLB 60,63,2570,15.0
57599091,ESF201687,300396,QLB 60,89,1 B 50,
57599090,ESF201687,300396,QLB 60,110,,
57599088,20093090,,DVH 600 L-2,155,Nein,
57599087,20093090,,DVH 600 L-2,69,Nein,
57599086,20093090,,DVH 600 L-2,88,"4,6",10.0
57599085,20093090,,DVH 600 L-2,54,Nein,
57599084,20093090,,DVH 600 L-2,30,Nein,
57599083,20093090,,DVH 600 L-2,13,650,15.0
57599082,20093090,,DVH 600 L-2,23,Nein,
57599081,20093090,,DVH 600 L-2,73,1885,15.0
57599080,20093090,,DVH 600 L-2,63,1046,15.0
57599079,20093090,,DVH 600 L-2,135,,11.0
57599078,20093090,,DVH 600 L-2,70,Nein,
57599077,20093090,,DVH 600 L-2,67,0,18.0
57599076,20093090,,DVH 600 L-2,87,Kohler,
57599075,20093090,,DVH 600 L-2,96,Nein,
57599074,20093090,,DVH 600 L-2,26,755,15.0
57599073,20093090,,DVH 600 L-2,89,KD 15-350,
57599072,20093090,,DVH 600 L-2,55,420,11.0
57599070,20093090,,DVH 600 L-2,148,Nein,
57599068,20093090,,DVH 600 L-2,16,Nein,
57599067,20093090,,DVH 600 L-2,136,Nein,
57598939,DEQ170514,500253,MB 750,26,,15.0
57598938,DEQ170514,500253,MB 750,55,750,11.0
57598937,DEQ170514,500253,MB 750,110,,
57598936,DEQ170514,500253,MB 750,113,OQ 60-5,
57598935,DEQ170514,500253,MB 750,111,Ja,
57598934,DEQ170514,500253,MB 750,63,,15.0
57598933,DEQ170514,500253,MB 750,73,,15.0
57598932,DEQ170514,500253,MB 750,23,Nein,
57598931,DEQ170514,500253,MB 750,112,Nein,
57598930,DEQ170514,500253,MB 750,109,OilQuick,
57598929,DEQ170514,500253,MB 750,154,10 - 17,19.0
57598928,DEQ170514,500253,MB 750,14,140 - 170,6.0
57598927,DEQ170514,500253,MB 750,151,80 - 120,13.0
57598514,BGF094837,300385,LF 80,73,570,15.0
57598513,BGF094837,300385,LF 80,26,420,15.0
57598512,BGF094837,300385,LF 80,63,960,15.0
57598511,BGF094837,300385,LF 80,13,420,15.0
57598510,BGF094837,300385,LF 80,29,Nein,
57598509,BGF094837,300385,LF 80,39,Nein,
57598508,BGF094837,300385,LF 80,55,82,11.0
57598507,BGF094837,300385,LF 80,84,Ja,
57598506,BGF094837,300385,LF 80,85,Nein,
57598505,BGF094837,300385,LF 80,87,Honda,
57598504,BGF094837,300385,LF 80,89,GX160,
57598503,BGF094837,300385,LF 80,88,"4,1",10.0
57598502,BGF094837,300385,LF 80,104,Nein,
57598501,BGF094837,300385,LF 80,117,,15.0
57598500,BGF094837,300385,LF 80,135,,11.0
57598499,BGF094837,300385,LF 80,136,Nein,
57598498,BGF094837,300385,LF 80,138,Nein,
57598497,BGF094837,300385,LF 80,139,Ja,
57598448,0098 DEQ142032,300307,MB 1500,26,,15.0
57598447,0098 DEQ142032,300307,MB 1500,55,1500,11.0
57598446,0098 DEQ142032,300307,MB 1500,110,,
57598445,0098 DEQ142032,300307,MB 1500,113,OQ 70/55,
57598444,0098 DEQ142032,300307,MB 1500,111,Ja,
57598443,0098 DEQ142032,300307,MB 1500,63,,15.0
57598442,0098 DEQ142032,300307,MB 1500,73,,15.0
57598441,0098 DEQ142032,300307,MB 1500,23,Nein,
57598440,0098 DEQ142032,300307,MB 1500,112,Nein,
57598439,0098 DEQ142032,300307,MB 1500,109,OilQuick,
57598438,0098 DEQ142032,300307,MB 1500,154,17 - 29,19.0
57598437,0098 DEQ142032,300307,MB 1500,14,160 - 180,6.0
57598436,0098 DEQ142032,300307,MB 1500,151,120 - 155,13.0
57598346,232150152,,G 800,154,13-20,19.0
57598345,232150152,,G 800,73,,15.0
57598344,232150152,,G 800,26,800,15.0
57598343,232150152,,G 800,65,,16.0
57598342,232150152,,G 800,23,,
57598341,232150152,,G 800,12,7,18.0
57598340,232150152,,G 800,55,880,11.0
57598339,232150152,,G 800,109,OilQuick,
57598338,232150152,,G 800,111,Ja,
57598337,232150152,,G 800,113,OQ 70/55,
57598336,232150152,,G 800,63,,15.0
57598335,232150152,,G 800,114,800,15.0
57598334,232150152,,G 800,147,,
57598319,BES056174,500296,SB 552,26,420,15.0
57598318,BES056174,500296,SB 552,55,600,11.0
57598317,BES056174,500296,SB 552,110,,
57598316,BES056174,500296,SB 552,113,OQ 60-5,
57598315,BES056174,500296,SB 552,111,Ja,
57598314,BES056174,500296,SB 552,63,660,15.0
57598313,BES056174,500296,SB 552,73,1600,15.0
57598312,BES056174,500296,SB 552,23,Nein,
57598311,BES056174,500296,SB 552,112,Nein,
57598310,BES056174,500296,SB 552,109,OilQuick,
57598309,BES056174,500296,SB 552,154,9 - 15,19.0
57598308,BES056174,500296,SB 552,14,100 - 150,6.0
57598307,BES056174,500296,SB 552,151,65 - 115,13.0
57596842,46813,18143,140 EC-H 6 Litronic,53,,19.0
57596841,46813,18143,140 EC-H 6 Litronic,146,,
57596840,46813,18143,140 EC-H 6 Litronic,69,,
57596839,46813,18143,140 EC-H 6 Litronic,19,,14.0
57596838,46813,18143,140 EC-H 6 Litronic,148,,
57596837,46813,18143,140 EC-H 6 Litronic,48,,3.0
57596836,46813,18143,140 EC-H 6 Litronic,93,,5.0
57596835,46813,18143,140 EC-H 6 Litronic,18,,14.0
57596834,46813,18143,140 EC-H 6 Litronic,131,,11.0
57596833,46813,18143,140 EC-H 6 Litronic,59,,14.0
57596832,46813,18143,140 EC-H 6 Litronic,66,,
57596831,46813,18143,140 EC-H 6 Litronic,94,,2.0
57596830,46813,18143,140 EC-H 6 Litronic,130,,11.0
57596829,46813,18143,140 EC-H 6 Litronic,76,,10.0
57596828,46813,18143,140 EC-H 6 Litronic,133,,
57596827,46813,18143,140 EC-H 6 Litronic,5,,
57596826,46813,18143,140 EC-H 6 Litronic,50,,
57494371,101643,,"TS - 120 HC, L=5,00 m",133,120 HC,
57494370,101643,,"TS - 120 HC, L=5,00 m",55,,11.0
57494369,101643,,"TS - 120 HC, L=5,00 m",63,,15.0
57494368,101643,,"TS - 120 HC, L=5,00 m",73,,15.0
57494367,101643,,"TS - 120 HC, L=5,00 m",26,,15.0
57358274,4510116,300664,AFW 150-2,158,Nein,
57358273,4510116,300664,AFW 150-2,156,Nein,
57358272,4510116,300664,AFW 150-2,152,5 - 100,15.0
57358271,4510116,300664,AFW 150-2,52,Ja,
57358270,4510116,300664,AFW 150-2,38,"1,65",14.0
57358269,4510116,300664,AFW 150-2,37,"1,30",14.0
57358268,4510116,300664,AFW 150-2,36,"0,80",14.0
57358267,4510116,300664,AFW 150-2,149,SB 1300 G,
57358266,4510116,300664,AFW 150-2,73,2865,15.0
57358265,4510116,300664,AFW 150-2,89,1B50E,
57358261,4510116,300664,AFW 150-2,88,"7,6",10.0
57358259,4510116,300664,AFW 150-2,35,Nein,
57358258,4510116,300664,AFW 150-2,127,Nein,
57358257,4510116,300664,AFW 150-2,148,Nein,
57358256,4510116,300664,AFW 150-2,8,Nein,
57358254,4510116,300664,AFW 150-2,26,1150,15.0
57358253,4510116,300664,AFW 150-2,7,Tier 4f,
57358252,4510116,300664,AFW 150-2,63,1598,15.0
57358248,4510116,300664,AFW 150-2,87,Hatz,
57358247,4510116,300664,AFW 150-2,27,mechanisch,
57358036,4510116,300664,AFW 150-2,23,Nein,
57358035,4510116,300664,AFW 150-2,132,Nein,
57358034,4510116,300664,AFW 150-2,34,35,20.0
57357907,4510116,300664,AFW 150-2,30,,
57357906,4510116,300664,AFW 150-2,6,,
57357905,4510116,300664,AFW 150-2,55,1260,11.0
57357815,12520594,300417,APA 55/64,151,110,13.0
57357814,12520594,300417,APA 55/64,14,150,6.0
57357465,12520594,300417,APA 55/64,154,4 - 12,19.0
57357464,12520594,300417,APA 55/64,114,,15.0
57357463,12520594,300417,APA 55/64,112,Nein,
57357462,12520594,300417,APA 55/64,111,Ja,
57357392,12520594,300417,APA 55/64,109,OilQuick,
57357391,12520594,300417,APA 55/64,112,Nein,
57357390,12520594,300417,APA 55/64,63,1000,15.0
57357389,12520594,300417,APA 55/64,26,640,15.0
57357387,12520594,300417,APA 55/64,55,470,11.0
57357086,12520594,300417,APA 55/64,73,1142,15.0
57357053,12520594,300417,APA 55/64,110,,
57357052,12520594,300417,APA 55/64,23,Nein,
56959182,79720,,I3CR,6,Stufe V,
56959181,79720,,I3CR,80,Ja,
56959180,79720,,I3CR,72,Nein,
56959179,79720,,I3CR,73,13024,15.0
56959178,79720,,I3CR,100,Ja,
56959177,79720,,I3CR,63,3056,15.0
56959176,79720,,I3CR,7,Tier 4f,
56959175,79720,,I3CR,87,Volvo,
56959174,79720,,I3CR,34,,20.0
56959173,79720,,I3CR,81,Nein,
56959172,79720,,I3CR,23,Nein,
56959171,79720,,I3CR,30,Ja,
56959170,79720,,I3CR,89,,
56959169,79720,,I3CR,50,Ja,
56959168,79720,,I3CR,148,Nein,
56959167,79720,,I3CR,20,Nein,
56959166,79720,,I3CR,55,27500,11.0
56959165,79720,,I3CR,17,,15.0
56959164,79720,,I3CR,82,Nein,
56959163,79720,,I3CR,88,188,10.0
56959162,79720,,I3CR,26,2550,15.0
56959161,79720,,I3CR,25,,19.0
56883055,RH300212,18146,M 323 F,160,,
56883054,RH300212,18146,M 323 F,99,,
56883053,RH300212,18146,M 323 F,69,,
56883052,RH300212,18146,M 323 F,83,,
56883051,RH300212,18146,M 323 F,23,,
56883050,RH300212,18146,M 323 F,78,,15.0
56883049,RH300212,18146,M 323 F,26,,15.0
56883048,RH300212,18146,M 323 F,113,,
56883047,RH300212,18146,M 323 F,40,,12.0
56883046,RH300212,18146,M 323 F,87,,
56883045,RH300212,18146,M 323 F,128,,
56883044,RH300212,18146,M 323 F,73,,15.0
56883043,RH300212,18146,M 323 F,141,,
56883042,RH300212,18146,M 323 F,6,,
56883041,RH300212,18146,M 323 F,11,,
56883040,RH300212,18146,M 323 F,111,,
56883039,RH300212,18146,M 323 F,112,,
56883038,RH300212,18146,M 323 F,109,,
56883037,RH300212,18146,M 323 F,55,,11.0
56883036,RH300212,18146,M 323 F,110,,
56883035,RH300212,18146,M 323 F,56,,15.0
56883034,RH300212,18146,M 323 F,30,,
56883033,RH300212,18146,M 323 F,89,,
56883032,RH300212,18146,M 323 F,148,,
56883031,RH300212,18146,M 323 F,57,,
56883030,RH300212,18146,M 323 F,120,,
56883029,RH300212,18146,M 323 F,88,,10.0
56883028,RH300212,18146,M 323 F,7,,
56883027,RH300212,18146,M 323 F,137,,
56883026,RH300212,18146,M 323 F,101,,
56883025,RH300212,18146,M 323 F,58,,
56883024,RH300212,18146,M 323 F,140,,
56883023,RH300212,18146,M 323 F,107,,
56883022,RH300212,18146,M 323 F,63,,15.0
56883021,RH300212,18146,M 323 F,106,,
56883020,RH300212,18146,M 323 F,60,,
56848411,0403 0300,18160,W 35 DC,45,,15.0
56848410,0403 0300,18160,W 35 DC,23,,
56848409,0403 0300,18160,W 35 DC,8,,
56848408,0403 0300,18160,W 35 DC,6,,
56848407,0403 0300,18160,W 35 DC,142,,
56848406,0403 0300,18160,W 35 DC,69,,
56848405,0403 0300,18160,W 35 DC,26,,15.0
56848404,0403 0300,18160,W 35 DC,89,,
56848403,0403 0300,18160,W 35 DC,143,,
56848402,0403 0300,18160,W 35 DC,46,,18.0
56848401,0403 0300,18160,W 35 DC,87,,
56848400,0403 0300,18160,W 35 DC,30,,
56848399,0403 0300,18160,W 35 DC,77,,
56848398,0403 0300,18160,W 35 DC,148,,
56848397,0403 0300,18160,W 35 DC,9,,
56848396,0403 0300,18160,W 35 DC,47,,15.0
56848395,0403 0300,18160,W 35 DC,41,,
56848394,0403 0300,18160,W 35 DC,73,,15.0
56848393,0403 0300,18160,W 35 DC,63,,15.0
56848392,0403 0300,18160,W 35 DC,144,,
56848391,0403 0300,18160,W 35 DC,122,,
56848390,0403 0300,18160,W 35 DC,88,,10.0
56848389,0403 0300,18160,W 35 DC,61,,
56848388,0403 0300,18160,W 35 DC,7,,
56848387,0403 0300,18160,W 35 DC,55,,11.0
56848306,0513 0157,18159,W 150,45,,15.0
56848305,0513 0157,18159,W 150,23,,
56848304,0513 0157,18159,W 150,8,,
56848303,0513 0157,18159,W 150,6,,
56848302,0513 0157,18159,W 150,142,,
56848301,0513 0157,18159,W 150,69,,
56848300,0513 0157,18159,W 150,26,,15.0
56848299,0513 0157,18159,W 150,89,,
56848298,0513 0157,18159,W 150,143,,
56848297,0513 0157,18159,W 150,46,,18.0
56848296,0513 0157,18159,W 150,87,,
56848295,0513 0157,18159,W 150,30,,
56848294,0513 0157,18159,W 150,77,,
56848293,0513 0157,18159,W 150,148,,
56848292,0513 0157,18159,W 150,9,,
56848291,0513 0157,18159,W 150,47,,15.0
56848290,0513 0157,18159,W 150,41,,
56848289,0513 0157,18159,W 150,73,,15.0
56848288,0513 0157,18159,W 150,63,,15.0
56848287,0513 0157,18159,W 150,144,,
56848286,0513 0157,18159,W 150,122,,
56848285,0513 0157,18159,W 150,88,,10.0
56848284,0513 0157,18159,W 150,61,,
56848283,0513 0157,18159,W 150,7,,
56848282,0513 0157,18159,W 150,55,,11.0
56606958,101870611038,18150,BW 154 AP-4,158,,
56606957,101870611038,18150,BW 154 AP-4,155,,
56606956,101870611038,18150,BW 154 AP-4,69,,
56606955,101870611038,18150,BW 154 AP-4,88,,10.0
56606954,101870611038,18150,BW 154 AP-4,54,,
56606953,101870611038,18150,BW 154 AP-4,30,,
56606952,101870611038,18150,BW 154 AP-4,13,,15.0
56606951,101870611038,18150,BW 154 AP-4,23,,
56606950,101870611038,18150,BW 154 AP-4,73,,15.0
56606949,101870611038,18150,BW 154 AP-4,63,,15.0
56606948,101870611038,18150,BW 154 AP-4,135,,11.0
56606947,101870611038,18150,BW 154 AP-4,70,,
56606946,101870611038,18150,BW 154 AP-4,67,,18.0
56606945,101870611038,18150,BW 154 AP-4,87,,
56606944,101870611038,18150,BW 154 AP-4,96,,
56606943,101870611038,18150,BW 154 AP-4,26,,15.0
56606942,101870611038,18150,BW 154 AP-4,89,,
56606941,101870611038,18150,BW 154 AP-4,55,,11.0
56606940,101870611038,18150,BW 154 AP-4,6,,
56606939,101870611038,18150,BW 154 AP-4,148,,
56606938,101870611038,18150,BW 154 AP-4,7,,
56606937,101870611038,18150,BW 154 AP-4,16,,
56606936,101870611038,18150,BW 154 AP-4,136,,
56606834,20153060 1802,18151,BW 24 R,158,,
56606833,20153060 1802,18151,BW 24 R,155,,
56606832,20153060 1802,18151,BW 24 R,26,,15.0
56606831,20153060 1802,18151,BW 24 R,63,,15.0
56606830,20153060 1802,18151,BW 24 R,135,,11.0
56606829,20153060 1802,18151,BW 24 R,87,,
56606828,20153060 1802,18151,BW 24 R,6,,
56606827,20153060 1802,18151,BW 24 R,148,,
56606826,20153060 1802,18151,BW 24 R,73,,15.0
56606825,20153060 1802,18151,BW 24 R,69,,
56606824,20153060 1802,18151,BW 24 R,7,,
56606823,20153060 1802,18151,BW 24 R,70,,
56606822,20153060 1802,18151,BW 24 R,13,,15.0
56606821,20153060 1802,18151,BW 24 R,23,,
56606820,20153060 1802,18151,BW 24 R,55,,11.0
56606819,20153060 1802,18151,BW 24 R,88,,10.0
56606818,20153060 1802,18151,BW 24 R,30,,
56606817,20153060 1802,18151,BW 24 R,89,,
56466040,,,Verschmälerung - AB 220-3 TV - R,149,AB 220-3 TV,
56466039,,,Verschmälerung - AB 220-3 TV - R,26,,15.0
56466038,,,Verschmälerung - AB 220-3 TV - R,55,,11.0
56466037,,,Verschmälerung - AB 220-3 TV - R,73,,15.0
56466036,,,Verschmälerung - AB 220-3 TV - R,63,,15.0
56466032,,,Verschmälerung - AB 220-3 TV - L,149,AB 220-3 TV,
56466031,,,Verschmälerung - AB 220-3 TV - L,26,,15.0
56466030,,,Verschmälerung - AB 220-3 TV - L,55,,11.0
56466029,,,Verschmälerung - AB 220-3 TV - L,73,,15.0
56466028,,,Verschmälerung - AB 220-3 TV - L,63,,15.0
56466024,65VB1213R,,Verbreiterung - AB 220-3 TV - 500R,149,AB 220-3 TV,
56466023,65VB1213R,,Verbreiterung - AB 220-3 TV - 500R,26,500,15.0
56466019,65VB1213L,,Verbreiterung - AB 220-3 TV - 500L,149,AB 220-3 TV,
56466018,65VB1213L,,Verbreiterung - AB 220-3 TV - 500L,26,500,15.0
56466014,09901065,,Super 800i,152,bis 20,15.0
56466013,09901065,,Super 800i,52,Nein,
56466012,09901065,,Super 800i,38,"3,20",14.0
56466011,09901065,,Super 800i,37,"3,20",14.0
56466010,09901065,,Super 800i,36,"1,20 - 2,20",14.0
56466009,09901065,,Super 800i,149,AB 220-3 TV,
56466008,09901065,,Super 800i,73,4760,15.0
56466007,09901065,,Super 800i,89,TCD 2.9 L4,
56466006,09901065,,Super 800i,88,"55,4",10.0
56466004,09901065,,Super 800i,35,Ja,
56466003,09901065,,Super 800i,127,Nein,
56466002,09901065,,Super 800i,148,Nein,
56466001,09901065,,Super 800i,8,Nein,
56466000,09901065,,Super 800i,26,1400,15.0
56465998,09901065,,Super 800i,63,1980,15.0
56465997,09901065,,Super 800i,87,Deutz,
56465996,09901065,,Super 800i,27,mechanisch,
56465995,09901065,,Super 800i,23,Nein,
56465994,09901065,,Super 800i,132,Nein,
56465993,09901065,,Super 800i,34,300,20.0
56465992,09901065,,Super 800i,30,Ja,
56465990,09901065,,Super 800i,55,6600,11.0
56396464,2307253,,SL 1400,154,21 - 26,19.0
56396463,2307253,,SL 1400,114,1400,15.0
56396462,2307253,,SL 1400,109,OilQuick,
56396461,2307253,,SL 1400,147,ESCO U35S,
56396460,2307253,,SL 1400,65,1195,16.0
56396459,2307253,,SL 1400,12,5,18.0
56396458,2307253,,SL 1400,26,1400,15.0
56396457,2307253,,SL 1400,113,OQ 70/55,
56396456,2307253,,SL 1400,63,1440,15.0
56396455,2307253,,SL 1400,55,1170,11.0
56396454,2307253,,SL 1400,73,1600,15.0
56396449,2307252,,TL 1400,154,21 - 26,19.0
56396448,2307252,,TL 1400,26,1400,15.0
56396447,2307252,,TL 1400,65,"1,195",16.0
56396446,2307252,,TL 1400,73,,15.0
56396445,2307252,,TL 1400,147,Cat J350,
56396444,2307252,,TL 1400,12,5,18.0
56396443,2307252,,TL 1400,113,OQ 70/55,
56396442,2307252,,TL 1400,109,OilQuick,
56396441,2307252,,TL 1400,63,,15.0
56396440,2307252,,TL 1400,55,,11.0
56396439,2307252,,TL 1400,114,1400,15.0
56396435,2307251,,GRL 1800,154,16 - 21,19.0
56396434,2307251,,GRL 1800,114,1800,15.0
56396433,2307251,,GRL 1800,55,,11.0
56396432,2307251,,GRL 1800,63,,15.0
56396431,2307251,,GRL 1800,65,"0,64",16.0
56396430,2307251,,GRL 1800,73,,15.0
56396429,2307251,,GRL 1800,26,1800,15.0
56396428,2307251,,GRL 1800,109,OilQuick,
56396427,2307251,,GRL 1800,113,OQ 70/55,
56394495,126003726,,TB 260,99,,
56394494,126003726,,TB 260,141,,
56394493,126003726,,TB 260,110,,
56394492,126003726,,TB 260,23,,
56394491,126003726,,TB 260,137,,
56394490,126003726,,TB 260,26,,15.0
56394489,126003726,,TB 260,112,,
56394488,126003726,,TB 260,108,,
56394487,126003726,,TB 260,55,,11.0
56394486,126003726,,TB 260,69,,
56394485,126003726,,TB 260,73,,15.0
56394484,126003726,,TB 260,6,,
56394483,126003726,,TB 260,145,,
56394482,126003726,,TB 260,63,,15.0
56394481,126003726,,TB 260,66,,
56394480,126003726,,TB 260,148,,
56394479,126003726,,TB 260,120,,
56394478,126003726,,TB 260,56,,15.0
56394477,126003726,,TB 260,57,,
56394476,126003726,,TB 260,128,,
56394475,126003726,,TB 260,60,,
56394474,126003726,,TB 260,89,,
56394473,126003726,,TB 260,111,,
56394472,126003726,,TB 260,58,,
56394471,126003726,,TB 260,88,,10.0
56394470,126003726,,TB 260,7,,
56394469,126003726,,TB 260,113,,
56394468,126003726,,TB 260,109,,
56394467,126003726,,TB 260,30,,
56394466,126003726,,TB 260,87,,
56394465,126003726,,TB 260,106,,
56394464,126003726,,TB 260,140,,
56394463,126003726,,TB 260,78,,15.0
56150886,101615,,Materialkübel extern,51,Ja,
56150885,101615,,Materialkübel extern,65,3/5,16.0
56150884,101615,,Materialkübel extern,55,500,11.0
56150883,101615,,Materialkübel extern,63,1830,15.0
56150882,101615,,Materialkübel extern,26,1790,15.0
56150881,101615,,Materialkübel extern,73,1530,15.0
56113719,2306847,,GRL 2000,154,21 - 26,19.0
56113718,2306847,,GRL 2000,114,2000,15.0
56113717,2306847,,GRL 2000,55,,11.0
56113716,2306847,,GRL 2000,63,,15.0
56113715,2306847,,GRL 2000,65,"0,900",16.0
56113714,2306847,,GRL 2000,73,,15.0
56113713,2306847,,GRL 2000,26,2000,15.0
56113712,2306847,,GRL 2000,109,OilQuick,
56113711,2306847,,GRL 2000,113,OQ 70/55,
56113707,2306846,,GRL 2000 starr,154,21 - 26,19.0
56113706,2306846,,GRL 2000 starr,26,2000,15.0
56113705,2306846,,GRL 2000 starr,63,,15.0
56113704,2306846,,GRL 2000 starr,114,2000,15.0
56113703,2306846,,GRL 2000 starr,109,OilQuick,
56113702,2306846,,GRL 2000 starr,65,"0,900",16.0
56113701,2306846,,GRL 2000 starr,113,OQ 70/55,
56113700,2306846,,GRL 2000 starr,55,,11.0
56113699,2306846,,GRL 2000 starr,73,,15.0
55767170,55VB8245L,,Verbreiterung - AB 600-3 TV - 750L,149,AB 600-3 TV,
55767169,55VB8245L,,Verbreiterung - AB 600-3 TV - 750L,26,750,
55767161,14824693,,Super 1800-3i,156,Nein,
55767160,14824693,,Super 1800-3i,152,bis 30,15.0
55767159,14824693,,Super 1800-3i,52,Nein,
55767158,14824693,,Super 1800-3i,38,"8,00",14.0
55767157,14824693,,Super 1800-3i,37,"6,00",14.0
55767156,14824693,,Super 1800-3i,36,"3,00",14.0
55767155,14824693,,Super 1800-3i,149,AB 600-3 TV,
55767154,14824693,,Super 1800-3i,73,6500,15.0
55767153,14824693,,Super 1800-3i,89,B6.7-C173,
55767152,14824693,,Super 1800-3i,88,129,10.0
55767150,14824693,,Super 1800-3i,35,Ja,
55767149,14824693,,Super 1800-3i,127,Nein,
55767148,14824693,,Super 1800-3i,148,Ja,
55767147,14824693,,Super 1800-3i,8,Ja,
55767146,14824693,,Super 1800-3i,26,2550,15.0
55767144,14824693,,Super 1800-3i,63,3100,15.0
55767143,14824693,,Super 1800-3i,87,Cummins,
55767142,14824693,,Super 1800-3i,27,mechanisch,
55767141,14824693,,Super 1800-3i,23,Nein,
55767140,14824693,,Super 1800-3i,132,Ja,
55767139,14824693,,Super 1800-3i,34,700,20.0
55767138,14824693,,Super 1800-3i,30,Ja,
55767136,14824693,,Super 1800-3i,55,20100,11.0
55723890,55VB8247L,,Verbreiterung - AB 600-3 TV - 750L,149,AB 600-3 TV,
55723889,55VB8247L,,Verbreiterung - AB 600-3 TV - 750L,26,750,
55723881,14824692,,Super 1800-3i,156,Nein,
55723880,14824692,,Super 1800-3i,152,bis 30,15.0
55723879,14824692,,Super 1800-3i,52,Nein,
55723878,14824692,,Super 1800-3i,38,"8,00",14.0
55723877,14824692,,Super 1800-3i,37,"8,00",14.0
55723876,14824692,,Super 1800-3i,36,"3,00 - 6,00",14.0
55723875,14824692,,Super 1800-3i,149,AB 600-3 TV,
55723874,14824692,,Super 1800-3i,73,6500,15.0
55723873,14824692,,Super 1800-3i,89,B6.7-C173,
55723872,14824692,,Super 1800-3i,88,129,10.0
55723870,14824692,,Super 1800-3i,35,Ja,
55723869,14824692,,Super 1800-3i,127,Nein,
55723868,14824692,,Super 1800-3i,148,Ja,
55723867,14824692,,Super 1800-3i,8,Ja,
55723866,14824692,,Super 1800-3i,26,2550,15.0
55723865,14824692,,Super 1800-3i,7,Tier 4f,
55723864,14824692,,Super 1800-3i,63,3100,15.0
55723863,14824692,,Super 1800-3i,87,Cummins,
55723862,14824692,,Super 1800-3i,27,mechanisch,
55723861,14824692,,Super 1800-3i,23,Nein,
55723860,14824692,,Super 1800-3i,132,Ja,
55723859,14824692,,Super 1800-3i,34,700,20.0
55723858,14824692,,Super 1800-3i,30,Ja,
55723857,14824692,,Super 1800-3i,6,Stufe V,
55723856,14824692,,Super 1800-3i,55,20100,11.0
55645401,98VB.0027R,,Verbreiterung - AB 600-5 TP2 - 750R,149,AB 600-5 TP 2,
55645400,98VB.0027R,,Verbreiterung - AB 600-5 TP2 - 750R,26,750,15.0
55645393,98VB.0028R,,Verbreiterung - AB 600-5 TP2 - 750R,149,AB 600-5 TP 2,
55645392,98VB.0028R,,Verbreiterung - AB 600-5 TP2 - 750R,26,750,15.0
55645385,98VB.0028L,,Verbreiterung - AB 600-5 TP2 - 750L,149,AB 600-5 TP 2,
55645384,98VB.0028L,,Verbreiterung - AB 600-5 TP2 - 750L,26,750,15.0
55645377,98VB.0027L,,Verbreiterung - AB 600-5 TP2 - 750L,149,AB 600-5 TP 2,
55645376,98VB.0027L,,Verbreiterung - AB 600-5 TP2 - 750L,26,750,15.0
55645369,97VB.0016R,,Verbreiterung - AB 600-5 TP2 - 375R,149,AB 600-5 TP 2,
55645368,97VB.0016R,,Verbreiterung - AB 600-5 TP2 - 375R,26,375,15.0
55645361,97VB.0016L,,Verbreiterung - AB 600-5 TP2 - 375L,149,AB 600-5 TP 2,
55645360,97VB.0016L,,Verbreiterung - AB 600-5 TP2 - 375L,26,375,15.0
55405992,101595,,UW - 120 HC,133,120 HC,
55405991,101595,,UW - 120 HC,55,,11.0
55405990,101595,,UW - 120 HC,63,,15.0
55405989,101595,,UW - 120 HC,73,,15.0
55405988,101595,,UW - 120 HC,26,,15.0
55369173,722015841,,GRL 2000 starr,154,15 - 19,19.0
55369172,722015841,,GRL 2000 starr,114,2000,15.0
55369171,722015841,,GRL 2000 starr,112,Nein,
55369170,722015841,,GRL 2000 starr,111,Ja,
55369169,722015841,,GRL 2000 starr,113,OQ 70/55,
55369168,722015841,,GRL 2000 starr,109,OilQuick,
55369167,722015841,,GRL 2000 starr,65,"0,750",16.0
55369166,722015841,,GRL 2000 starr,55,570,11.0
55369165,722015841,,GRL 2000 starr,63,960,15.0
55369164,722015841,,GRL 2000 starr,26,2000,15.0
55369163,722015841,,GRL 2000 starr,73,960,15.0
55369159,723005891,,TL 400,154,15 - 19,19.0
55369158,723005891,,TL 400,110,,
55369157,723005891,,TL 400,26,400,15.0
55369156,723005891,,TL 400,65,"0,222",16.0
55369155,723005891,,TL 400,73,1480,15.0
55369154,723005891,,TL 400,147,Schneide,
55369153,723005891,,TL 400,12,,18.0
55369152,723005891,,TL 400,113,OQ 70/55,
55369151,723005891,,TL 400,109,OilQuick,
55369150,723005891,,TL 400,63,1170,15.0
55369149,723005891,,TL 400,55,1100,11.0
55369148,723005891,,TL 400,114,435,15.0
55269314,11190072,,Super 2100-5i,156,Nein,
55269313,11190072,,Super 2100-5i,152,bis 400,15.0
55269312,11190072,,Super 2100-5i,52,Nein,
55269311,11190072,,Super 2100-5i,38,"9,75",14.0
55269310,11190072,,Super 2100-5i,37,"9,75",14.0
55269309,11190072,,Super 2100-5i,36,"3,00 - 6,00",14.0
55269308,11190072,,Super 2100-5i,149,AB 600-5 TP 2,
55269307,11190072,,Super 2100-5i,73,7300,15.0
55269306,11190072,,Super 2100-5i,89,6.8L PVS,
55269305,11190072,,Super 2100-5i,88,187,10.0
55269303,11190072,,Super 2100-5i,35,Ja,
55269302,11190072,,Super 2100-5i,127,Ja,
55269301,11190072,,Super 2100-5i,148,Ja,
55269300,11190072,,Super 2100-5i,8,Ja,
55269299,11190072,,Super 2100-5i,26,3000,15.0
55269297,11190072,,Super 2100-5i,63,3100,15.0
55269296,11190072,,Super 2100-5i,87,John Deere,
55269295,11190072,,Super 2100-5i,27,hydraulisch,
55269294,11190072,,Super 2100-5i,23,Nein,
55269293,11190072,,Super 2100-5i,132,Ja,
55269292,11190072,,Super 2100-5i,34,1100,20.0
55269291,11190072,,Super 2100-5i,30,Ja,
55269289,11190072,,Super 2100-5i,55,24400,11.0
54984082,722008153,,GRL 1600 starr,154,15 - 19,19.0
54984081,722008153,,GRL 1600 starr,26,1600,15.0
54984080,722008153,,GRL 1600 starr,63,1130,15.0
54984079,722008153,,GRL 1600 starr,112,Nein,
54984078,722008153,,GRL 1600 starr,114,1600,15.0
54984077,722008153,,GRL 1600 starr,109,OilQuick,
54984076,722008153,,GRL 1600 starr,65,"0,83",16.0
54984075,722008153,,GRL 1600 starr,111,Ja,
54984074,722008153,,GRL 1600 starr,113,OQ 70/55,
54984073,722008153,,GRL 1600 starr,55,605,11.0
54984072,722008153,,GRL 1600 starr,73,1200,15.0
54984068,0055112,,TR-K 200,63,,15.0
54984067,0055112,,TR-K 200,26,,15.0
54984066,0055112,,TR-K 200,73,,15.0
54984065,0055112,,TR-K 200,151,,13.0
54984064,0055112,,TR-K 200,154,,19.0
54984063,0055112,,TR-K 200,55,,11.0
54984062,0055112,,TR-K 200,153,,8.0
54984061,0055112,,TR-K 200,14,,6.0
54984060,0055112,,TR-K 200,113,,
54984059,0055112,,TR-K 200,112,,
54984058,0055112,,TR-K 200,111,,
54984057,0055112,,TR-K 200,110,,
54941698,101586,,Verschmälerung - AB 220-3 TV - R,149,AB 220-3 TV,
54941697,101586,,Verschmälerung - AB 220-3 TV - R,26,,15.0
54941696,101586,,Verschmälerung - AB 220-3 TV - R,55,,11.0
54941695,101586,,Verschmälerung - AB 220-3 TV - R,73,,15.0
54941694,101586,,Verschmälerung - AB 220-3 TV - R,63,,15.0
54941690,101585,,Verschmälerung - AB 220-3 TV - L,149,AB 220-3 TV,
54941689,101585,,Verschmälerung - AB 220-3 TV - L,26,,15.0
54941688,101585,,Verschmälerung - AB 220-3 TV - L,55,,11.0
54941687,101585,,Verschmälerung - AB 220-3 TV - L,73,,15.0
54941686,101585,,Verschmälerung - AB 220-3 TV - L,63,,15.0
54941682,65VB1195R,,Verbreiterung - AB 220-3 TV - 500R,149,AB 220-3 TV,
54941681,65VB1195R,,Verbreiterung - AB 220-3 TV - 500R,26,500,15.0
54941677,65VB1195L,,Verbreiterung - AB 220-3 TV - 500L,149,AB 220-3 TV,
54941676,65VB1195L,,Verbreiterung - AB 220-3 TV - 500L,26,500,15.0
54941672,09901013,,Super 800i,152,bis 20,15.0
54941671,09901013,,Super 800i,52,Nein,
54941670,09901013,,Super 800i,38,"3,20",14.0
54941669,09901013,,Super 800i,37,"3,20",14.0
54941668,09901013,,Super 800i,36,"1,20 - 2,20",14.0
54941667,09901013,,Super 800i,149,AB 220-3 TV,
54941666,09901013,,Super 800i,73,4760,15.0
54941665,09901013,,Super 800i,89,TCD 2.9 L4,
54941664,09901013,,Super 800i,88,"55,4",10.0
54941662,09901013,,Super 800i,35,Ja,
54941661,09901013,,Super 800i,127,Nein,
54941660,09901013,,Super 800i,148,Nein,
54941659,09901013,,Super 800i,8,Nein,
54941658,09901013,,Super 800i,26,1400,15.0
54941656,09901013,,Super 800i,63,1980,15.0
54941655,09901013,,Super 800i,87,Deutz,
54941654,09901013,,Super 800i,27,mechanisch,
54941653,09901013,,Super 800i,23,Nein,
54941652,09901013,,Super 800i,132,Nein,
54941651,09901013,,Super 800i,34,300,20.0
54941650,09901013,,Super 800i,30,Ja,
54941648,09901013,,Super 800i,55,"6.600,00",11.0
54786114,2306845,,GRL 1600 starr,154,"6,5 - 12",19.0
54786113,2306845,,GRL 1600 starr,26,1600,15.0
54786112,2306845,,GRL 1600 starr,63,,15.0
54786111,2306845,,GRL 1600 starr,114,1600,15.0
54786110,2306845,,GRL 1600 starr,109,OilQuick,
54786109,2306845,,GRL 1600 starr,65,"0,359",16.0
54786108,2306845,,GRL 1600 starr,113,OQ 60-5,
54786107,2306845,,GRL 1600 starr,55,,11.0
54786106,2306845,,GRL 1600 starr,73,,15.0
54786102,2306844,,TL 800,154,"8,5 - 12",19.0
54786101,2306844,,TL 800,26,800,15.0
54786100,2306844,,TL 800,65,"0,38",16.0
54786099,2306844,,TL 800,73,,15.0
54786098,2306844,,TL 800,147,Cat J250,
54786097,2306844,,TL 800,12,4,18.0
54786096,2306844,,TL 800,113,OQ 60-5,
54786095,2306844,,TL 800,109,OilQuick,
54786094,2306844,,TL 800,63,,15.0
54786093,2306844,,TL 800,55,,11.0
54786092,2306844,,TL 800,114,800,15.0
54786088,2306843,,TL 500,154,"8,5 - 12",19.0
54786087,2306843,,TL 500,26,500,15.0
54786086,2306843,,TL 500,65,"0,24",16.0
54786085,2306843,,TL 500,73,1210,15.0
54786084,2306843,,TL 500,147,CAT J250,
54786083,2306843,,TL 500,12,3,18.0
54786082,2306843,,TL 500,113,OQ 60-5,
54786081,2306843,,TL 500,109,OilQuick,
54786080,2306843,,TL 500,63,900,15.0
54786079,2306843,,TL 500,55,220,11.0
54786078,2306843,,TL 500,114,500,15.0
54745700,CAT0M317KKNC20099,,M 317-07B NG,160,L,
54745699,CAT0M317KKNC20099,,M 317-07B NG,99,Nein,
54745698,CAT0M317KKNC20099,,M 317-07B NG,69,Ja,
54745697,CAT0M317KKNC20099,,M 317-07B NG,83,Nein,
54745696,CAT0M317KKNC20099,,M 317-07B NG,23,Nein,
54745695,CAT0M317KKNC20099,,M 317-07B NG,78,2500,15.0
54745694,CAT0M317KKNC20099,,M 317-07B NG,26,2540,15.0
54745693,CAT0M317KKNC20099,,M 317-07B NG,113,OQ 70/55,
54745692,CAT0M317KKNC20099,,M 317-07B NG,40,35,12.0
54745691,CAT0M317KKNC20099,,M 317-07B NG,87,Caterpillar,
54745690,CAT0M317KKNC20099,,M 317-07B NG,128,Nein,
54745689,CAT0M317KKNC20099,,M 317-07B NG,73,6260,15.0
54745688,CAT0M317KKNC20099,,M 317-07B NG,141,Nein,
54745687,CAT0M317KKNC20099,,M 317-07B NG,6,Stufe V,
54745686,CAT0M317KKNC20099,,M 317-07B NG,11,Nein,
54745685,CAT0M317KKNC20099,,M 317-07B NG,111,Ja,
54745684,CAT0M317KKNC20099,,M 317-07B NG,112,Nein,
54745683,CAT0M317KKNC20099,,M 317-07B NG,109,OilQuick,
54745682,CAT0M317KKNC20099,,M 317-07B NG,55,18080,11.0
54745681,CAT0M317KKNC20099,,M 317-07B NG,110,,
54745680,CAT0M317KKNC20099,,M 317-07B NG,56,4470,15.0
54745679,CAT0M317KKNC20099,,M 317-07B NG,30,Ja,
54745678,CAT0M317KKNC20099,,M 317-07B NG,89,C4.4,
54745677,CAT0M317KKNC20099,,M 317-07B NG,148,Ja,
54745676,CAT0M317KKNC20099,,M 317-07B NG,57,Nein,
54745675,CAT0M317KKNC20099,,M 317-07B NG,120,Nein,
54745674,CAT0M317KKNC20099,,M 317-07B NG,88,112,10.0
54745673,CAT0M317KKNC20099,,M 317-07B NG,7,Tier 4f,
54745672,CAT0M317KKNC20099,,M 317-07B NG,137,Ja,
54745671,CAT0M317KKNC20099,,M 317-07B NG,101,Nein,
54745670,CAT0M317KKNC20099,,M 317-07B NG,58,Ja,
54745669,CAT0M317KKNC20099,,M 317-07B NG,140,Ja,
54745668,CAT0M317KKNC20099,,M 317-07B NG,107,Ja,
54745667,CAT0M317KKNC20099,,M 317-07B NG,63,3320,15.0
54745666,CAT0M317KKNC20099,,M 317-07B NG,106,Ja,
54745665,CAT0M317KKNC20099,,M 317-07B NG,60,Ja,
54704188,101571,,UW TS - 170 HC,133,170 HC,
54704187,101571,,UW TS - 170 HC,55,,11.0
54704186,101571,,UW TS - 170 HC,63,,15.0
54704185,101571,,UW TS - 170 HC,73,,15.0
54704184,101571,,UW TS - 170 HC,26,,15.0
54704180,47111,18136,200 EC-H 10 Litronic,53,,19.0
54704179,47111,18136,200 EC-H 10 Litronic,146,,
54704178,47111,18136,200 EC-H 10 Litronic,69,,
54704177,47111,18136,200 EC-H 10 Litronic,19,,14.0
54704176,47111,18136,200 EC-H 10 Litronic,148,,
54704175,47111,18136,200 EC-H 10 Litronic,48,,3.0
54704174,47111,18136,200 EC-H 10 Litronic,93,,5.0
54704173,47111,18136,200 EC-H 10 Litronic,18,,14.0
54704172,47111,18136,200 EC-H 10 Litronic,131,,11.0
54704171,47111,18136,200 EC-H 10 Litronic,59,,14.0
54704170,47111,18136,200 EC-H 10 Litronic,66,,
54704169,47111,18136,200 EC-H 10 Litronic,94,,2.0
54704168,47111,18136,200 EC-H 10 Litronic,130,,11.0
54704167,47111,18136,200 EC-H 10 Litronic,76,,10.0
54704166,47111,18136,200 EC-H 10 Litronic,133,,
54704165,47111,18136,200 EC-H 10 Litronic,5,,
54704164,47111,18136,200 EC-H 10 Litronic,50,,
54466957,,,Verschmälerung - AB 220-3 TV - R,149,AB 220-3 TV,
54466956,,,Verschmälerung - AB 220-3 TV - R,26,,15.0
54466955,,,Verschmälerung - AB 220-3 TV - R,55,,11.0
54466954,,,Verschmälerung - AB 220-3 TV - R,73,,15.0
54466953,,,Verschmälerung - AB 220-3 TV - R,63,,15.0
54466949,,,Verschmälerung - AB 220-3 TV - L,149,AB 220-3 TV,
54466948,,,Verschmälerung - AB 220-3 TV - L,26,,15.0
54466947,,,Verschmälerung - AB 220-3 TV - L,55,,11.0
54466946,,,Verschmälerung - AB 220-3 TV - L,73,,15.0
54466945,,,Verschmälerung - AB 220-3 TV - L,63,,15.0
54466941,65VB1191R,,Verbreiterung - AB 220-3 TV - 500R,149,AB 220-3 TV,
54466940,65VB1191R,,Verbreiterung - AB 220-3 TV - 500R,26,500,15.0
54466936,65VB1191L,,Verbreiterung - AB 220-3 TV - 500L,149,AB 220-3 TV,
54466935,65VB1191L,,Verbreiterung - AB 220-3 TV - 500L,26,500,15.0
54466931,09901001,,Super 800i,152,bis 20,15.0
54466930,09901001,,Super 800i,52,Nein,
54466929,09901001,,Super 800i,38,"3,20",14.0
54466928,09901001,,Super 800i,37,"2,20",14.0
54466927,09901001,,Super 800i,36,"1,20",14.0
54466926,09901001,,Super 800i,149,AB 220-3 TV,
54466925,09901001,,Super 800i,73,4760,15.0
54466924,09901001,,Super 800i,89,TCD 2.9 L4,
54466923,09901001,,Super 800i,88,"55,4",10.0
54466921,09901001,,Super 800i,35,Nein,
54466920,09901001,,Super 800i,127,Nein,
54466919,09901001,,Super 800i,148,Nein,
54466918,09901001,,Super 800i,8,Nein,
54466917,09901001,,Super 800i,26,1400,15.0
54466915,09901001,,Super 800i,63,1980,15.0
54466914,09901001,,Super 800i,87,Deutz,
54466913,09901001,,Super 800i,27,mechanisch,
54466912,09901001,,Super 800i,23,Nein,
54466911,09901001,,Super 800i,132,Nein,
54466910,09901001,,Super 800i,34,300,20.0
54466909,09901001,,Super 800i,30,Ja,
54466907,09901001,,Super 800i,55,6600,11.0
54466005,14110697,,Super 1300-3i,152,bis 25,15.0
54466004,14110697,,Super 1300-3i,52,Nein,
54466003,14110697,,Super 1300-3i,38,"4,50",14.0
54466002,14110697,,Super 1300-3i,37,"4,50",14.0
54466001,14110697,,Super 1300-3i,36,"1,80 - 3,40",14.0
54466000,14110697,,Super 1300-3i,149,AB 340-3 TV,
54465999,14110697,,Super 1300-3i,73,4950,15.0
54465998,14110697,,Super 1300-3i,89,TCD 3.6 L4,
54465997,14110697,,Super 1300-3i,88,"74,4",10.0
54465995,14110697,,Super 1300-3i,35,Ja,
54465994,14110697,,Super 1300-3i,127,Nein,
54465993,14110697,,Super 1300-3i,148,Nein,
54465992,14110697,,Super 1300-3i,8,Ja,
54465991,14110697,,Super 1300-3i,26,1850,15.0
54465989,14110697,,Super 1300-3i,63,3000,15.0
54465988,14110697,,Super 1300-3i,87,Deutz,
54465987,14110697,,Super 1300-3i,27,mechanisch,
54465986,14110697,,Super 1300-3i,23,Nein,
54465985,14110697,,Super 1300-3i,132,Nein,
54465984,14110697,,Super 1300-3i,34,350,20.0
54465983,14110697,,Super 1300-3i,30,Ja,
54465981,14110697,,Super 1300-3i,55,10850,11.0
54460913,,,Verbreiterung - SB 300-3 TP1 - 1500R,149,SB 300-3 TP1,
54460912,,,Verbreiterung - SB 300-3 TP1 - 1500R,26,1500,15.0
54460905,,,Verbreiterung - SB 300-3 TP1 - 1500L,149,SB 300-3 TP1,
54460904,,,Verbreiterung - SB 300-3 TP1 - 1500L,26,1500,15.0
54460897,,,Verbreiterung - SB 300-3 TP1 - 1250R,149,SB 300-3 TP1,
54460896,,,Verbreiterung - SB 300-3 TP1 - 1250R,26,1250,15.0
54460895,,,Verbreiterung - SB 300-3 TP1 - 1250R,55,,11.0
54460894,,,Verbreiterung - SB 300-3 TP1 - 1250R,73,,15.0
54460893,,,Verbreiterung - SB 300-3 TP1 - 1250R,63,,15.0
54460889,,,Verbreiterung - SB 300-3 TP1 - 1250L,149,SB 300-3 TP1,
54460888,,,Verbreiterung - SB 300-3 TP1 - 1250L,26,1250,15.0
54460881,,,Verbreiterung - SB 300-3 TP1 - 1000R,149,SB 300-3 TP1,
54460880,,,Verbreiterung - SB 300-3 TP1 - 1000R,26,1000,15.0
54460873,,,Verbreiterung - SB 300-3 TP1 - 1000R,149,SB 300-3 TP1,
54460872,,,Verbreiterung - SB 300-3 TP1 - 1000R,26,1000,15.0
54460865,,,Verbreiterung - SB 300-3 TP1 - 1000L,149,SB 300-3 TP1,
54460864,,,Verbreiterung - SB 300-3 TP1 - 1000L,26,1000,15.0
54460857,,,Verbreiterung - SB 300-3 TP1 - 1000L,149,SB 300-3 TP1,
54460856,,,Verbreiterung - SB 300-3 TP1 - 1000L,26,1000,15.0
54460849,09SB0056,,SB 300-3 TP1,37,"12,50",14.0
54460848,09SB0056,,SB 300-3 TP1,36,"3,00",14.0
54460847,09SB0056,,SB 300-3 TP1,149,SB 300-3 TP1,
54460846,09SB0056,,SB 300-3 TP1,26,3000,15.0
54460845,09SB0056,,SB 300-3 TP1,55,2500,11.0
54460844,09SB0056,,SB 300-3 TP1,73,1340,15.0
54460843,09SB0056,,SB 300-3 TP1,63,,15.0
54397865,11190051,,Super 2100-5i,156,,
54397864,11190051,,Super 2100-5i,152,,15.0
54397863,11190051,,Super 2100-5i,52,,
54397862,11190051,,Super 2100-5i,38,,14.0
54397861,11190051,,Super 2100-5i,37,,14.0
54397860,11190051,,Super 2100-5i,36,,14.0
54397859,11190051,,Super 2100-5i,149,,
54397858,11190051,,Super 2100-5i,73,,15.0
54397857,11190051,,Super 2100-5i,89,,
54397856,11190051,,Super 2100-5i,88,,10.0
54397854,11190051,,Super 2100-5i,35,,
54397853,11190051,,Super 2100-5i,127,,
54397852,11190051,,Super 2100-5i,148,,
54397851,11190051,,Super 2100-5i,8,,
54397850,11190051,,Super 2100-5i,26,,15.0
54397849,11190051,,Super 2100-5i,7,,
54397848,11190051,,Super 2100-5i,63,,15.0
54397847,11190051,,Super 2100-5i,87,,
54397846,11190051,,Super 2100-5i,27,,
54397845,11190051,,Super 2100-5i,23,,
54397844,11190051,,Super 2100-5i,132,,
54397843,11190051,,Super 2100-5i,34,,20.0
54397842,11190051,,Super 2100-5i,30,,
54397841,11190051,,Super 2100-5i,6,,
54397840,11190051,,Super 2100-5i,55,,11.0
54384952,5953,,C807s,6,,
54384951,5953,,C807s,69,Nein,
54384950,5953,,C807s,70,Ja,
54384949,5953,,C807s,95,6000,11.0
54384948,5953,,C807s,73,4575,15.0
54384947,5953,,C807s,87,Cummins,
54384946,5953,,C807s,90,Nein,
54384945,5953,,C807s,30,Nein,
54384944,5953,,C807s,92,"3,6",16.0
54384943,5953,,C807s,89,,
54384942,5953,,C807s,55,4300,11.0
54384941,5953,,C807s,10,Ja,
54384940,5953,,C807s,40,28,12.0
54384939,5953,,C807s,148,Nein,
54384938,5953,,C807s,26,2043,15.0
54384937,5953,,C807s,91,Nein,
54384936,5953,,C807s,88,55,10.0
54384935,5953,,C807s,7,,
54384934,5953,,C807s,63,2501,15.0
54384933,5953,,C807s,23,Nein,
54233188,79639,,R70,6,Stufe V,
54233187,79639,,R70,7,Tier 4f,
54233186,79639,,R70,50,Ja,
54233185,79639,,R70,26,2500,15.0
54233184,79639,,R70,148,Nein,
54233183,79639,,R70,55,15800,11.0
54233182,79639,,R70,63,3193,15.0
54233181,79639,,R70,87,CAT,
54233180,79639,,R70,88,99,10.0
54233179,79639,,R70,81,Nein,
54233178,79639,,R70,23,Nein,
54233177,79639,,R70,34,,20.0
54233176,79639,,R70,82,Nein,
54233175,79639,,R70,73,9681,15.0
54233174,79639,,R70,89,T4 Stage V,
54233173,79639,,R70,80,Ja,
54233172,79639,,R70,30,Ja,
54195647,WGH0H256PHAA00065,,HC 180i,155,,
54195646,WGH0H256PHAA00065,,HC 180i,96,,
54195645,WGH0H256PHAA00065,,HC 180i,136,,
54195644,WGH0H256PHAA00065,,HC 180i,73,6574,15.0
54195643,WGH0H256PHAA00065,,HC 180i,7,Tier 4,
54195642,WGH0H256PHAA00065,,HC 180i,63,3044,15.0
54195641,WGH0H256PHAA00065,,HC 180i,148,,
54195640,WGH0H256PHAA00065,,HC 180i,55,17340,11.0
54195639,WGH0H256PHAA00065,,HC 180i,88,160,10.0
54195638,WGH0H256PHAA00065,,HC 180i,6,Stufe V,
54195637,WGH0H256PHAA00065,,HC 180i,30,Ja,
54195636,WGH0H256PHAA00065,,HC 180i,69,,
54195635,WGH0H256PHAA00065,,HC 180i,26,2474,15.0
54195634,WGH0H256PHAA00065,,HC 180i,123,52 / 58,1.0
54195633,WGH0H256PHAA00065,,HC 180i,135,,11.0
54195632,WGH0H256PHAA00065,,HC 180i,13,2140,15.0
54195631,WGH0H256PHAA00065,,HC 180i,23,,
54195630,WGH0H256PHAA00065,,HC 180i,87,Deutz,
54195629,WGH0H256PHAA00065,,HC 180i,89,TCD 6.1 L6,
54189142,101870641167,,BW 154 AP-4i AM,158,Nein,
54189141,101870641167,,BW 154 AP-4i AM,155,Nein,
54189140,101870641167,,BW 154 AP-4i AM,69,,
54189139,101870641167,,BW 154 AP-4i AM,88,"55,4",10.0
54189138,101870641167,,BW 154 AP-4i AM,54,Ja,
54189137,101870641167,,BW 154 AP-4i AM,30,Nein,
54189136,101870641167,,BW 154 AP-4i AM,13,1600,15.0
54189135,101870641167,,BW 154 AP-4i AM,23,Nein,
54189134,101870641167,,BW 154 AP-4i AM,73,3990,15.0
54189133,101870641167,,BW 154 AP-4i AM,63,2955,15.0
54189132,101870641167,,BW 154 AP-4i AM,135,,11.0
54189131,101870641167,,BW 154 AP-4i AM,70,Nein,
54189130,101870641167,,BW 154 AP-4i AM,67,1,18.0
54189129,101870641167,,BW 154 AP-4i AM,87,Kubota,
54189128,101870641167,,BW 154 AP-4i AM,96,Nein,
54189127,101870641167,,BW 154 AP-4i AM,26,1665,15.0
54189126,101870641167,,BW 154 AP-4i AM,89,V3307 CR-T,
54189125,101870641167,,BW 154 AP-4i AM,55,7300,11.0
54189124,101870641167,,BW 154 AP-4i AM,6,Stufe V,
54189123,101870641167,,BW 154 AP-4i AM,148,Nein,
54189122,101870641167,,BW 154 AP-4i AM,7,Tier 4f,
54189121,101870641167,,BW 154 AP-4i AM,16,Ja,
54189120,101870641167,,BW 154 AP-4i AM,136,Ja,
54189094,101533,,TL 500,154,,19.0
54189093,101533,,TL 500,110,,
54189092,101533,,TL 500,26,,15.0
54189091,101533,,TL 500,65,,16.0
54189090,101533,,TL 500,73,,15.0
54189089,101533,,TL 500,147,,
54189088,101533,,TL 500,12,,18.0
54189087,101533,,TL 500,113,,
54189086,101533,,TL 500,109,,
54189085,101533,,TL 500,63,,15.0
54189084,101533,,TL 500,55,,11.0
54189083,101533,,TL 500,114,,15.0
54189077,101532,,TL 800,154,,19.0
54189076,101532,,TL 800,110,,
54189075,101532,,TL 800,26,,15.0
54189074,101532,,TL 800,65,,16.0
54189073,101532,,TL 800,73,,15.0
54189072,101532,,TL 800,147,,
54189071,101532,,TL 800,12,,18.0
54189070,101532,,TL 800,113,,
54189069,101532,,TL 800,109,,
54189068,101532,,TL 800,63,,15.0
54189067,101532,,TL 800,55,,11.0
54189066,101532,,TL 800,114,,15.0
54189062,101531,,TL 1000,154,,19.0
54189061,101531,,TL 1000,110,,
54189060,101531,,TL 1000,26,,15.0
54189059,101531,,TL 1000,65,,16.0
54189058,101531,,TL 1000,73,,15.0
54189057,101531,,TL 1000,147,,
54189056,101531,,TL 1000,12,,18.0
54189055,101531,,TL 1000,113,,
54189054,101531,,TL 1000,109,,
54189053,101531,,TL 1000,63,,15.0
54189052,101531,,TL 1000,55,,11.0
54189051,101531,,TL 1000,114,,15.0
54187571,101529,,UW TS - 140 HC,133,120 HC,
54187570,101529,,UW TS - 140 HC,55,,11.0
54187569,101529,,UW TS - 140 HC,63,,15.0
54187568,101529,,UW TS - 140 HC,73,,15.0
54187567,101529,,UW TS - 140 HC,26,,15.0
54187563,101528,,"TS - 120 HC, L=5,00 m",133,120 HC,
54187562,101528,,"TS - 120 HC, L=5,00 m",55,,11.0
54187561,101528,,"TS - 120 HC, L=5,00 m",63,,15.0
54187560,101528,,"TS - 120 HC, L=5,00 m",73,,15.0
54187559,101528,,"TS - 120 HC, L=5,00 m",26,,15.0
54187555,101527,,"TS - 120 HC, L=5,00 m",133,120 HC,
54187554,101527,,"TS - 120 HC, L=5,00 m",55,,11.0
54187553,101527,,"TS - 120 HC, L=5,00 m",63,,15.0
54187552,101527,,"TS - 120 HC, L=5,00 m",73,,15.0
54187551,101527,,"TS - 120 HC, L=5,00 m",26,,15.0
54187547,101526,,"TS - 120 HC, L=5,00 m",133,120 HC,
54187546,101526,,"TS - 120 HC, L=5,00 m",55,,11.0
54187545,101526,,"TS - 120 HC, L=5,00 m",63,,15.0
54187544,101526,,"TS - 120 HC, L=5,00 m",73,,15.0
54187543,101526,,"TS - 120 HC, L=5,00 m",26,,15.0
53797289,101521,,TL 300,154,,19.0
53797288,101521,,TL 300,110,,
53797287,101521,,TL 300,26,,15.0
53797286,101521,,TL 300,65,,16.0
53797285,101521,,TL 300,73,,15.0
53797284,101521,,TL 300,147,,
53797283,101521,,TL 300,12,,18.0
53797282,101521,,TL 300,113,,
53797281,101521,,TL 300,109,,
53797280,101521,,TL 300,63,,15.0
53797279,101521,,TL 300,55,,11.0
53797278,101521,,TL 300,114,,15.0
53797265,87434,18125,KX 101-3a3,99,,
53797264,87434,18125,KX 101-3a3,128,,
53797263,87434,18125,KX 101-3a3,60,,
53797262,87434,18125,KX 101-3a3,110,,
53797261,87434,18125,KX 101-3a3,78,,15.0
53797260,87434,18125,KX 101-3a3,141,,
53797259,87434,18125,KX 101-3a3,26,,15.0
53797258,87434,18125,KX 101-3a3,73,,15.0
53797257,87434,18125,KX 101-3a3,58,,
53797256,87434,18125,KX 101-3a3,106,,
53797255,87434,18125,KX 101-3a3,23,,
53797254,87434,18125,KX 101-3a3,137,,
53797253,87434,18125,KX 101-3a3,63,,15.0
53797252,87434,18125,KX 101-3a3,145,,
53797251,87434,18125,KX 101-3a3,111,,
53797250,87434,18125,KX 101-3a3,56,,15.0
53797249,87434,18125,KX 101-3a3,7,,
53797248,87434,18125,KX 101-3a3,140,,
53797247,87434,18125,KX 101-3a3,87,,
53797246,87434,18125,KX 101-3a3,6,,
53797245,87434,18125,KX 101-3a3,66,,
53797244,87434,18125,KX 101-3a3,112,,
53797243,87434,18125,KX 101-3a3,148,,
53797242,87434,18125,KX 101-3a3,120,,
53797241,87434,18125,KX 101-3a3,30,,
53797240,87434,18125,KX 101-3a3,113,,
53797239,87434,18125,KX 101-3a3,109,,
53797238,87434,18125,KX 101-3a3,108,,
53797237,87434,18125,KX 101-3a3,69,,
53797236,87434,18125,KX 101-3a3,88,,10.0
53797235,87434,18125,KX 101-3a3,89,,
53797234,87434,18125,KX 101-3a3,57,,
53797233,87434,18125,KX 101-3a3,55,,11.0
53793667,101880561154,,BW 100 AD-5,148,Ja,
53793666,101880561154,,BW 100 AD-5,136,Nein,
53793665,101880561154,,BW 100 AD-5,96,Nein,
53793664,101880561154,,BW 100 AD-5,89,D1803,
53793663,101880561154,,BW 100 AD-5,88,"24,6",10.0
53793662,101880561154,,BW 100 AD-5,87,Kubota,
53793661,101880561154,,BW 100 AD-5,73,2529,15.0
53793660,101880561154,,BW 100 AD-5,70,Ja,
53793659,101880561154,,BW 100 AD-5,69,Nein,
53793658,101880561154,,BW 100 AD-5,67,1,18.0
53793657,101880561154,,BW 100 AD-5,63,1808,15.0
53793656,101880561154,,BW 100 AD-5,55,2550,11.0
53793655,101880561154,,BW 100 AD-5,54,Nein,
53793654,101880561154,,BW 100 AD-5,30,Ja,
53793653,101880561154,,BW 100 AD-5,26,1072,15.0
53793652,101880561154,,BW 100 AD-5,23,Nein,
53793651,101880561154,,BW 100 AD-5,16,Nein,
53793650,101880561154,,BW 100 AD-5,13,1000,15.0
53793649,101880561154,,BW 100 AD-5,7,Tier 4f,
53793648,101880561154,,BW 100 AD-5,6,Stufe V,
53792376,WNCD1802EPAL00337,18128,DW 90,6,Stufe V,
53792375,WNCD1802EPAL00337,18128,DW 90,69,,
53792374,WNCD1802EPAL00337,18128,DW 90,70,,
53792373,WNCD1802EPAL00337,18128,DW 90,95,9000,11.0
53792372,WNCD1802EPAL00337,18128,DW 90,73,4670,15.0
53792371,WNCD1802EPAL00337,18128,DW 90,87,DEUTZ,
53792370,WNCD1802EPAL00337,18128,DW 90,90,Nein,
53792369,WNCD1802EPAL00337,18128,DW 90,30,,
53792368,WNCD1802EPAL00337,18128,DW 90,92,3600,16.0
53792367,WNCD1802EPAL00337,18128,DW 90,89,TD 2.9,
53792366,WNCD1802EPAL00337,18128,DW 90,55,4727,11.0
53792365,WNCD1802EPAL00337,18128,DW 90,10,Ja,
53792364,WNCD1802EPAL00337,18128,DW 90,40,25,12.0
53792363,WNCD1802EPAL00337,18128,DW 90,148,,
53792362,WNCD1802EPAL00337,18128,DW 90,26,2486,15.0
53792361,WNCD1802EPAL00337,18128,DW 90,91,,
53792360,WNCD1802EPAL00337,18128,DW 90,88,"55,4",10.0
53792359,WNCD1802EPAL00337,18128,DW 90,7,,
53792358,WNCD1802EPAL00337,18128,DW 90,63,3280,15.0
53792357,WNCD1802EPAL00337,18128,DW 90,23,,
53792353,NCBF20535,18127,F 106.7 A,10,,
53792352,NCBF20535,18127,F 106.7 A,79,,15.0
53792351,NCBF20535,18127,F 106.7 A,88,,10.0
53792350,NCBF20535,18127,F 106.7 A,40,,12.0
53792349,NCBF20535,18127,F 106.7 A,140,,
53792348,NCBF20535,18127,F 106.7 A,6,,
53792347,NCBF20535,18127,F 106.7 A,26,,15.0
53792346,NCBF20535,18127,F 106.7 A,148,,
53792345,NCBF20535,18127,F 106.7 A,49,,15.0
53792344,NCBF20535,18127,F 106.7 A,30,,
53792343,NCBF20535,18127,F 106.7 A,23,,
53792342,NCBF20535,18127,F 106.7 A,69,,
53792341,NCBF20535,18127,F 106.7 A,7,,
53792340,NCBF20535,18127,F 106.7 A,63,,15.0
53792339,NCBF20535,18127,F 106.7 A,73,,15.0
53792338,NCBF20535,18127,F 106.7 A,87,,
53792337,NCBF20535,18127,F 106.7 A,55,,11.0
53792336,NCBF20535,18127,F 106.7 A,89,,
53792335,NCBF20535,18127,F 106.7 A,141,,
53754008,79638,,TS4065,44,"18,64",14.0
53754007,79638,,TS4065,73,12100,15.0
53754006,79638,,TS4065,63,2500,15.0
53754005,79638,,TS4065,22,1000,15.0
53754004,79638,,TS4065,43,450,20.0
53754003,79638,,TS4065,42,"7,88",14.0
53753999,79638,,TS4065,26,2340,15.0
53753996,79638,,TS4065,55,10500,11.0
53751919,,101511,"Kreuz - 170/256 HC - 4,5 x 4,5",133,170 HC/256 HC,
53751918,,101511,"Kreuz - 170/256 HC - 4,5 x 4,5",55,,11.0
53751917,,101511,"Kreuz - 170/256 HC - 4,5 x 4,5",63,,15.0
53751916,,101511,"Kreuz - 170/256 HC - 4,5 x 4,5",73,,15.0
53751915,,101511,"Kreuz - 170/256 HC - 4,5 x 4,5",26,,15.0
53751887,45722,18108,280 EC-H 16 Litronic Hofkran Lagerplatzkran,53,,19.0
53751886,45722,18108,280 EC-H 16 Litronic Hofkran Lagerplatzkran,146,,
53751885,45722,18108,280 EC-H 16 Litronic Hofkran Lagerplatzkran,69,,
53751884,45722,18108,280 EC-H 16 Litronic Hofkran Lagerplatzkran,19,,14.0
53751883,45722,18108,280 EC-H 16 Litronic Hofkran Lagerplatzkran,148,,
53751882,45722,18108,280 EC-H 16 Litronic Hofkran Lagerplatzkran,48,,3.0
53751881,45722,18108,280 EC-H 16 Litronic Hofkran Lagerplatzkran,93,,5.0
53751880,45722,18108,280 EC-H 16 Litronic Hofkran Lagerplatzkran,18,,14.0
53751879,45722,18108,280 EC-H 16 Litronic Hofkran Lagerplatzkran,131,,11.0
53751878,45722,18108,280 EC-H 16 Litronic Hofkran Lagerplatzkran,59,,14.0
53751877,45722,18108,280 EC-H 16 Litronic Hofkran Lagerplatzkran,66,,
53751876,45722,18108,280 EC-H 16 Litronic Hofkran Lagerplatzkran,94,,2.0
53751875,45722,18108,280 EC-H 16 Litronic Hofkran Lagerplatzkran,130,,11.0
53751874,45722,18108,280 EC-H 16 Litronic Hofkran Lagerplatzkran,76,,10.0
53751873,45722,18108,280 EC-H 16 Litronic Hofkran Lagerplatzkran,133,,
53751872,45722,18108,280 EC-H 16 Litronic Hofkran Lagerplatzkran,5,,
53751871,45722,18108,280 EC-H 16 Litronic Hofkran Lagerplatzkran,50,,
53588228,101501,,Verbreiterung AB 500-3 TP2 - 750R,26,750,15.0
53588227,101501,,Verbreiterung AB 500-3 TP2 - 750R,149,AB 500-3 TP-2,
53588223,101500,,Verbreiterung AB 500-3 TP2 - 750L,37,,14.0
53588222,101500,,Verbreiterung AB 500-3 TP2 - 750L,36,,14.0
53588221,101500,,Verbreiterung AB 500-3 TP2 - 750L,154,,19.0
53588220,101500,,Verbreiterung AB 500-3 TP2 - 750L,116,,15.0
53588219,101500,,Verbreiterung AB 500-3 TP2 - 750L,149,,
53588218,101500,,Verbreiterung AB 500-3 TP2 - 750L,111,,
53588217,101500,,Verbreiterung AB 500-3 TP2 - 750L,112,,
53588216,101500,,Verbreiterung AB 500-3 TP2 - 750L,26,,15.0
53588215,101500,,Verbreiterung AB 500-3 TP2 - 750L,55,,11.0
53588214,101500,,Verbreiterung AB 500-3 TP2 - 750L,110,,
53588213,101500,,Verbreiterung AB 500-3 TP2 - 750L,109,,
53588212,101500,,Verbreiterung AB 500-3 TP2 - 750L,23,,
53588211,101500,,Verbreiterung AB 500-3 TP2 - 750L,113,,
53588210,101500,,Verbreiterung AB 500-3 TP2 - 750L,73,,15.0
53588209,101500,,Verbreiterung AB 500-3 TP2 - 750L,63,,15.0
53588208,101500,,Verbreiterung AB 500-3 TP2 - 750L,26,750,15.0
53588207,101500,,Verbreiterung AB 500-3 TP2 - 750L,149,AB 500-3 TP-2,
53588203,101499,,Verbreiterung AB 500-3 TP2 - 250R,37,,14.0
53588202,101499,,Verbreiterung AB 500-3 TP2 - 250R,36,,14.0
53588201,101499,,Verbreiterung AB 500-3 TP2 - 250R,154,,19.0
53588200,101499,,Verbreiterung AB 500-3 TP2 - 250R,116,,15.0
53588199,101499,,Verbreiterung AB 500-3 TP2 - 250R,149,AB 500-3 TP-2,
53588198,101499,,Verbreiterung AB 500-3 TP2 - 250R,111,,
53588197,101499,,Verbreiterung AB 500-3 TP2 - 250R,112,,
53588196,101499,,Verbreiterung AB 500-3 TP2 - 250R,26,,15.0
53588195,101499,,Verbreiterung AB 500-3 TP2 - 250R,55,,11.0
53588194,101499,,Verbreiterung AB 500-3 TP2 - 250R,110,,
53588193,101499,,Verbreiterung AB 500-3 TP2 - 250R,109,,
53588192,101499,,Verbreiterung AB 500-3 TP2 - 250R,23,,
53588191,101499,,Verbreiterung AB 500-3 TP2 - 250R,113,,
53588190,101499,,Verbreiterung AB 500-3 TP2 - 250R,73,250,15.0
53588189,101499,,Verbreiterung AB 500-3 TP2 - 250R,63,,15.0
53588185,101498,,Verbreiterung AB 500-3 TP2 - 250L,37,,14.0
53588184,101498,,Verbreiterung AB 500-3 TP2 - 250L,36,,14.0
53588183,101498,,Verbreiterung AB 500-3 TP2 - 250L,154,,19.0
53588182,101498,,Verbreiterung AB 500-3 TP2 - 250L,116,,15.0
53588181,101498,,Verbreiterung AB 500-3 TP2 - 250L,149,AB 500-3 TP-2,
53588180,101498,,Verbreiterung AB 500-3 TP2 - 250L,111,,
53588179,101498,,Verbreiterung AB 500-3 TP2 - 250L,112,,
53588178,101498,,Verbreiterung AB 500-3 TP2 - 250L,26,,15.0
53588177,101498,,Verbreiterung AB 500-3 TP2 - 250L,55,,11.0
53588176,101498,,Verbreiterung AB 500-3 TP2 - 250L,110,,
53588175,101498,,Verbreiterung AB 500-3 TP2 - 250L,109,,
53588174,101498,,Verbreiterung AB 500-3 TP2 - 250L,23,,
53588173,101498,,Verbreiterung AB 500-3 TP2 - 250L,113,,
53588172,101498,,Verbreiterung AB 500-3 TP2 - 250L,73,250,15.0
53588171,101498,,Verbreiterung AB 500-3 TP2 - 250L,63,,15.0
53588167,14820046,18111,Super 1800-3i,156,,
53588166,14820046,18111,Super 1800-3i,152,bis 30,15.0
53588165,14820046,18111,Super 1800-3i,52,,
53588164,14820046,18111,Super 1800-3i,38,,14.0
53588163,14820046,18111,Super 1800-3i,37,,14.0
53588162,14820046,18111,Super 1800-3i,36,,14.0
53588161,14820046,18111,Super 1800-3i,149,,
53588160,14820046,18111,Super 1800-3i,73,,15.0
53588159,14820046,18111,Super 1800-3i,89,B6.7-C173,
53588158,14820046,18111,Super 1800-3i,88,129,10.0
53588156,14820046,18111,Super 1800-3i,35,,
53588155,14820046,18111,Super 1800-3i,127,,
53588154,14820046,18111,Super 1800-3i,148,,
53588153,14820046,18111,Super 1800-3i,8,,
53588152,14820046,18111,Super 1800-3i,26,2550,15.0
53588151,14820046,18111,Super 1800-3i,7,,
53588150,14820046,18111,Super 1800-3i,63,3100,15.0
53588149,14820046,18111,Super 1800-3i,87,Cummins,
53588148,14820046,18111,Super 1800-3i,27,,
53588147,14820046,18111,Super 1800-3i,23,,
53588146,14820046,18111,Super 1800-3i,132,,
53588145,14820046,18111,Super 1800-3i,34,700,20.0
53588144,14820046,18111,Super 1800-3i,30,,
53588143,14820046,18111,Super 1800-3i,6,,
53588142,14820046,18111,Super 1800-3i,55,,11.0
53564253,2306251,,GRL 1400 starr,154,"3,8 - 6,5",19.0
53564252,2306251,,GRL 1400 starr,26,1400,15.0
53564251,2306251,,GRL 1400 starr,110,QC03,
53564250,2306251,,GRL 1400 starr,63,440,15.0
53564249,2306251,,GRL 1400 starr,114,1400,15.0
53564248,2306251,,GRL 1400 starr,109,Henle,
53564247,2306251,,GRL 1400 starr,65,"0,232",16.0
53564246,2306251,,GRL 1400 starr,55,,11.0
53564245,2306251,,GRL 1400 starr,73,570,15.0
53564241,2306250,,TL 800,154,"5,0 - 6,5",19.0
53564240,2306250,,TL 800,110,QC03,
53564239,2306250,,TL 800,26,800,15.0
53564238,2306250,,TL 800,65,"0,258",16.0
53564237,2306250,,TL 800,73,750,15.0
53564236,2306250,,TL 800,147,Mini-Z 2,
53564235,2306250,,TL 800,12,5,18.0
53564234,2306250,,TL 800,109,Henle,
53564233,2306250,,TL 800,63,700,15.0
53564232,2306250,,TL 800,55,,11.0
53564231,2306250,,TL 800,114,800,15.0
53564227,2306249,,TL 600,154,"5,0 - 6,5",19.0
53564226,2306249,,TL 600,110,QC03,
53564225,2306249,,TL 600,26,600,15.0
53564224,2306249,,TL 600,65,"0,182",16.0
53564223,2306249,,TL 600,73,950,15.0
53564222,2306249,,TL 600,147,Mini-Z 2,
53564221,2306249,,TL 600,12,4,18.0
53564220,2306249,,TL 600,109,Henle,
53564219,2306249,,TL 600,63,730,15.0
53564218,2306249,,TL 600,55,100,11.0
53564217,2306249,,TL 600,114,600,15.0
53564213,2306248,,TL 400,154,"5,0 - 6,5",19.0
53564212,2306248,,TL 400,110,QC03,
53564211,2306248,,TL 400,26,400,15.0
53564210,2306248,,TL 400,65,"0,106",16.0
53564209,2306248,,TL 400,73,940,15.0
53564208,2306248,,TL 400,147,Mini-Z 2,
53564207,2306248,,TL 400,12,3,18.0
53564206,2306248,,TL 400,109,Henle,
53564205,2306248,,TL 400,63,730,15.0
53564204,2306248,,TL 400,55,100,11.0
53564203,2306248,,TL 400,114,400,15.0
53564199,2306247,,SG 100,14,,6.0
53564198,2306247,,SG 100,154,"1,5 - 4,0",19.0
53564197,2306247,,SG 100,63,,15.0
53564196,2306247,,SG 100,113,,
53564195,2306247,,SG 100,110,,
53564194,2306247,,SG 100,73,,15.0
53564193,2306247,,SG 100,55,,11.0
53564192,2306247,,SG 100,114,400,15.0
53564191,2306247,,SG 100,109,,
53564190,2306247,,SG 100,112,,
53564189,2306247,,SG 100,26,,15.0
53564188,2306247,,SG 100,23,,
53564187,2306247,,SG 100,111,,
53486605,08190429,Peter Gross Invent: 93900400,Super 1900-3i,156,,
53486604,08190429,Peter Gross Invent: 93900400,Super 1900-3i,152,bis 40,15.0
53486603,08190429,Peter Gross Invent: 93900400,Super 1900-3i,52,,
53486602,08190429,Peter Gross Invent: 93900400,Super 1900-3i,38,,14.0
53486601,08190429,Peter Gross Invent: 93900400,Super 1900-3i,37,,14.0
53486600,08190429,Peter Gross Invent: 93900400,Super 1900-3i,36,,14.0
53486599,08190429,Peter Gross Invent: 93900400,Super 1900-3i,149,,
53486598,08190429,Peter Gross Invent: 93900400,Super 1900-3i,73,,15.0
53486597,08190429,Peter Gross Invent: 93900400,Super 1900-3i,89,B6.7-C195,
53486596,08190429,Peter Gross Invent: 93900400,Super 1900-3i,88,145,10.0
53486594,08190429,Peter Gross Invent: 93900400,Super 1900-3i,35,,
53486593,08190429,Peter Gross Invent: 93900400,Super 1900-3i,127,,
53486592,08190429,Peter Gross Invent: 93900400,Super 1900-3i,148,,
53486591,08190429,Peter Gross Invent: 93900400,Super 1900-3i,8,,
53486590,08190429,Peter Gross Invent: 93900400,Super 1900-3i,26,2550,15.0
53486589,08190429,Peter Gross Invent: 93900400,Super 1900-3i,7,,
53486588,08190429,Peter Gross Invent: 93900400,Super 1900-3i,63,3100,15.0
53486587,08190429,Peter Gross Invent: 93900400,Super 1900-3i,87,Cummins,
53486586,08190429,Peter Gross Invent: 93900400,Super 1900-3i,27,,
53486585,08190429,Peter Gross Invent: 93900400,Super 1900-3i,23,,
53486584,08190429,Peter Gross Invent: 93900400,Super 1900-3i,132,,
53486583,08190429,Peter Gross Invent: 93900400,Super 1900-3i,34,900,20.0
53486582,08190429,Peter Gross Invent: 93900400,Super 1900-3i,30,,
53486581,08190429,Peter Gross Invent: 93900400,Super 1900-3i,6,,
53486580,08190429,Peter Gross Invent: 93900400,Super 1900-3i,55,,11.0
53367637,01ME0022,,Materialkübel extern,73,,15.0
53367636,01ME0022,,Materialkübel extern,51,Ja,
53367635,01ME0022,,Materialkübel extern,55,1550,11.0
53367634,01ME0022,,Materialkübel extern,65,,16.0
53367633,01ME0022,,Materialkübel extern,26,,15.0
53367632,01ME0022,,Materialkübel extern,63,,15.0
53367114,08610108,,MT 3000-3i Offset,158,Nein,
53367113,08610108,,MT 3000-3i Offset,26,3000,15.0
53367112,08610108,,MT 3000-3i Offset,69,Nein,
53367111,08610108,,MT 3000-3i Offset,62,Nein,
53367110,08610108,,MT 3000-3i Offset,34,1200,20.0
53367109,08610108,,MT 3000-3i Offset,31,Ja,
53367108,08610108,,MT 3000-3i Offset,148,,
53367107,08610108,,MT 3000-3i Offset,43,1200,20.0
53367106,08610108,,MT 3000-3i Offset,30,Ja,
53367105,08610108,,MT 3000-3i Offset,89,TCD 6.1,
53367104,08610108,,MT 3000-3i Offset,22,1100,15.0
53367103,08610108,,MT 3000-3i Offset,73,15290,15.0
53367102,08610108,,MT 3000-3i Offset,8,Nein,
53367101,08610108,,MT 3000-3i Offset,88,160,10.0
53367100,08610108,,MT 3000-3i Offset,6,Stufe V,
53367099,08610108,,MT 3000-3i Offset,7,Tier 4f,
53367098,08610108,,MT 3000-3i Offset,119,Ja,
53367097,08610108,,MT 3000-3i Offset,63,3100,15.0
53367096,08610108,,MT 3000-3i Offset,87,Deutz,
53367095,08610108,,MT 3000-3i Offset,23,Nein,
53367094,08610108,,MT 3000-3i Offset,132,Ja,
53367093,08610108,,MT 3000-3i Offset,55,24300,11.0
53364206,WGH0H287VHAA00108,,HC 70i P,155,Nein,
53364205,WGH0H287VHAA00108,,HC 70i P,136,Nein,
53364204,WGH0H287VHAA00108,,HC 70i P,123,55,1.0
53364203,WGH0H287VHAA00108,,HC 70i P,89,V3307-CR-TE5B,
53364202,WGH0H287VHAA00108,,HC 70i P,55,6855,11.0
53364201,WGH0H287VHAA00108,,HC 70i P,87,Kubota,
53364200,WGH0H287VHAA00108,,HC 70i P,7,Tier 4,
53364199,WGH0H287VHAA00108,,HC 70i P,148,Nein,
53364198,WGH0H287VHAA00108,,HC 70i P,30,Ja,
53364197,WGH0H287VHAA00108,,HC 70i P,13,1680,15.0
53364196,WGH0H287VHAA00108,,HC 70i P,135,,11.0
53364195,WGH0H287VHAA00108,,HC 70i P,88,"55,4",10.0
53364194,WGH0H287VHAA00108,,HC 70i P,69,Nein,
53364193,WGH0H287VHAA00108,,HC 70i P,26,2016,15.0
53364192,WGH0H287VHAA00108,,HC 70i P,23,Nein,
53364191,WGH0H287VHAA00108,,HC 70i P,63,2883,15.0
53364190,WGH0H287VHAA00108,,HC 70i P,73,4439,15.0
53364189,WGH0H287VHAA00108,,HC 70i P,6,Stufe V,
53335174,1000021363,,Materialkübel extern,73,2550,15.0
53335173,1000021363,,Materialkübel extern,51,Ja,
53335172,1000021363,,Materialkübel extern,55,1200,11.0
53335171,1000021363,,Materialkübel extern,65,11,16.0
53335170,1000021363,,Materialkübel extern,26,3700,15.0
53335169,1000021363,,Materialkübel extern,63,2190,15.0
53328395,NG004113,,MF 2500CS STG V 2019,26,2550,15.0
53328394,NG004113,,MF 2500CS STG V 2019,69,Nein,
53328393,NG004113,,MF 2500CS STG V 2019,62,Ja,
53328392,NG004113,,MF 2500CS STG V 2019,31,Ja,
53328391,NG004113,,MF 2500CS STG V 2019,148,Ja,
53328390,NG004113,,MF 2500CS STG V 2019,43,4000,20.0
53328389,NG004113,,MF 2500CS STG V 2019,30,Ja,
53328388,NG004113,,MF 2500CS STG V 2019,89,QSB 6.7-C225,
53328387,NG004113,,MF 2500CS STG V 2019,22,1200,15.0
53328386,NG004113,,MF 2500CS STG V 2019,73,9200,15.0
53328385,NG004113,,MF 2500CS STG V 2019,8,Nein,
53328384,NG004113,,MF 2500CS STG V 2019,88,168,10.0
53328383,NG004113,,MF 2500CS STG V 2019,6,Stufe IV,
53328382,NG004113,,MF 2500CS STG V 2019,7,Tier 4f,
53328381,NG004113,,MF 2500CS STG V 2019,63,3100,15.0
53328380,NG004113,,MF 2500CS STG V 2019,87,Cummins,
53328379,NG004113,,MF 2500CS STG V 2019,23,,
53328378,NG004113,,MF 2500CS STG V 2019,132,Ja,
53328377,NG004113,,MF 2500CS STG V 2019,55,20000,11.0
53322193,166-47955,18113,71 K,131,,11.0
53322192,166-47955,18113,71 K,53,,19.0
53322191,166-47955,18113,71 K,93,,5.0
53322190,166-47955,18113,71 K,148,,
53322189,166-47955,18113,71 K,146,,
53322188,166-47955,18113,71 K,76,,10.0
53322187,166-47955,18113,71 K,94,,2.0
53322186,166-47955,18113,71 K,66,,
53322185,166-47955,18113,71 K,59,,14.0
53322184,166-47955,18113,71 K,18,,14.0
53322183,166-47955,18113,71 K,130,,11.0
53322182,166-47955,18113,71 K,50,Ja,
53322181,166-47955,18113,71 K,69,,
53322180,166-47955,18113,71 K,48,,3.0
53322179,166-47955,18113,71 K,5,,
53322178,166-47955,18113,71 K,19,,14.0
53322177,166-47955,18113,71 K,133,,
53322173,325-44653,18114,112 EC-H 8 Litronic,18,,14.0
53322172,325-44653,18114,112 EC-H 8 Litronic,53,,19.0
53322171,325-44653,18114,112 EC-H 8 Litronic,59,,14.0
53322170,325-44653,18114,112 EC-H 8 Litronic,50,,
53322169,325-44653,18114,112 EC-H 8 Litronic,19,,14.0
53322162,RH300184,18116,M 323 F,160,,
53322161,RH300184,18116,M 323 F,99,,
53322160,RH300184,18116,M 323 F,69,,
53322159,RH300184,18116,M 323 F,83,,
53322158,RH300184,18116,M 323 F,23,,
53322157,RH300184,18116,M 323 F,78,,15.0
53322156,RH300184,18116,M 323 F,26,,15.0
53322155,RH300184,18116,M 323 F,113,,
53322154,RH300184,18116,M 323 F,40,,12.0
53322153,RH300184,18116,M 323 F,87,,
53322152,RH300184,18116,M 323 F,128,,
53322151,RH300184,18116,M 323 F,73,,15.0
53322150,RH300184,18116,M 323 F,141,,
53322149,RH300184,18116,M 323 F,6,,
53322148,RH300184,18116,M 323 F,11,,
53322147,RH300184,18116,M 323 F,111,,
53322146,RH300184,18116,M 323 F,112,,
53322145,RH300184,18116,M 323 F,109,,
53322144,RH300184,18116,M 323 F,55,,11.0
53322143,RH300184,18116,M 323 F,110,,
53322142,RH300184,18116,M 323 F,56,,15.0
53322141,RH300184,18116,M 323 F,30,,
53322140,RH300184,18116,M 323 F,89,,
53322139,RH300184,18116,M 323 F,148,,
53322138,RH300184,18116,M 323 F,57,,
53322137,RH300184,18116,M 323 F,120,,
53322136,RH300184,18116,M 323 F,88,,10.0
53322135,RH300184,18116,M 323 F,7,,
53322134,RH300184,18116,M 323 F,137,,
53322133,RH300184,18116,M 323 F,101,,
53322132,RH300184,18116,M 323 F,58,,
53322131,RH300184,18116,M 323 F,140,,
53322130,RH300184,18116,M 323 F,107,,
53322129,RH300184,18116,M 323 F,63,,15.0
53322128,RH300184,18116,M 323 F,106,,
53322127,RH300184,18116,M 323 F,60,,
53322123,101465,,TL 800 - SW 48,154,,19.0
53322122,101465,,TL 800 - SW 48,110,,
53322121,101465,,TL 800 - SW 48,26,,15.0
53322120,101465,,TL 800 - SW 48,65,,16.0
53322119,101465,,TL 800 - SW 48,73,,15.0
53322118,101465,,TL 800 - SW 48,147,,
53322117,101465,,TL 800 - SW 48,12,,18.0
53322116,101465,,TL 800 - SW 48,113,,
53322115,101465,,TL 800 - SW 48,109,,
53322114,101465,,TL 800 - SW 48,63,,15.0
53322113,101465,,TL 800 - SW 48,55,,11.0
53322112,101465,,TL 800 - SW 48,114,,15.0
53322108,1178-67911,18112,A 918,69,,
53322107,1178-67911,18112,A 918,83,,
53322106,1178-67911,18112,A 918,23,,
53322105,1178-67911,18112,A 918,78,,15.0
53322104,1178-67911,18112,A 918,26,,15.0
53322103,1178-67911,18112,A 918,113,,
53322102,1178-67911,18112,A 918,40,,12.0
53322101,1178-67911,18112,A 918,87,,
53322100,1178-67911,18112,A 918,128,,
53322099,1178-67911,18112,A 918,73,,15.0
53322098,1178-67911,18112,A 918,141,,
53322097,1178-67911,18112,A 918,6,,
53322096,1178-67911,18112,A 918,11,,
53322095,1178-67911,18112,A 918,111,,
53322094,1178-67911,18112,A 918,112,,
53322093,1178-67911,18112,A 918,109,,
53322092,1178-67911,18112,A 918,55,,11.0
53322091,1178-67911,18112,A 918,110,,
53322090,1178-67911,18112,A 918,56,,15.0
53322089,1178-67911,18112,A 918,30,,
53322088,1178-67911,18112,A 918,89,,
53322087,1178-67911,18112,A 918,148,,
53322086,1178-67911,18112,A 918,57,,
53322085,1178-67911,18112,A 918,120,,
53322084,1178-67911,18112,A 918,88,,10.0
53322083,1178-67911,18112,A 918,7,,
53322082,1178-67911,18112,A 918,137,,
53322081,1178-67911,18112,A 918,101,,
53322080,1178-67911,18112,A 918,58,,
53322079,1178-67911,18112,A 918,140,,
53322078,1178-67911,18112,A 918,107,,
53322077,1178-67911,18112,A 918,63,,15.0
53322076,1178-67911,18112,A 918,106,,
53322075,1178-67911,18112,A 918,60,,
53255395,101460,,"TS - 256 HC, L=12,42 m",133,,
53255394,101460,,"TS - 256 HC, L=12,42 m",55,,11.0
53255393,101460,,"TS - 256 HC, L=12,42 m",63,,15.0
53255392,101460,,"TS - 256 HC, L=12,42 m",73,,15.0
53255391,101460,,"TS - 256 HC, L=12,42 m",26,,15.0
53255384,101458,,UW TS - 256 HC,133,256 HC,
53255383,101458,,UW TS - 256 HC,55,,11.0
53255382,101458,,UW TS - 256 HC,63,,15.0
53255381,101458,,UW TS - 256 HC,73,,15.0
53255380,101458,,UW TS - 256 HC,26,,15.0
53255376,44187,18115,280 EC-H 12 Litronic,53,,19.0
53255375,44187,18115,280 EC-H 12 Litronic,146,,
53255374,44187,18115,280 EC-H 12 Litronic,69,,
53255373,44187,18115,280 EC-H 12 Litronic,19,,14.0
53255372,44187,18115,280 EC-H 12 Litronic,148,,
53255371,44187,18115,280 EC-H 12 Litronic,48,,3.0
53255370,44187,18115,280 EC-H 12 Litronic,93,,5.0
53255369,44187,18115,280 EC-H 12 Litronic,18,,14.0
53255368,44187,18115,280 EC-H 12 Litronic,131,,11.0
53255367,44187,18115,280 EC-H 12 Litronic,59,,14.0
53255366,44187,18115,280 EC-H 12 Litronic,66,,
53255365,44187,18115,280 EC-H 12 Litronic,94,,2.0
53255364,44187,18115,280 EC-H 12 Litronic,130,,11.0
53255363,44187,18115,280 EC-H 12 Litronic,76,,10.0
53255362,44187,18115,280 EC-H 12 Litronic,133,,
53255361,44187,18115,280 EC-H 12 Litronic,5,,
53255360,44187,18115,280 EC-H 12 Litronic,50,,
53103709,55VB8196L,,Verbreiterung - AB 600-3 TV - 750L,149,AB 600-3 TV,
53103708,55VB8196L,,Verbreiterung - AB 600-3 TV - 750L,26,750,
53103700,14824586,,Super 1800-3i,156,Nein,
53103699,14824586,,Super 1800-3i,152,bis 30,15.0
53103698,14824586,,Super 1800-3i,52,Nein,
53103697,14824586,,Super 1800-3i,38,"8,00",14.0
53103696,14824586,,Super 1800-3i,37,"6,00",14.0
53103695,14824586,,Super 1800-3i,36,"3,00",14.0
53103694,14824586,,Super 1800-3i,149,AB 600-3 TV,
53103693,14824586,,Super 1800-3i,73,6500,15.0
53103692,14824586,,Super 1800-3i,89,B6.7-C173,
53103691,14824586,,Super 1800-3i,88,129,10.0
53103689,14824586,,Super 1800-3i,35,Ja,
53103688,14824586,,Super 1800-3i,127,Ja,
53103687,14824586,,Super 1800-3i,148,Ja,
53103686,14824586,,Super 1800-3i,8,Ja,
53103685,14824586,,Super 1800-3i,26,2550,15.0
53103683,14824586,,Super 1800-3i,63,3100,15.0
53103682,14824586,,Super 1800-3i,87,Cummins,
53103681,14824586,,Super 1800-3i,27,hydraulisch,
53103680,14824586,,Super 1800-3i,23,Nein,
53103679,14824586,,Super 1800-3i,132,Ja,
53103678,14824586,,Super 1800-3i,34,700,20.0
53103677,14824586,,Super 1800-3i,30,Ja,
53103675,14824586,,Super 1800-3i,55,20000,11.0
53062432,101451,,GRL 1500,154,,19.0
53062431,101451,,GRL 1500,114,,15.0
53062430,101451,,GRL 1500,112,,
53062429,101451,,GRL 1500,55,,11.0
53062428,101451,,GRL 1500,63,,15.0
53062427,101451,,GRL 1500,65,,16.0
53062426,101451,,GRL 1500,23,,
53062425,101451,,GRL 1500,73,,15.0
53062424,101451,,GRL 1500,26,,15.0
53062423,101451,,GRL 1500,109,,
53062422,101451,,GRL 1500,110,,
53062421,101451,,GRL 1500,113,,
53062420,101451,,GRL 1500,111,,
53062416,101450,,TL 1200,154,,19.0
53062415,101450,,TL 1200,110,,
53062414,101450,,TL 1200,26,,15.0
53062413,101450,,TL 1200,65,,16.0
53062412,101450,,TL 1200,73,,15.0
53062411,101450,,TL 1200,147,,
53062410,101450,,TL 1200,12,,18.0
53062409,101450,,TL 1200,113,,
53062408,101450,,TL 1200,109,,
53062407,101450,,TL 1200,63,,15.0
53062406,101450,,TL 1200,55,,11.0
53062405,101450,,TL 1200,114,,15.0
53062401,122006,18081,EW 180 C,160,,
53062400,122006,18081,EW 180 C,99,,
53062399,122006,18081,EW 180 C,69,,
53062398,122006,18081,EW 180 C,83,,
53062397,122006,18081,EW 180 C,23,,
53062396,122006,18081,EW 180 C,78,,15.0
53062395,122006,18081,EW 180 C,26,,15.0
53062394,122006,18081,EW 180 C,113,,
53062393,122006,18081,EW 180 C,40,,12.0
53062392,122006,18081,EW 180 C,87,,
53062391,122006,18081,EW 180 C,128,,
53062390,122006,18081,EW 180 C,73,,15.0
53062389,122006,18081,EW 180 C,141,,
53062388,122006,18081,EW 180 C,6,,
53062387,122006,18081,EW 180 C,11,,
53062386,122006,18081,EW 180 C,111,,
53062385,122006,18081,EW 180 C,112,,
53062384,122006,18081,EW 180 C,109,,
53062383,122006,18081,EW 180 C,55,,11.0
53062382,122006,18081,EW 180 C,110,,
53062381,122006,18081,EW 180 C,56,,15.0
53062380,122006,18081,EW 180 C,30,,
53062379,122006,18081,EW 180 C,89,,
53062378,122006,18081,EW 180 C,148,,
53062377,122006,18081,EW 180 C,57,,
53062376,122006,18081,EW 180 C,120,,
53062375,122006,18081,EW 180 C,88,,10.0
53062374,122006,18081,EW 180 C,7,,
53062373,122006,18081,EW 180 C,137,,
53062372,122006,18081,EW 180 C,101,,
53062371,122006,18081,EW 180 C,58,,
53062370,122006,18081,EW 180 C,140,,
53062369,122006,18081,EW 180 C,107,,
53062368,122006,18081,EW 180 C,63,,15.0
53062367,122006,18081,EW 180 C,106,,
53062366,122006,18081,EW 180 C,60,,
53039811,51134,17508,132 EC-H 8 FR.tronic,53,,19.0
53039810,51134,17508,132 EC-H 8 FR.tronic,146,,
53039809,51134,17508,132 EC-H 8 FR.tronic,69,,
53039808,51134,17508,132 EC-H 8 FR.tronic,19,,14.0
53039807,51134,17508,132 EC-H 8 FR.tronic,148,,
53039806,51134,17508,132 EC-H 8 FR.tronic,48,,3.0
53039805,51134,17508,132 EC-H 8 FR.tronic,93,,5.0
53039804,51134,17508,132 EC-H 8 FR.tronic,18,,14.0
53039803,51134,17508,132 EC-H 8 FR.tronic,131,,11.0
53039802,51134,17508,132 EC-H 8 FR.tronic,59,40,14.0
53039801,51134,17508,132 EC-H 8 FR.tronic,66,,
53039800,51134,17508,132 EC-H 8 FR.tronic,94,,2.0
53039799,51134,17508,132 EC-H 8 FR.tronic,130,,11.0
53039798,51134,17508,132 EC-H 8 FR.tronic,76,,10.0
53039797,51134,17508,132 EC-H 8 FR.tronic,133,,
53039796,51134,17508,132 EC-H 8 FR.tronic,5,,
53039795,51134,17508,132 EC-H 8 FR.tronic,50,,
53039372,WMM00000010045502,18065,Tandemkipper mit Rampen KA-TA-T,161,,11.0
53039371,WMM00000010045502,18065,Tandemkipper mit Rampen KA-TA-T,102,,
53039370,WMM00000010045502,18065,Tandemkipper mit Rampen KA-TA-T,26,,15.0
53039369,WMM00000010045502,18065,Tandemkipper mit Rampen KA-TA-T,73,,15.0
53039368,WMM00000010045502,18065,Tandemkipper mit Rampen KA-TA-T,2,,
53039367,WMM00000010045502,18065,Tandemkipper mit Rampen KA-TA-T,1,,
53039366,WMM00000010045502,18065,Tandemkipper mit Rampen KA-TA-T,63,,15.0
53039365,WMM00000010045502,18065,Tandemkipper mit Rampen KA-TA-T,3,,
53039364,WMM00000010045502,18065,Tandemkipper mit Rampen KA-TA-T,55,,11.0
53039363,WMM00000010045502,18065,Tandemkipper mit Rampen KA-TA-T,95,,11.0
53039362,WMM00000010045502,18065,Tandemkipper mit Rampen KA-TA-T,103,,
53039361,WMM00000010045502,18065,Tandemkipper mit Rampen KA-TA-T,4,,
53036113,H1700755,500244,SL 1400,162,Gitterstreben,
53036112,H1912655,500338,SL 1400,162,Gitterstreben,
53031841,101445,,"UW - V60A - 6,00 x 6,00 m",133,,
53031840,101445,,"UW - V60A - 6,00 x 6,00 m",55,,11.0
53031839,101445,,"UW - V60A - 6,00 x 6,00 m",63,,15.0
53031838,101445,,"UW - V60A - 6,00 x 6,00 m",73,,15.0
53031837,101445,,"UW - V60A - 6,00 x 6,00 m",26,,15.0
53031833,101444,,"TS - KMT639A, L=5,00 m",133,,
53031832,101444,,"TS - KMT639A, L=5,00 m",55,,11.0
53031831,101444,,"TS - KMT639A, L=5,00 m",63,,15.0
53031830,101444,,"TS - KMT639A, L=5,00 m",73,,15.0
53031829,101444,,"TS - KMT639A, L=5,00 m",26,,15.0
53031825,101443,,"TS - KMT639A, L=5,00 m",133,,
53031824,101443,,"TS - KMT639A, L=5,00 m",55,,11.0
53031823,101443,,"TS - KMT639A, L=5,00 m",63,,15.0
53031822,101443,,"TS - KMT639A, L=5,00 m",73,,15.0
53031821,101443,,"TS - KMT639A, L=5,00 m",26,,15.0
53031817,101442,,"TS - K629A, L=5,00 m",133,,
53031816,101442,,"TS - K629A, L=5,00 m",55,,11.0
53031815,101442,,"TS - K629A, L=5,00 m",63,,15.0
53031814,101442,,"TS - K629A, L=5,00 m",73,,15.0
53031813,101442,,"TS - K629A, L=5,00 m",26,,15.0
53031809,101441,,"TS - K609C, L=3,57 m",133,,
53031808,101441,,"TS - K609C, L=3,57 m",55,,11.0
53031807,101441,,"TS - K609C, L=3,57 m",63,,15.0
53031806,101441,,"TS - K609C, L=3,57 m",73,,15.0
53031805,101441,,"TS - K609C, L=3,57 m",26,,15.0
53031801,414434,18087,MDT 368 L12,53,,19.0
53031800,414434,18087,MDT 368 L12,146,,
53031799,414434,18087,MDT 368 L12,69,,
53031798,414434,18087,MDT 368 L12,19,,14.0
53031797,414434,18087,MDT 368 L12,148,,
53031796,414434,18087,MDT 368 L12,48,,3.0
53031795,414434,18087,MDT 368 L12,93,,5.0
53031794,414434,18087,MDT 368 L12,18,,14.0
53031793,414434,18087,MDT 368 L12,131,,11.0
53031792,414434,18087,MDT 368 L12,59,,14.0
53031791,414434,18087,MDT 368 L12,66,,
53031790,414434,18087,MDT 368 L12,94,,2.0
53031789,414434,18087,MDT 368 L12,130,,11.0
53031788,414434,18087,MDT 368 L12,76,,10.0
53031787,414434,18087,MDT 368 L12,133,,
53031786,414434,18087,MDT 368 L12,5,,
53031785,414434,18087,MDT 368 L12,50,,
53029022,101437,,UW TS - 120 HC,133,120 HC,
53029021,101437,,UW TS - 120 HC,55,,11.0
53029020,101437,,UW TS - 120 HC,63,,15.0
53029019,101437,,UW TS - 120 HC,73,,15.0
53029018,101437,,UW TS - 120 HC,26,,15.0
53004724,45539,18084,132 EC-H 8 Litronic,53,,19.0
53004723,45539,18084,132 EC-H 8 Litronic,146,,
53004722,45539,18084,132 EC-H 8 Litronic,69,,
53004721,45539,18084,132 EC-H 8 Litronic,19,55,14.0
53004720,45539,18084,132 EC-H 8 Litronic,148,,
53004719,45539,18084,132 EC-H 8 Litronic,48,,3.0
53004718,45539,18084,132 EC-H 8 Litronic,93,,5.0
53004717,45539,18084,132 EC-H 8 Litronic,18,,14.0
53004716,45539,18084,132 EC-H 8 Litronic,131,,11.0
53004715,45539,18084,132 EC-H 8 Litronic,59,,14.0
53004714,45539,18084,132 EC-H 8 Litronic,66,,
53004713,45539,18084,132 EC-H 8 Litronic,94,,2.0
53004712,45539,18084,132 EC-H 8 Litronic,130,,11.0
53004711,45539,18084,132 EC-H 8 Litronic,76,,10.0
53004710,45539,18084,132 EC-H 8 Litronic,133,,
53004709,45539,18084,132 EC-H 8 Litronic,5,,
53004708,45539,18084,132 EC-H 8 Litronic,50,,
53004511,101425,,"TS - 256 HC, L=12,42 m",133,,
53004510,101425,,"TS - 256 HC, L=12,42 m",55,,11.0
53004509,101425,,"TS - 256 HC, L=12,42 m",63,,15.0
53004508,101425,,"TS - 256 HC, L=12,42 m",73,,15.0
53004507,101425,,"TS - 256 HC, L=12,42 m",26,,15.0
53004503,101424,,"TS - 256 HC, L=12,42 m",133,,
53004502,101424,,"TS - 256 HC, L=12,42 m",55,,11.0
53004501,101424,,"TS - 256 HC, L=12,42 m",63,,15.0
53004500,101424,,"TS - 256 HC, L=12,42 m",73,,15.0
53004499,101424,,"TS - 256 HC, L=12,42 m",26,,15.0
53004492,101422,,UW TS - 256 HC,133,256 HC,
53004491,101422,,UW TS - 256 HC,55,,11.0
53004490,101422,,UW TS - 256 HC,63,,15.0
53004489,101422,,UW TS - 256 HC,73,,15.0
53004488,101422,,UW TS - 256 HC,26,,15.0
53004484,44228,18109,224 EC-H 8 Litronic,53,,19.0
53004483,44228,18109,224 EC-H 8 Litronic,146,,
53004482,44228,18109,224 EC-H 8 Litronic,69,,
53004481,44228,18109,224 EC-H 8 Litronic,19,,14.0
53004480,44228,18109,224 EC-H 8 Litronic,148,,
53004479,44228,18109,224 EC-H 8 Litronic,48,,3.0
53004478,44228,18109,224 EC-H 8 Litronic,93,,5.0
53004477,44228,18109,224 EC-H 8 Litronic,18,,14.0
53004476,44228,18109,224 EC-H 8 Litronic,131,,11.0
53004475,44228,18109,224 EC-H 8 Litronic,59,,14.0
53004474,44228,18109,224 EC-H 8 Litronic,66,,
53004473,44228,18109,224 EC-H 8 Litronic,94,,2.0
53004472,44228,18109,224 EC-H 8 Litronic,130,,11.0
53004471,44228,18109,224 EC-H 8 Litronic,76,,10.0
53004470,44228,18109,224 EC-H 8 Litronic,133,,
53004469,44228,18109,224 EC-H 8 Litronic,5,,
53004468,44228,18109,224 EC-H 8 Litronic,50,,
52904161,101415,,UW - 170 HC,133,170 HC,
52904160,101415,,UW - 170 HC,55,,11.0
52904159,101415,,UW - 170 HC,63,,15.0
52904158,101415,,UW - 170 HC,73,,15.0
52904157,101415,,UW - 170 HC,26,,15.0
52904153,47842,18083,200 EC-H 10 Litronic,53,,19.0
52904152,47842,18083,200 EC-H 10 Litronic,146,,
52904151,47842,18083,200 EC-H 10 Litronic,69,,
52904150,47842,18083,200 EC-H 10 Litronic,19,,14.0
52904149,47842,18083,200 EC-H 10 Litronic,148,,
52904148,47842,18083,200 EC-H 10 Litronic,48,,3.0
52904147,47842,18083,200 EC-H 10 Litronic,93,,5.0
52904146,47842,18083,200 EC-H 10 Litronic,18,,14.0
52904145,47842,18083,200 EC-H 10 Litronic,131,,11.0
52904144,47842,18083,200 EC-H 10 Litronic,59,,14.0
52904143,47842,18083,200 EC-H 10 Litronic,66,,
52904142,47842,18083,200 EC-H 10 Litronic,94,,2.0
52904141,47842,18083,200 EC-H 10 Litronic,130,,11.0
52904140,47842,18083,200 EC-H 10 Litronic,76,,10.0
52904139,47842,18083,200 EC-H 10 Litronic,133,,
52904138,47842,18083,200 EC-H 10 Litronic,5,,
52904137,47842,18083,200 EC-H 10 Litronic,50,,
52903172,101408,,UW TS - 170 HC,133,170 HC,
52903171,101408,,UW TS - 170 HC,55,,11.0
52903170,101408,,UW TS - 170 HC,63,,15.0
52903169,101408,,UW TS - 170 HC,73,,15.0
52903168,101408,,UW TS - 170 HC,26,,15.0
52903164,44360,18086,200 EC-H 10 Litronic,53,,19.0
52903163,44360,18086,200 EC-H 10 Litronic,146,,
52903162,44360,18086,200 EC-H 10 Litronic,69,,
52903161,44360,18086,200 EC-H 10 Litronic,19,,14.0
52903160,44360,18086,200 EC-H 10 Litronic,148,,
52903159,44360,18086,200 EC-H 10 Litronic,48,,3.0
52903158,44360,18086,200 EC-H 10 Litronic,93,,5.0
52903157,44360,18086,200 EC-H 10 Litronic,18,,14.0
52903156,44360,18086,200 EC-H 10 Litronic,131,,11.0
52903155,44360,18086,200 EC-H 10 Litronic,59,,14.0
52903154,44360,18086,200 EC-H 10 Litronic,66,,
52903153,44360,18086,200 EC-H 10 Litronic,94,,2.0
52903152,44360,18086,200 EC-H 10 Litronic,130,,11.0
52903151,44360,18086,200 EC-H 10 Litronic,76,,10.0
52903150,44360,18086,200 EC-H 10 Litronic,133,,
52903149,44360,18086,200 EC-H 10 Litronic,5,,
52903148,44360,18086,200 EC-H 10 Litronic,50,,
52648890,W092662F7MGW88038,,Muldy 3500cargo,161,,11.0
52648889,W092662F5MGW88037,,Muldy 3500cargo,161,,11.0
52648888,WHLT2300100036399,,Terrax-2 3000,161,,11.0
52648887,WHLT2300100036395,,Terrax-2 3000,161,,11.0
52648581,WHLT2300100036394,,Terrax-2 3000,161,,11.0
52648580,27164,300711,Terrax-2 3000,161,,11.0
52648579,27164,300711,Terrax-2 3000,102,Nein,
52648578,27164,300711,Terrax-2 3000,103,Ja,
52648577,27164,300711,Terrax-2 3000,4,Nein,
52648576,27164,300711,Terrax-2 3000,3,Nein,
52648575,27164,300711,Terrax-2 3000,2,Ja,
52648574,27164,300711,Terrax-2 3000,1,Nein,
52648573,27164,300711,Terrax-2 3000,95,2315,11.0
52648572,27164,300711,Terrax-2 3000,55,685,11.0
52648571,27164,300711,Terrax-2 3000,63,600,15.0
52648570,27164,300711,Terrax-2 3000,26,2000,15.0
52648569,27164,300711,Terrax-2 3000,73,4800,15.0
52646117,15488,,912 GS,160,C,
52643349,10830158,300709,Super 1803-3i,159,Nein (bitte ausschließlich unseren HGT Fertiger anmieten),
52643348,3031104,,F80W,159,Nein (bitte ausschließlich unseren HGT Fertiger anmieten),
52643347,3019483,,F80W,159,Nein (bitte ausschließlich unseren HGT Fertiger anmieten),
52643346,4510116,300664,AFW 150-2,159,Nein (bitte ausschließlich unseren HGT Fertiger anmieten),
52643341,08192695,,Super 1900-3i,159,Nein (bitte ausschließlich unseren HGT Fertiger anmieten),
52643340,09900718,,Super 800i,159,Nein (bitte ausschließlich unseren HGT Fertiger anmieten),
52643339,14824244,,Super 1800-3i,159,Nein (bitte ausschließlich unseren HGT Fertiger anmieten),
52643338,09900664,,Super 800i,159,Nein (bitte ausschließlich unseren HGT Fertiger anmieten),
52643337,14824175,18076,Super 1800-3i,159,Nein (bitte ausschließlich unseren HGT Fertiger anmieten),
52643336,14110574,,Super 1300-3i,159,Nein (bitte ausschließlich unseren HGT Fertiger anmieten),
52643335,09900649,,Super 800i,159,Nein (bitte ausschließlich unseren HGT Fertiger anmieten),
52643334,08192541,,Super 1900-3i,159,Nein (bitte ausschließlich unseren HGT Fertiger anmieten),
52643333,14824098,,Super 1800-3i,159,Nein (bitte ausschließlich unseren HGT Fertiger anmieten),
52643331,08190566,17787,Super 2100-3i,159,Nein (bitte ausschließlich unseren HGT Fertiger anmieten),
52643330,09900446,300780,Super 800i,159,Nein (bitte ausschließlich unseren HGT Fertiger anmieten),
52643329,14822284,300552,Super 1800-3i,159,Nein (bitte ausschließlich unseren HGT Fertiger anmieten),
52643328,09900345,300748-18074,Super 800i,159,Nein (bitte ausschließlich unseren HGT Fertiger anmieten),
52643327,14110121,300547,Super 1300-3i,159,Nein (bitte ausschließlich unseren HGT Fertiger anmieten),
52643326,10002155TNG004197,,SD 2500 CS,159,Nein (bitte ausschließlich unseren HGT Fertiger anmieten),
52643325,JG002522,300570,SD 2500 CS,159,Nein (bitte ausschließlich unseren HGT Fertiger anmieten),
52643324,LG003498,300721,SD 2500 CS,159,Nein (bitte ausschließlich unseren HGT Fertiger anmieten),
52549194,101399,,UW TS - 170 HC,133,170 HC,
52549193,101399,,UW TS - 170 HC,55,,11.0
52549192,101399,,UW TS - 170 HC,63,,15.0
52549191,101399,,UW TS - 170 HC,73,,15.0
52549190,101399,,UW TS - 170 HC,26,,15.0
52549186,46511,18082,200 EC-H 10 Litronic,53,,19.0
52549185,46511,18082,200 EC-H 10 Litronic,146,,
52549184,46511,18082,200 EC-H 10 Litronic,69,,
52549183,46511,18082,200 EC-H 10 Litronic,19,,14.0
52549182,46511,18082,200 EC-H 10 Litronic,148,,
52549181,46511,18082,200 EC-H 10 Litronic,48,,3.0
52549180,46511,18082,200 EC-H 10 Litronic,93,,5.0
52549179,46511,18082,200 EC-H 10 Litronic,18,,14.0
52549178,46511,18082,200 EC-H 10 Litronic,131,,11.0
52549177,46511,18082,200 EC-H 10 Litronic,59,,14.0
52549176,46511,18082,200 EC-H 10 Litronic,66,,
52549175,46511,18082,200 EC-H 10 Litronic,94,,2.0
52549174,46511,18082,200 EC-H 10 Litronic,130,,11.0
52549173,46511,18082,200 EC-H 10 Litronic,76,,10.0
52549172,46511,18082,200 EC-H 10 Litronic,133,,
52549171,46511,18082,200 EC-H 10 Litronic,5,,
52549170,46511,18082,200 EC-H 10 Litronic,50,,
52547280,101392,,UW TS - 170 HC,133,170 HC,
52547279,101392,,UW TS - 170 HC,55,,11.0
52547278,101392,,UW TS - 170 HC,63,,15.0
52547277,101392,,UW TS - 170 HC,73,,15.0
52547276,101392,,UW TS - 170 HC,26,,15.0
52547272,47843,18085,200 EC-H 10 Litronic,53,,19.0
52547271,47843,18085,200 EC-H 10 Litronic,146,,
52547270,47843,18085,200 EC-H 10 Litronic,69,,
52547269,47843,18085,200 EC-H 10 Litronic,19,,14.0
52547268,47843,18085,200 EC-H 10 Litronic,148,,
52547267,47843,18085,200 EC-H 10 Litronic,48,,3.0
52547266,47843,18085,200 EC-H 10 Litronic,93,,5.0
52547265,47843,18085,200 EC-H 10 Litronic,18,,14.0
52547264,47843,18085,200 EC-H 10 Litronic,131,,11.0
52547263,47843,18085,200 EC-H 10 Litronic,59,,14.0
52547262,47843,18085,200 EC-H 10 Litronic,66,,
52547261,47843,18085,200 EC-H 10 Litronic,94,,2.0
52547260,47843,18085,200 EC-H 10 Litronic,130,,11.0
52547259,47843,18085,200 EC-H 10 Litronic,76,,10.0
52547258,47843,18085,200 EC-H 10 Litronic,133,,
52547257,47843,18085,200 EC-H 10 Litronic,5,,
52547256,47843,18085,200 EC-H 10 Litronic,50,,
52415402,101387,,TL 600,154,,19.0
52415401,101387,,TL 600,110,,
52415400,101387,,TL 600,26,,15.0
52415399,101387,,TL 600,65,,16.0
52415398,101387,,TL 600,73,,15.0
52415397,101387,,TL 600,147,,
52415396,101387,,TL 600,12,,18.0
52415395,101387,,TL 600,113,,
52415394,101387,,TL 600,109,,
52415393,101387,,TL 600,63,,15.0
52415392,101387,,TL 600,55,,11.0
52415391,101387,,TL 600,114,,15.0
52327669,101384,,Liebherr - Schienenfahrwerk - 256 HC,133,,
52327668,101384,,Liebherr - Schienenfahrwerk - 256 HC,55,,11.0
52327667,101384,,Liebherr - Schienenfahrwerk - 256 HC,63,,15.0
52327666,101384,,Liebherr - Schienenfahrwerk - 256 HC,73,,15.0
52327665,101384,,Liebherr - Schienenfahrwerk - 256 HC,26,,15.0
52327661,101383,,Liebherr - Schienenfahrwerk - 256 HC,133,,
52327660,101383,,Liebherr - Schienenfahrwerk - 256 HC,55,,11.0
52327659,101383,,Liebherr - Schienenfahrwerk - 256 HC,63,,15.0
52327658,101383,,Liebherr - Schienenfahrwerk - 256 HC,73,,15.0
52327657,101383,,Liebherr - Schienenfahrwerk - 256 HC,26,,15.0
52327653,101382,,Liebherr - Schienenfahrwerk - 256 HC,133,,
52327652,101382,,Liebherr - Schienenfahrwerk - 256 HC,55,,11.0
52327651,101382,,Liebherr - Schienenfahrwerk - 256 HC,63,,15.0
52327650,101382,,Liebherr - Schienenfahrwerk - 256 HC,73,,15.0
52327649,101382,,Liebherr - Schienenfahrwerk - 256 HC,26,,15.0
52327645,101381,,Liebherr - Schienenfahrwerk - 256 HC,133,,
52327644,101381,,Liebherr - Schienenfahrwerk - 256 HC,55,,11.0
52327643,101381,,Liebherr - Schienenfahrwerk - 256 HC,63,,15.0
52327642,101381,,Liebherr - Schienenfahrwerk - 256 HC,73,,15.0
52327641,101381,,Liebherr - Schienenfahrwerk - 256 HC,26,,15.0
52317412,F00674,18047,PC 80MR-3,99,,
52317411,F00674,18047,PC 80MR-3,141,,
52317410,F00674,18047,PC 80MR-3,110,,
52317409,F00674,18047,PC 80MR-3,23,,
52317408,F00674,18047,PC 80MR-3,137,,
52317407,F00674,18047,PC 80MR-3,26,,15.0
52317406,F00674,18047,PC 80MR-3,112,,
52317405,F00674,18047,PC 80MR-3,108,,
52317404,F00674,18047,PC 80MR-3,55,,11.0
52317403,F00674,18047,PC 80MR-3,69,,
52317402,F00674,18047,PC 80MR-3,73,,15.0
52317401,F00674,18047,PC 80MR-3,6,,
52317400,F00674,18047,PC 80MR-3,145,,
52317399,F00674,18047,PC 80MR-3,63,,15.0
52317398,F00674,18047,PC 80MR-3,66,,
52317397,F00674,18047,PC 80MR-3,148,,
52317396,F00674,18047,PC 80MR-3,120,,
52317395,F00674,18047,PC 80MR-3,56,,15.0
52317394,F00674,18047,PC 80MR-3,57,,
52317393,F00674,18047,PC 80MR-3,128,,
52317392,F00674,18047,PC 80MR-3,60,,
52317391,F00674,18047,PC 80MR-3,89,,
52317390,F00674,18047,PC 80MR-3,111,,
52317389,F00674,18047,PC 80MR-3,58,,
52317388,F00674,18047,PC 80MR-3,88,,10.0
52317387,F00674,18047,PC 80MR-3,7,,
52317386,F00674,18047,PC 80MR-3,113,,
52317385,F00674,18047,PC 80MR-3,109,,
52317384,F00674,18047,PC 80MR-3,30,,
52317383,F00674,18047,PC 80MR-3,87,,
52317382,F00674,18047,PC 80MR-3,106,,
52317381,F00674,18047,PC 80MR-3,140,,
52317380,F00674,18047,PC 80MR-3,78,,15.0
52317376,P8L00338,18046,M 318 D,99,,
52317375,P8L00338,18046,M 318 D,69,,
52317374,P8L00338,18046,M 318 D,83,,
52317373,P8L00338,18046,M 318 D,23,,
52317372,P8L00338,18046,M 318 D,78,,15.0
52317371,P8L00338,18046,M 318 D,26,,15.0
52317370,P8L00338,18046,M 318 D,113,,
52317369,P8L00338,18046,M 318 D,40,,12.0
52317368,P8L00338,18046,M 318 D,87,,
52317367,P8L00338,18046,M 318 D,128,,
52317366,P8L00338,18046,M 318 D,73,,15.0
52317365,P8L00338,18046,M 318 D,141,,
52317364,P8L00338,18046,M 318 D,6,,
52317363,P8L00338,18046,M 318 D,11,,
52317362,P8L00338,18046,M 318 D,111,,
52317361,P8L00338,18046,M 318 D,112,,
52317360,P8L00338,18046,M 318 D,109,,
52317359,P8L00338,18046,M 318 D,55,,11.0
52317358,P8L00338,18046,M 318 D,110,,
52317357,P8L00338,18046,M 318 D,56,,15.0
52317356,P8L00338,18046,M 318 D,30,,
52317355,P8L00338,18046,M 318 D,89,,
52317354,P8L00338,18046,M 318 D,148,,
52317353,P8L00338,18046,M 318 D,57,,
52317352,P8L00338,18046,M 318 D,120,,
52317351,P8L00338,18046,M 318 D,88,,10.0
52317350,P8L00338,18046,M 318 D,7,,
52317349,P8L00338,18046,M 318 D,137,,
52317348,P8L00338,18046,M 318 D,101,,
52317347,P8L00338,18046,M 318 D,58,,
52317346,P8L00338,18046,M 318 D,140,,
52317345,P8L00338,18046,M 318 D,107,,
52317344,P8L00338,18046,M 318 D,63,,15.0
52317343,P8L00338,18046,M 318 D,106,,
52317342,P8L00338,18046,M 318 D,60,,
52160611,LE20155,18072,71 EC-B 5,53,,19.0
52160610,LE20155,18072,71 EC-B 5,146,,
52160609,LE20155,18072,71 EC-B 5,69,,
52160608,LE20155,18072,71 EC-B 5,19,45,14.0
52160607,LE20155,18072,71 EC-B 5,148,,
52160606,LE20155,18072,71 EC-B 5,48,,3.0
52160605,LE20155,18072,71 EC-B 5,93,,5.0
52160604,LE20155,18072,71 EC-B 5,18,,14.0
52160603,LE20155,18072,71 EC-B 5,131,,11.0
52160602,LE20155,18072,71 EC-B 5,59,,14.0
52160601,LE20155,18072,71 EC-B 5,66,,
52160600,LE20155,18072,71 EC-B 5,94,,2.0
52160599,LE20155,18072,71 EC-B 5,130,,11.0
52160598,LE20155,18072,71 EC-B 5,76,,10.0
52160597,LE20155,18072,71 EC-B 5,133,,
52160596,LE20155,18072,71 EC-B 5,5,,
52160595,LE20155,18072,71 EC-B 5,50,,
52132066,WLHZ1179VZK069970,18073,A 920,69,,
52132065,WLHZ1179VZK069970,18073,A 920,83,,
52132064,WLHZ1179VZK069970,18073,A 920,23,,
52132063,WLHZ1179VZK069970,18073,A 920,78,,15.0
52132062,WLHZ1179VZK069970,18073,A 920,26,,15.0
52132061,WLHZ1179VZK069970,18073,A 920,113,,
52132060,WLHZ1179VZK069970,18073,A 920,40,,12.0
52132059,WLHZ1179VZK069970,18073,A 920,87,,
52132058,WLHZ1179VZK069970,18073,A 920,128,,
52132057,WLHZ1179VZK069970,18073,A 920,73,,15.0
52132056,WLHZ1179VZK069970,18073,A 920,141,,
52132055,WLHZ1179VZK069970,18073,A 920,6,,
52132054,WLHZ1179VZK069970,18073,A 920,11,,
52132053,WLHZ1179VZK069970,18073,A 920,111,,
52132052,WLHZ1179VZK069970,18073,A 920,112,,
52132051,WLHZ1179VZK069970,18073,A 920,109,,
52132050,WLHZ1179VZK069970,18073,A 920,55,,11.0
52132049,WLHZ1179VZK069970,18073,A 920,110,,
52132048,WLHZ1179VZK069970,18073,A 920,56,,15.0
52132047,WLHZ1179VZK069970,18073,A 920,30,,
52132046,WLHZ1179VZK069970,18073,A 920,89,,
52132045,WLHZ1179VZK069970,18073,A 920,148,,
52132044,WLHZ1179VZK069970,18073,A 920,57,,
52132043,WLHZ1179VZK069970,18073,A 920,120,,
52132042,WLHZ1179VZK069970,18073,A 920,88,,10.0
52132041,WLHZ1179VZK069970,18073,A 920,7,,
52132040,WLHZ1179VZK069970,18073,A 920,137,,
52132039,WLHZ1179VZK069970,18073,A 920,101,,
52132038,WLHZ1179VZK069970,18073,A 920,58,,
52132037,WLHZ1179VZK069970,18073,A 920,140,,
52132036,WLHZ1179VZK069970,18073,A 920,107,,
52132035,WLHZ1179VZK069970,18073,A 920,63,,15.0
52132034,WLHZ1179VZK069970,18073,A 920,106,,
52132033,WLHZ1179VZK069970,18073,A 920,60,,
52012088,TR22230359,,TR22,63,,15.0
52012087,TR22230359,,TR22,26,640,15.0
52012086,TR22230359,,TR22,73,890,15.0
52012085,TR22230359,,TR22,151,80,13.0
52012084,TR22230359,,TR22,154,16 - 22,19.0
52012083,TR22230359,,TR22,55,730,11.0
52012082,TR22230359,,TR22,153,150,8.0
52012081,TR22230359,,TR22,14,250,6.0
52012080,TR22230359,,TR22,113,,
52012079,TR22230359,,TR22,112,,
52012078,TR22230359,,TR22,111,,
52012077,TR22230359,,TR22,110,,
52010584,K0110150,,MC 100i EVO,6,,
52010583,K0110150,,MC 100i EVO,80,Ja,
52010582,K0110150,,MC 100i EVO,72,Nein,
52010581,K0110150,,MC 100i EVO,73,12965,15.0
52010580,K0110150,,MC 100i EVO,100,Nein,
52010579,K0110150,,MC 100i EVO,63,3200,15.0
52010578,K0110150,,MC 100i EVO,7,,
52010577,K0110150,,MC 100i EVO,87,Deutz,
52010576,K0110150,,MC 100i EVO,34,150,20.0
52010575,K0110150,,MC 100i EVO,81,Nein,
52010574,K0110150,,MC 100i EVO,23,,
52010573,K0110150,,MC 100i EVO,30,Ja,
52010572,K0110150,,MC 100i EVO,89,,
52010571,K0110150,,MC 100i EVO,50,Ja,
52010570,K0110150,,MC 100i EVO,148,,
52010569,K0110150,,MC 100i EVO,20,Ja,
52010568,K0110150,,MC 100i EVO,55,33140,11.0
52010567,K0110150,,MC 100i EVO,17,855 x 530 x 320,15.0
52010566,K0110150,,MC 100i EVO,82,Nein,
52010565,K0110150,,MC 100i EVO,88,155,10.0
52010564,K0110150,,MC 100i EVO,26,3000,15.0
52010563,K0110150,,MC 100i EVO,25,12,19.0
51984247,0156 H1210839,300047,GRL 1800,154,12 - 16,19.0
51984243,0115 H1102020,20180,GRL 1800,154,12 - 16,19.0
51984115,H1606228,500217,GRL 1800,154,12 - 16,19.0
51983887,0162 H1205960,20408,GRL 1600,154,"6,5 - 8,5",19.0
51946722,1000025079,,Materialkübel extern,73,2550,15.0
51946721,1000025079,,Materialkübel extern,51,Ja,
51946720,1000025079,,Materialkübel extern,55,1200,11.0
51946719,1000025079,,Materialkübel extern,65,11,16.0
51946718,1000025079,,Materialkübel extern,26,3700,15.0
51946717,1000025079,,Materialkübel extern,63,2190,15.0
51946713,NG004103,,MF 2500CS STG V 2019,26,2550,15.0
51946712,NG004103,,MF 2500CS STG V 2019,69,Nein,
51946711,NG004103,,MF 2500CS STG V 2019,62,Ja,
51946710,NG004103,,MF 2500CS STG V 2019,31,Ja,
51946709,NG004103,,MF 2500CS STG V 2019,148,Ja,
51946708,NG004103,,MF 2500CS STG V 2019,43,4000,20.0
51946707,NG004103,,MF 2500CS STG V 2019,30,Ja,
51946706,NG004103,,MF 2500CS STG V 2019,89,QSB 6.7-C225,
51946705,NG004103,,MF 2500CS STG V 2019,22,1200,15.0
51946704,NG004103,,MF 2500CS STG V 2019,73,9200,15.0
51946703,NG004103,,MF 2500CS STG V 2019,8,Nein,
51946702,NG004103,,MF 2500CS STG V 2019,88,168,10.0
51946701,NG004103,,MF 2500CS STG V 2019,6,Stufe IV,
51946700,NG004103,,MF 2500CS STG V 2019,7,Tier 4f,
51946699,NG004103,,MF 2500CS STG V 2019,63,3100,15.0
51946698,NG004103,,MF 2500CS STG V 2019,87,Cummins,
51946697,NG004103,,MF 2500CS STG V 2019,23,,
51946696,NG004103,,MF 2500CS STG V 2019,132,Ja,
51946695,NG004103,,MF 2500CS STG V 2019,55,20000,11.0
51674980,0143 114506-15-01,20340,TL 1600 hydraulisch schwenkbar,154,26 - 29,19.0
51674979,0149 H1205964,20404,TL 1600 hydraulisch schwenkbar,154,21 - 26,19.0
51674661,0149 H1205964,20404,TL 1600 hydraulisch schwenkbar,105,"1,25",16.0
51674660,0143 114506-15-01,20340,TL 1600 hydraulisch schwenkbar,105,"1,032",16.0
51526137,1224723,,Typ 90 A 3T,55,18,11.0
51526136,1224723,,Typ 90 A 3T,95,3000,11.0
51526135,1224723,,Typ 90 A 3T,73,2400,15.0
51526134,1224723,,Typ 90 A 3T,63,90,15.0
51526133,1224723,,Typ 90 A 3T,26,400,15.0
51490395,5957,,C807s,69,Nein,
51490394,5957,,C807s,90,Nein,
51490393,5957,,C807s,92,"3,6",16.0
51490392,5957,,C807s,91,Nein,
51490391,5957,,C807s,148,Nein,
51490390,5957,,C807s,23,Nein,
51490389,5957,,C807s,10,Ja,
51490388,5957,,C807s,70,Ja,
51490387,5957,,C807s,40,28,12.0
51490386,5957,,C807s,30,Nein,
51490385,5957,,C807s,7,,
51490384,5957,,C807s,6,Stufe V,
51490383,5957,,C807s,88,55,10.0
51490382,5957,,C807s,89,,
51490381,5957,,C807s,87,Cummins,
51490380,5957,,C807s,95,6000,11.0
51490379,5957,,C807s,55,"4.300,00",11.0
51490378,5957,,C807s,63,2501,15.0
51490377,5957,,C807s,26,2043,15.0
51490376,5957,,C807s,73,4575,15.0
51350189,14821420,,Super 1800-3i,156,,
51350188,14821420,,Super 1800-3i,152,bis 30,15.0
51350187,14821420,,Super 1800-3i,52,,
51350186,14821420,,Super 1800-3i,38,,14.0
51350185,14821420,,Super 1800-3i,37,,14.0
51350184,14821420,,Super 1800-3i,36,,14.0
51350183,14821420,,Super 1800-3i,149,,
51350182,14821420,,Super 1800-3i,73,,15.0
51350181,14821420,,Super 1800-3i,89,B6.7-C173,
51350180,14821420,,Super 1800-3i,88,129,10.0
51350178,14821420,,Super 1800-3i,35,,
51350177,14821420,,Super 1800-3i,127,,
51350176,14821420,,Super 1800-3i,148,,
51350175,14821420,,Super 1800-3i,8,,
51350174,14821420,,Super 1800-3i,26,2550,15.0
51350173,14821420,,Super 1800-3i,7,,
51350172,14821420,,Super 1800-3i,63,3100,15.0
51350171,14821420,,Super 1800-3i,87,Cummins,
51350169,14821420,,Super 1800-3i,23,,
51350168,14821420,,Super 1800-3i,132,,
51350167,14821420,,Super 1800-3i,34,700,20.0
51350166,14821420,,Super 1800-3i,30,,
51350165,14821420,,Super 1800-3i,6,,
51350164,14821420,,Super 1800-3i,55,,11.0
51350163,14821420,,Super 1800-3i,156,,
51350162,14821420,,Super 1800-3i,152,bis 30,15.0
51350161,14821420,,Super 1800-3i,52,,
51350160,14821420,,Super 1800-3i,38,,14.0
51350159,14821420,,Super 1800-3i,37,,14.0
51350158,14821420,,Super 1800-3i,36,,14.0
51350157,14821420,,Super 1800-3i,149,,
51350156,14821420,,Super 1800-3i,73,,15.0
51350155,14821420,,Super 1800-3i,89,B6.7-C173,
51350154,14821420,,Super 1800-3i,88,129,10.0
51350152,14821420,,Super 1800-3i,35,,
51350151,14821420,,Super 1800-3i,127,,
51350150,14821420,,Super 1800-3i,148,,
51350149,14821420,,Super 1800-3i,8,,
51350148,14821420,,Super 1800-3i,26,2550,15.0
51350147,14821420,,Super 1800-3i,7,,
51350146,14821420,,Super 1800-3i,63,3100,15.0
51350145,14821420,,Super 1800-3i,87,Cummins,
51350144,14821420,,Super 1800-3i,27,,
51350143,14821420,,Super 1800-3i,23,,
51350142,14821420,,Super 1800-3i,132,,
51350141,14821420,,Super 1800-3i,34,700,20.0
51350140,14821420,,Super 1800-3i,30,,
51350139,14821420,,Super 1800-3i,6,,
51350138,14821420,,Super 1800-3i,55,,11.0
51350137,14821420,,Super 1800-3i,152,0-300,15.0
51350136,14821420,,Super 1800-3i,52,,
51350135,14821420,,Super 1800-3i,38,,14.0
51350134,14821420,,Super 1800-3i,37,,14.0
51350133,14821420,,Super 1800-3i,36,,14.0
51350132,14821420,,Super 1800-3i,149,,
51350131,14821420,,Super 1800-3i,73,,15.0
51350130,14821420,,Super 1800-3i,89,B6.7-C173,
51350129,14821420,,Super 1800-3i,88,129,10.0
51350127,14821420,,Super 1800-3i,35,,
51350126,14821420,,Super 1800-3i,127,,
51350125,14821420,,Super 1800-3i,148,,
51350124,14821420,,Super 1800-3i,8,,
51350123,14821420,,Super 1800-3i,26,2550,15.0
51350122,14821420,,Super 1800-3i,7,,
51350121,14821420,,Super 1800-3i,63,3100,15.0
51350120,14821420,,Super 1800-3i,87,Cummins,
51350119,14821420,,Super 1800-3i,27,,
51350118,14821420,,Super 1800-3i,23,,
51350117,14821420,,Super 1800-3i,132,,
51350116,14821420,,Super 1800-3i,34,700,20.0
51350115,14821420,,Super 1800-3i,30,,
51350114,14821420,,Super 1800-3i,6,,
51350113,14821420,,Super 1800-3i,55,,11.0
51320757,101587381191,,BW 177 D-5,155,Nein,
51320756,101587381191,,BW 177 D-5,96,Nein,
51320755,101587381191,,BW 177 D-5,136,,
51320754,101587381191,,BW 177 D-5,73,4550,15.0
51320753,101587381191,,BW 177 D-5,7,Tier 4f,
51320752,101587381191,,BW 177 D-5,63,2800,15.0
51320751,101587381191,,BW 177 D-5,148,Nein,
51320750,101587381191,,BW 177 D-5,55,6600,11.0
51320749,101587381191,,BW 177 D-5,88,"55,4",10.0
51320748,101587381191,,BW 177 D-5,6,Stufe V,
51320747,101587381191,,BW 177 D-5,30,Nein,
51320746,101587381191,,BW 177 D-5,69,Ja,
51320745,101587381191,,BW 177 D-5,26,1820,15.0
51320744,101587381191,,BW 177 D-5,123,49,1.0
51320743,101587381191,,BW 177 D-5,135,,11.0
51320742,101587381191,,BW 177 D-5,13,1690,15.0
51320741,101587381191,,BW 177 D-5,23,Nein,
51320740,101587381191,,BW 177 D-5,87,Kubota,
51320739,101587381191,,BW 177 D-5,89,V3307 CR-T,
51315756,45482,18048,200 EC-H 10 Litronic,53,,19.0
51315755,45482,18048,200 EC-H 10 Litronic,146,,
51315754,45482,18048,200 EC-H 10 Litronic,69,,
51315753,45482,18048,200 EC-H 10 Litronic,19,,14.0
51315752,45482,18048,200 EC-H 10 Litronic,148,,
51315751,45482,18048,200 EC-H 10 Litronic,48,,3.0
51315750,45482,18048,200 EC-H 10 Litronic,93,,5.0
51315749,45482,18048,200 EC-H 10 Litronic,18,,14.0
51315748,45482,18048,200 EC-H 10 Litronic,131,,11.0
51315747,45482,18048,200 EC-H 10 Litronic,59,,14.0
51315746,45482,18048,200 EC-H 10 Litronic,66,,
51315745,45482,18048,200 EC-H 10 Litronic,94,,2.0
51315744,45482,18048,200 EC-H 10 Litronic,130,,11.0
51315743,45482,18048,200 EC-H 10 Litronic,76,,10.0
51315742,45482,18048,200 EC-H 10 Litronic,133,,
51315741,45482,18048,200 EC-H 10 Litronic,5,,
51315740,45482,18048,200 EC-H 10 Litronic,50,,
51290362,01300925,,406,126,Nein,
51290361,01300925,,406,148,Nein,
51290360,01300925,,406,109,JCB,
51290359,01300925,,406,111,Ja,
51290358,01300925,,406,95,2200,11.0
51290357,01300925,,406,89,TCD 2011 L 04 I,
51290356,01300925,,406,88,"56,5",10.0
51290355,01300925,,406,87,Deutz,
51290354,01300925,,406,73,6200,15.0
51290353,01300925,,406,70,Ja,
51290352,01300925,,406,69,Nein,
51290351,01300925,,406,63,2750,15.0
51290350,01300925,,406,55,6000,11.0
51290349,01300925,,406,40,20,12.0
51290348,01300925,,406,30,Nein,
51290347,01300925,,406,26,2020,15.0
51290346,01300925,,406,11,Nein,
51290345,01300925,,406,7,Tier 2,
51290344,01300925,,406,6,Stufe III A,
51290343,01300925,,406,126,Nein,
51290342,01300925,,406,148,Nein,
51290341,01300925,,406,109,JCB,
51290340,01300925,,406,111,Ja,
51290339,01300925,,406,95,2200,11.0
51290338,01300925,,406,89,TCD 2011 L 04 I,
51290337,01300925,,406,88,"56,5",10.0
51290336,01300925,,406,87,Deutz,
51290335,01300925,,406,73,6200,15.0
51290334,01300925,,406,70,Ja,
51290333,01300925,,406,69,Nein,
51290332,01300925,,406,63,2750,15.0
51290331,01300925,,406,55,6000,11.0
51290330,01300925,,406,40,20,12.0
51290329,01300925,,406,30,Nein,
51290328,01300925,,406,26,2020,15.0
51290327,01300925,,406,11,Nein,
51290326,01300925,,406,7,Tier 2,
51290325,01300925,,406,6,Stufe III A,
51290324,01300925,,406,126,Nein,
51290323,01300925,,406,148,Nein,
51290322,01300925,,406,109,JCB,
51290321,01300925,,406,111,Ja,
51290320,01300925,,406,95,2200,11.0
51290319,01300925,,406,89,TCD 2011 L 04 I,
51290318,01300925,,406,88,"56,5",10.0
51290317,01300925,,406,87,Deutz,
51290316,01300925,,406,73,6200,15.0
51290315,01300925,,406,70,Ja,
51290314,01300925,,406,69,Nein,
51290313,01300925,,406,63,2750,15.0
51290312,01300925,,406,55,6000,11.0
51290311,01300925,,406,40,20,12.0
51290310,01300925,,406,30,Nein,
51290309,01300925,,406,26,2020,15.0
51290308,01300925,,406,11,Nein,
51290307,01300925,,406,7,Tier 2,
51290306,01300925,,406,6,Stufe III A,
51264340,14821764,,Super 1800-3i,156,,
51264339,14821764,,Super 1800-3i,152,bis 30,15.0
51264338,14821764,,Super 1800-3i,52,,
51264337,14821764,,Super 1800-3i,38,,14.0
51264336,14821764,,Super 1800-3i,37,,14.0
51264335,14821764,,Super 1800-3i,36,,14.0
51264334,14821764,,Super 1800-3i,149,,
51264333,14821764,,Super 1800-3i,73,,15.0
51264332,14821764,,Super 1800-3i,89,B6.7-C173,
51264331,14821764,,Super 1800-3i,88,129,10.0
51264329,14821764,,Super 1800-3i,35,,
51264328,14821764,,Super 1800-3i,127,,
51264327,14821764,,Super 1800-3i,148,,
51264326,14821764,,Super 1800-3i,8,,
51264325,14821764,,Super 1800-3i,26,2550,15.0
51264324,14821764,,Super 1800-3i,7,,
51264323,14821764,,Super 1800-3i,63,3100,15.0
51264322,14821764,,Super 1800-3i,87,Cummins,
51264321,14821764,,Super 1800-3i,27,,
51264320,14821764,,Super 1800-3i,23,,
51264319,14821764,,Super 1800-3i,132,,
51264318,14821764,,Super 1800-3i,34,700,20.0
51264317,14821764,,Super 1800-3i,30,,
51264316,14821764,,Super 1800-3i,6,,
51264315,14821764,,Super 1800-3i,55,,11.0
51264314,14821764,,Super 1800-3i,152,0-300,15.0
51264313,14821764,,Super 1800-3i,52,,
51264312,14821764,,Super 1800-3i,38,,14.0
51264311,14821764,,Super 1800-3i,37,,14.0
51264310,14821764,,Super 1800-3i,36,,14.0
51264309,14821764,,Super 1800-3i,149,,
51264308,14821764,,Super 1800-3i,73,,15.0
51264307,14821764,,Super 1800-3i,89,B6.7-C173,
51264306,14821764,,Super 1800-3i,88,129,10.0
51264304,14821764,,Super 1800-3i,35,,
51264303,14821764,,Super 1800-3i,127,,
51264302,14821764,,Super 1800-3i,148,,
51264301,14821764,,Super 1800-3i,8,,
51264300,14821764,,Super 1800-3i,26,2550,15.0
51264299,14821764,,Super 1800-3i,7,,
51264298,14821764,,Super 1800-3i,63,3100,15.0
51264297,14821764,,Super 1800-3i,87,Cummins,
51264296,14821764,,Super 1800-3i,27,,
51264295,14821764,,Super 1800-3i,23,,
51264294,14821764,,Super 1800-3i,132,,
51264293,14821764,,Super 1800-3i,34,700,20.0
51264292,14821764,,Super 1800-3i,30,,
51264291,14821764,,Super 1800-3i,6,,
51264290,14821764,,Super 1800-3i,55,,11.0
51264240,14821441,,Super 1800-3i,156,,
51264239,14821441,,Super 1800-3i,152,bis 30,15.0
51264238,14821441,,Super 1800-3i,52,,
51264237,14821441,,Super 1800-3i,38,,14.0
51264236,14821441,,Super 1800-3i,37,,14.0
51264235,14821441,,Super 1800-3i,36,,14.0
51264234,14821441,,Super 1800-3i,149,,
51264233,14821441,,Super 1800-3i,73,,15.0
51264232,14821441,,Super 1800-3i,89,B6.7-C173,
51264231,14821441,,Super 1800-3i,88,129,10.0
51264229,14821441,,Super 1800-3i,35,,
51264228,14821441,,Super 1800-3i,127,,
51264227,14821441,,Super 1800-3i,148,,
51264226,14821441,,Super 1800-3i,8,,
51264225,14821441,,Super 1800-3i,26,2550,15.0
51264224,14821441,,Super 1800-3i,7,,
51264223,14821441,,Super 1800-3i,63,3100,15.0
51264222,14821441,,Super 1800-3i,87,Cummins,
51264221,14821441,,Super 1800-3i,27,,
51264220,14821441,,Super 1800-3i,23,,
51264219,14821441,,Super 1800-3i,132,,
51264218,14821441,,Super 1800-3i,34,700,20.0
51264217,14821441,,Super 1800-3i,30,,
51264216,14821441,,Super 1800-3i,6,,
51264215,14821441,,Super 1800-3i,55,,11.0
51264214,14821441,,Super 1800-3i,152,0-300,15.0
51264213,14821441,,Super 1800-3i,52,,
51264212,14821441,,Super 1800-3i,38,,14.0
51264211,14821441,,Super 1800-3i,37,,14.0
51264210,14821441,,Super 1800-3i,36,,14.0
51264209,14821441,,Super 1800-3i,149,,
51264208,14821441,,Super 1800-3i,73,,15.0
51264207,14821441,,Super 1800-3i,89,B6.7-C173,
51264206,14821441,,Super 1800-3i,88,129,10.0
51264204,14821441,,Super 1800-3i,35,,
51264203,14821441,,Super 1800-3i,127,,
51264202,14821441,,Super 1800-3i,148,,
51264201,14821441,,Super 1800-3i,8,,
51264200,14821441,,Super 1800-3i,26,2550,15.0
51264199,14821441,,Super 1800-3i,7,,
51264198,14821441,,Super 1800-3i,63,3100,15.0
51264197,14821441,,Super 1800-3i,87,Cummins,
51264196,14821441,,Super 1800-3i,27,,
51264195,14821441,,Super 1800-3i,23,,
51264194,14821441,,Super 1800-3i,132,,
51264193,14821441,,Super 1800-3i,34,700,20.0
51264192,14821441,,Super 1800-3i,30,,
51264191,14821441,,Super 1800-3i,6,,
51264190,14821441,,Super 1800-3i,55,,11.0
50721577,10002014JFG001605,,SD 2500 WS,156,,
50721576,10002014JFG001605,,SD 2500 WS,152,,15.0
50721575,10002014JFG001605,,SD 2500 WS,52,,
50721574,10002014JFG001605,,SD 2500 WS,38,,14.0
50721573,10002014JFG001605,,SD 2500 WS,37,,14.0
50721572,10002014JFG001605,,SD 2500 WS,36,,14.0
50721571,10002014JFG001605,,SD 2500 WS,149,,
50721570,10002014JFG001605,,SD 2500 WS,73,,15.0
50721569,10002014JFG001605,,SD 2500 WS,89,,
50721568,10002014JFG001605,,SD 2500 WS,88,,10.0
50721566,10002014JFG001605,,SD 2500 WS,35,,
50721565,10002014JFG001605,,SD 2500 WS,127,,
50721564,10002014JFG001605,,SD 2500 WS,148,,
50721563,10002014JFG001605,,SD 2500 WS,8,,
50721562,10002014JFG001605,,SD 2500 WS,26,,15.0
50721561,10002014JFG001605,,SD 2500 WS,7,,
50721560,10002014JFG001605,,SD 2500 WS,63,,15.0
50721559,10002014JFG001605,,SD 2500 WS,87,,
50721558,10002014JFG001605,,SD 2500 WS,27,,
50721557,10002014JFG001605,,SD 2500 WS,23,,
50721556,10002014JFG001605,,SD 2500 WS,132,,
50721555,10002014JFG001605,,SD 2500 WS,34,,20.0
50721554,10002014JFG001605,,SD 2500 WS,30,,
50721553,10002014JFG001605,,SD 2500 WS,6,,
50721552,10002014JFG001605,,SD 2500 WS,55,,11.0
50721551,10002014JFG001605,,SD 2500 WS,156,,
50721550,10002014JFG001605,,SD 2500 WS,152,,15.0
50721549,10002014JFG001605,,SD 2500 WS,52,,
50721548,10002014JFG001605,,SD 2500 WS,38,,14.0
50721547,10002014JFG001605,,SD 2500 WS,37,,14.0
50721546,10002014JFG001605,,SD 2500 WS,36,,14.0
50721545,10002014JFG001605,,SD 2500 WS,149,,
50721544,10002014JFG001605,,SD 2500 WS,73,,15.0
50721543,10002014JFG001605,,SD 2500 WS,89,,
50721542,10002014JFG001605,,SD 2500 WS,88,,10.0
50721540,10002014JFG001605,,SD 2500 WS,35,,
50721539,10002014JFG001605,,SD 2500 WS,127,,
50721538,10002014JFG001605,,SD 2500 WS,148,,
50721537,10002014JFG001605,,SD 2500 WS,8,,
50721536,10002014JFG001605,,SD 2500 WS,26,,15.0
50721535,10002014JFG001605,,SD 2500 WS,7,,
50721534,10002014JFG001605,,SD 2500 WS,63,,15.0
50721533,10002014JFG001605,,SD 2500 WS,87,,
50721532,10002014JFG001605,,SD 2500 WS,27,,
50721531,10002014JFG001605,,SD 2500 WS,23,,
50721530,10002014JFG001605,,SD 2500 WS,132,,
50721529,10002014JFG001605,,SD 2500 WS,34,,20.0
50721528,10002014JFG001605,,SD 2500 WS,30,,
50721527,10002014JFG001605,,SD 2500 WS,6,,
50721526,10002014JFG001605,,SD 2500 WS,55,,11.0
50721525,10002014JFG001605,,SD 2500 WS,156,,
50721524,10002014JFG001605,,SD 2500 WS,152,,15.0
50721523,10002014JFG001605,,SD 2500 WS,52,,
50721522,10002014JFG001605,,SD 2500 WS,38,,14.0
50721521,10002014JFG001605,,SD 2500 WS,37,,14.0
50721520,10002014JFG001605,,SD 2500 WS,36,,14.0
50721519,10002014JFG001605,,SD 2500 WS,149,,
50721518,10002014JFG001605,,SD 2500 WS,73,,15.0
50721517,10002014JFG001605,,SD 2500 WS,89,,
50721516,10002014JFG001605,,SD 2500 WS,88,,10.0
50721514,10002014JFG001605,,SD 2500 WS,35,,
50721513,10002014JFG001605,,SD 2500 WS,127,,
50721512,10002014JFG001605,,SD 2500 WS,148,,
50721511,10002014JFG001605,,SD 2500 WS,8,,
50721510,10002014JFG001605,,SD 2500 WS,26,,15.0
50721509,10002014JFG001605,,SD 2500 WS,7,,
50721508,10002014JFG001605,,SD 2500 WS,63,,15.0
50721507,10002014JFG001605,,SD 2500 WS,87,,
50721506,10002014JFG001605,,SD 2500 WS,27,,
50721505,10002014JFG001605,,SD 2500 WS,23,,
50721504,10002014JFG001605,,SD 2500 WS,132,,
50721503,10002014JFG001605,,SD 2500 WS,34,,20.0
50721502,10002014JFG001605,,SD 2500 WS,30,,
50721501,10002014JFG001605,,SD 2500 WS,6,,
50721500,10002014JFG001605,,SD 2500 WS,55,,11.0
50721499,10002014JFG001605,,SD 2500 WS,149,V 6000 TV Gas,
50721498,10002014JFG001605,,SD 2500 WS,156,Nein,
50719202,KG002864,,SD 2500 WS,156,,
50719201,KG002864,,SD 2500 WS,152,,15.0
50719200,KG002864,,SD 2500 WS,52,,
50719199,KG002864,,SD 2500 WS,38,,14.0
50719198,KG002864,,SD 2500 WS,37,,14.0
50719197,KG002864,,SD 2500 WS,36,,14.0
50719196,KG002864,,SD 2500 WS,149,,
50719195,KG002864,,SD 2500 WS,73,,15.0
50719194,KG002864,,SD 2500 WS,89,,
50719193,KG002864,,SD 2500 WS,88,,10.0
50719191,KG002864,,SD 2500 WS,35,,
50719190,KG002864,,SD 2500 WS,127,,
50719189,KG002864,,SD 2500 WS,148,,
50719188,KG002864,,SD 2500 WS,8,,
50719187,KG002864,,SD 2500 WS,26,,15.0
50719186,KG002864,,SD 2500 WS,7,,
50719185,KG002864,,SD 2500 WS,63,,15.0
50719184,KG002864,,SD 2500 WS,87,,
50719183,KG002864,,SD 2500 WS,27,,
50719182,KG002864,,SD 2500 WS,23,,
50719181,KG002864,,SD 2500 WS,132,,
50719180,KG002864,,SD 2500 WS,34,,20.0
50719179,KG002864,,SD 2500 WS,30,,
50719178,KG002864,,SD 2500 WS,6,,
50719177,KG002864,,SD 2500 WS,55,,11.0
50719176,KG002864,,SD 2500 WS,156,,
50719175,KG002864,,SD 2500 WS,152,,15.0
50719174,KG002864,,SD 2500 WS,52,,
50719173,KG002864,,SD 2500 WS,38,,14.0
50719172,KG002864,,SD 2500 WS,37,,14.0
50719171,KG002864,,SD 2500 WS,36,,14.0
50719170,KG002864,,SD 2500 WS,149,,
50719169,KG002864,,SD 2500 WS,73,,15.0
50719168,KG002864,,SD 2500 WS,89,,
50719167,KG002864,,SD 2500 WS,88,,10.0
50719165,KG002864,,SD 2500 WS,35,,
50719164,KG002864,,SD 2500 WS,127,,
50719163,KG002864,,SD 2500 WS,148,,
50719162,KG002864,,SD 2500 WS,8,,
50719161,KG002864,,SD 2500 WS,26,,15.0
50719160,KG002864,,SD 2500 WS,7,,
50719159,KG002864,,SD 2500 WS,63,,15.0
50719158,KG002864,,SD 2500 WS,87,,
50719157,KG002864,,SD 2500 WS,27,,
50719156,KG002864,,SD 2500 WS,23,,
50719155,KG002864,,SD 2500 WS,132,,
50719154,KG002864,,SD 2500 WS,34,,20.0
50719153,KG002864,,SD 2500 WS,30,,
50719152,KG002864,,SD 2500 WS,6,,
50719151,KG002864,,SD 2500 WS,55,,11.0
50719150,KG002864,,SD 2500 WS,149,V 6000 TV Gas,
50719149,KG002864,,SD 2500 WS,156,Nein,
50718551,10002155TNG004128,,SD 2500 WS,156,,
50718550,10002155TNG004128,,SD 2500 WS,152,,15.0
50718549,10002155TNG004128,,SD 2500 WS,52,,
50718548,10002155TNG004128,,SD 2500 WS,38,,14.0
50718547,10002155TNG004128,,SD 2500 WS,37,,14.0
50718546,10002155TNG004128,,SD 2500 WS,36,,14.0
50718545,10002155TNG004128,,SD 2500 WS,149,,
50718544,10002155TNG004128,,SD 2500 WS,73,,15.0
50718543,10002155TNG004128,,SD 2500 WS,89,,
50718542,10002155TNG004128,,SD 2500 WS,88,,10.0
50718540,10002155TNG004128,,SD 2500 WS,35,,
50718539,10002155TNG004128,,SD 2500 WS,127,,
50718538,10002155TNG004128,,SD 2500 WS,148,,
50718537,10002155TNG004128,,SD 2500 WS,8,,
50718536,10002155TNG004128,,SD 2500 WS,26,,15.0
50718535,10002155TNG004128,,SD 2500 WS,7,,
50718534,10002155TNG004128,,SD 2500 WS,63,,15.0
50718533,10002155TNG004128,,SD 2500 WS,87,,
50718532,10002155TNG004128,,SD 2500 WS,27,,
50718531,10002155TNG004128,,SD 2500 WS,23,,
50718530,10002155TNG004128,,SD 2500 WS,132,,
50718529,10002155TNG004128,,SD 2500 WS,34,,20.0
50718528,10002155TNG004128,,SD 2500 WS,30,,
50718527,10002155TNG004128,,SD 2500 WS,6,,
50718526,10002155TNG004128,,SD 2500 WS,55,,11.0
50718525,10002155TNG004128,,SD 2500 WS,149,V 6000 TV E,
50718524,10002155TNG004128,,SD 2500 WS,156,Nein,
50608405,101361,,Liebherr - Schienenfahrwerk 256 HC,133,,
50608404,101361,,Liebherr - Schienenfahrwerk 256 HC,55,,11.0
50608403,101361,,Liebherr - Schienenfahrwerk 256 HC,63,,15.0
50608402,101361,,Liebherr - Schienenfahrwerk 256 HC,73,,15.0
50608401,101361,,Liebherr - Schienenfahrwerk 256 HC,26,,15.0
50607901,101355,,Liebherr - Schienenfahrwerk 256 HC,133,,
50607900,101355,,Liebherr - Schienenfahrwerk 256 HC,55,,11.0
50607899,101355,,Liebherr - Schienenfahrwerk 256 HC,63,,15.0
50607898,101355,,Liebherr - Schienenfahrwerk 256 HC,73,,15.0
50607897,101355,,Liebherr - Schienenfahrwerk 256 HC,26,,15.0
50547370,CAT03018CH8X08051,,301.8-05A,99,Ja,
50547369,CAT03018CH8X08051,,301.8-05A,128,Nein,
50547368,CAT03018CH8X08051,,301.8-05A,60,Nein,
50547367,CAT03018CH8X08051,,301.8-05A,110,QC03,
50547366,CAT03018CH8X08051,,301.8-05A,78,960,15.0
50547365,CAT03018CH8X08051,,301.8-05A,141,Nein,
50547364,CAT03018CH8X08051,,301.8-05A,26,990,15.0
50547363,CAT03018CH8X08051,,301.8-05A,73,3720,15.0
50547362,CAT03018CH8X08051,,301.8-05A,58,Nein,
50547361,CAT03018CH8X08051,,301.8-05A,106,Nein,
50547360,CAT03018CH8X08051,,301.8-05A,23,Nein,
50547359,CAT03018CH8X08051,,301.8-05A,137,Nein,
50547358,CAT03018CH8X08051,,301.8-05A,63,2300,15.0
50547357,CAT03018CH8X08051,,301.8-05A,145,Nein,
50547356,CAT03018CH8X08051,,301.8-05A,111,Ja,
50547355,CAT03018CH8X08051,,301.8-05A,56,2370,15.0
50547354,CAT03018CH8X08051,,301.8-05A,7,Tier 4,
50547353,CAT03018CH8X08051,,301.8-05A,140,Nein,
50547352,CAT03018CH8X08051,,301.8-05A,87,Caterpillar,
50547351,CAT03018CH8X08051,,301.8-05A,6,Stufe V,
50547350,CAT03018CH8X08051,,301.8-05A,66,Ja,
50547349,CAT03018CH8X08051,,301.8-05A,112,Nein,
50547348,CAT03018CH8X08051,,301.8-05A,148,Nein,
50547347,CAT03018CH8X08051,,301.8-05A,120,Ja,
50547346,CAT03018CH8X08051,,301.8-05A,30,Nein,
50547345,CAT03018CH8X08051,,301.8-05A,113,,
50547344,CAT03018CH8X08051,,301.8-05A,109,Lehnhoff,
50547343,CAT03018CH8X08051,,301.8-05A,108,Ja,
50547342,CAT03018CH8X08051,,301.8-05A,69,Nein,
50547341,CAT03018CH8X08051,,301.8-05A,88,"16,1",10.0
50547340,CAT03018CH8X08051,,301.8-05A,89,C1.1,
50547339,CAT03018CH8X08051,,301.8-05A,57,Nein,
50547338,CAT03018CH8X08051,,301.8-05A,55,1965,11.0
50469178,326 15090,18044,Titan 326,156,,
50469177,326 15090,18044,Titan 326,152,,15.0
50469176,326 15090,18044,Titan 326,52,,
50469175,326 15090,18044,Titan 326,38,,14.0
50469174,326 15090,18044,Titan 326,37,,14.0
50469173,326 15090,18044,Titan 326,36,,14.0
50469172,326 15090,18044,Titan 326,149,,
50469171,326 15090,18044,Titan 326,73,,15.0
50469170,326 15090,18044,Titan 326,89,,
50469169,326 15090,18044,Titan 326,88,,10.0
50469167,326 15090,18044,Titan 326,35,,
50469166,326 15090,18044,Titan 326,127,,
50469165,326 15090,18044,Titan 326,148,,
50469164,326 15090,18044,Titan 326,8,,
50469163,326 15090,18044,Titan 326,26,,15.0
50469162,326 15090,18044,Titan 326,7,,
50469161,326 15090,18044,Titan 326,63,,15.0
50469160,326 15090,18044,Titan 326,87,,
50469159,326 15090,18044,Titan 326,27,,
50469158,326 15090,18044,Titan 326,23,,
50469157,326 15090,18044,Titan 326,132,,
50469156,326 15090,18044,Titan 326,34,,20.0
50469155,326 15090,18044,Titan 326,30,,
50469154,326 15090,18044,Titan 326,6,,
50469153,326 15090,18044,Titan 326,55,,11.0
50354921,12200220,18041,W 200,45,,15.0
50354920,12200220,18041,W 200,23,,
50354919,12200220,18041,W 200,8,,
50354918,12200220,18041,W 200,6,,
50354917,12200220,18041,W 200,142,,
50354916,12200220,18041,W 200,69,,
50354915,12200220,18041,W 200,26,,15.0
50354914,12200220,18041,W 200,89,,
50354913,12200220,18041,W 200,143,,
50354912,12200220,18041,W 200,46,,18.0
50354911,12200220,18041,W 200,87,,
50354910,12200220,18041,W 200,30,,
50354909,12200220,18041,W 200,77,,
50354908,12200220,18041,W 200,148,,
50354907,12200220,18041,W 200,9,,
50354906,12200220,18041,W 200,47,,15.0
50354905,12200220,18041,W 200,41,,
50354904,12200220,18041,W 200,73,,15.0
50354903,12200220,18041,W 200,63,,15.0
50354902,12200220,18041,W 200,144,,
50354901,12200220,18041,W 200,122,,
50354900,12200220,18041,W 200,88,,10.0
50354899,12200220,18041,W 200,61,,
50354898,12200220,18041,W 200,7,,
50354897,12200220,18041,W 200,55,,11.0
50318876,50482,18040,42 K.1,131,,11.0
50318875,50482,18040,42 K.1,53,,19.0
50318874,50482,18040,42 K.1,93,,5.0
50318873,50482,18040,42 K.1,148,,
50318872,50482,18040,42 K.1,146,,
50318871,50482,18040,42 K.1,76,,10.0
50318870,50482,18040,42 K.1,94,,2.0
50318869,50482,18040,42 K.1,66,,
50318868,50482,18040,42 K.1,59,,14.0
50318867,50482,18040,42 K.1,18,,14.0
50318866,50482,18040,42 K.1,130,,11.0
50318865,50482,18040,42 K.1,50,Ja,
50318864,50482,18040,42 K.1,69,,
50318863,50482,18040,42 K.1,48,,3.0
50318862,50482,18040,42 K.1,5,,
50318861,50482,18040,42 K.1,19,36,14.0
50318860,50482,18040,42 K.1,133,,
50313382,11821255,18039,Super 1600-2,156,,
50313381,11821255,18039,Super 1600-2,152,,15.0
50313380,11821255,18039,Super 1600-2,52,,
50313379,11821255,18039,Super 1600-2,38,,14.0
50313378,11821255,18039,Super 1600-2,37,,14.0
50313377,11821255,18039,Super 1600-2,36,,14.0
50313376,11821255,18039,Super 1600-2,149,,
50313375,11821255,18039,Super 1600-2,73,,15.0
50313374,11821255,18039,Super 1600-2,89,,
50313373,11821255,18039,Super 1600-2,88,,10.0
50313371,11821255,18039,Super 1600-2,35,,
50313370,11821255,18039,Super 1600-2,127,,
50313369,11821255,18039,Super 1600-2,148,,
50313368,11821255,18039,Super 1600-2,8,,
50313367,11821255,18039,Super 1600-2,26,,15.0
50313366,11821255,18039,Super 1600-2,7,,
50313365,11821255,18039,Super 1600-2,63,,15.0
50313364,11821255,18039,Super 1600-2,87,,
50313363,11821255,18039,Super 1600-2,27,,
50313362,11821255,18039,Super 1600-2,23,,
50313361,11821255,18039,Super 1600-2,132,,
50313360,11821255,18039,Super 1600-2,34,,20.0
50313359,11821255,18039,Super 1600-2,30,,
50313358,11821255,18039,Super 1600-2,6,,
50313357,11821255,18039,Super 1600-2,55,,11.0
50164688,CAT3018AH8X08042,,301.8-05A,99,Ja,
50164687,CAT3018AH8X08042,,301.8-05A,128,Nein,
50164686,CAT3018AH8X08042,,301.8-05A,60,Ja,
50164685,CAT3018AH8X08042,,301.8-05A,110,,
50164684,CAT3018AH8X08042,,301.8-05A,78,960,15.0
50164683,CAT3018AH8X08042,,301.8-05A,141,Nein,
50164682,CAT3018AH8X08042,,301.8-05A,26,990,15.0
50164681,CAT3018AH8X08042,,301.8-05A,73,3720,15.0
50164680,CAT3018AH8X08042,,301.8-05A,58,,
50164679,CAT3018AH8X08042,,301.8-05A,106,,
50164678,CAT3018AH8X08042,,301.8-05A,23,Nein,
50164677,CAT3018AH8X08042,,301.8-05A,137,Nein,
50164676,CAT3018AH8X08042,,301.8-05A,63,2300,15.0
50164675,CAT3018AH8X08042,,301.8-05A,145,Nein,
50164674,CAT3018AH8X08042,,301.8-05A,111,Ja,
50164673,CAT3018AH8X08042,,301.8-05A,56,2370,15.0
50164672,CAT3018AH8X08042,,301.8-05A,7,,
50164671,CAT3018AH8X08042,,301.8-05A,140,Nein,
50164670,CAT3018AH8X08042,,301.8-05A,87,Caterpillar,
50164669,CAT3018AH8X08042,,301.8-05A,6,Stufe V,
50164668,CAT3018AH8X08042,,301.8-05A,66,Ja,
50164667,CAT3018AH8X08042,,301.8-05A,112,Nein,
50164666,CAT3018AH8X08042,,301.8-05A,148,Nein,
50164665,CAT3018AH8X08042,,301.8-05A,120,Nein,
50164664,CAT3018AH8X08042,,301.8-05A,30,Nein,
50164663,CAT3018AH8X08042,,301.8-05A,113,,
50164662,CAT3018AH8X08042,,301.8-05A,109,Lehnhoff,
50164661,CAT3018AH8X08042,,301.8-05A,108,Ja,
50164660,CAT3018AH8X08042,,301.8-05A,69,Ja,
50164659,CAT3018AH8X08042,,301.8-05A,88,"16,1",10.0
50164658,CAT3018AH8X08042,,301.8-05A,89,C1.1,
50164657,CAT3018AH8X08042,,301.8-05A,57,,
50164656,CAT3018AH8X08042,,301.8-05A,55,1965,11.0
50162950,CAT3018AH8X08053,,301.8-05A,99,Ja,
50162949,CAT3018AH8X08053,,301.8-05A,128,Nein,
50162948,CAT3018AH8X08053,,301.8-05A,60,Ja,
50162947,CAT3018AH8X08053,,301.8-05A,110,,
50162946,CAT3018AH8X08053,,301.8-05A,78,960,15.0
50162945,CAT3018AH8X08053,,301.8-05A,141,Nein,
50162944,CAT3018AH8X08053,,301.8-05A,26,990,15.0
50162943,CAT3018AH8X08053,,301.8-05A,73,3720,15.0
50162942,CAT3018AH8X08053,,301.8-05A,58,,
50162941,CAT3018AH8X08053,,301.8-05A,106,,
50162940,CAT3018AH8X08053,,301.8-05A,23,Nein,
50162939,CAT3018AH8X08053,,301.8-05A,137,Nein,
50162938,CAT3018AH8X08053,,301.8-05A,63,2300,15.0
50162937,CAT3018AH8X08053,,301.8-05A,145,Nein,
50162936,CAT3018AH8X08053,,301.8-05A,111,Ja,
50162935,CAT3018AH8X08053,,301.8-05A,56,2370,15.0
50162934,CAT3018AH8X08053,,301.8-05A,7,,
50162933,CAT3018AH8X08053,,301.8-05A,140,Nein,
50162932,CAT3018AH8X08053,,301.8-05A,87,Caterpillar,
50162931,CAT3018AH8X08053,,301.8-05A,6,Stufe V,
50162930,CAT3018AH8X08053,,301.8-05A,66,Ja,
50162929,CAT3018AH8X08053,,301.8-05A,112,Nein,
50162928,CAT3018AH8X08053,,301.8-05A,148,Nein,
50162927,CAT3018AH8X08053,,301.8-05A,120,Nein,
50162926,CAT3018AH8X08053,,301.8-05A,30,Nein,
50162925,CAT3018AH8X08053,,301.8-05A,113,,
50162924,CAT3018AH8X08053,,301.8-05A,109,Lehnhoff,
50162923,CAT3018AH8X08053,,301.8-05A,108,Ja,
50162922,CAT3018AH8X08053,,301.8-05A,69,Ja,
50162921,CAT3018AH8X08053,,301.8-05A,88,"16,1",10.0
50162920,CAT3018AH8X08053,,301.8-05A,89,C1.1,
50162919,CAT3018AH8X08053,,301.8-05A,57,,
50162918,CAT3018AH8X08053,,301.8-05A,55,1965,11.0
50132923,04-05-10014 515,300515,Big-Ski,63,450,15.0
50132922,04-05-10014 515,300515,Big-Ski,26,800,15.0
50132921,04-05-10014 515,300515,Big-Ski,73,2650,15.0
50132904,04-05-10014 514,300514,Big-Ski,63,450,15.0
50132903,04-05-10014 514,300514,Big-Ski,26,800,15.0
50132902,04-05-10014 514,300514,Big-Ski,73,2650,15.0
50033422,11823308,18033,Super 1800-2,156,,
50033421,11823308,18033,Super 1800-2,152,,15.0
50033420,11823308,18033,Super 1800-2,52,,
50033419,11823308,18033,Super 1800-2,38,,14.0
50033418,11823308,18033,Super 1800-2,37,,14.0
50033417,11823308,18033,Super 1800-2,36,,14.0
50033416,11823308,18033,Super 1800-2,149,,
50033415,11823308,18033,Super 1800-2,73,,15.0
50033414,11823308,18033,Super 1800-2,89,,
50033413,11823308,18033,Super 1800-2,88,,10.0
50033411,11823308,18033,Super 1800-2,35,,
50033410,11823308,18033,Super 1800-2,127,,
50033409,11823308,18033,Super 1800-2,148,,
50033408,11823308,18033,Super 1800-2,8,,
50033407,11823308,18033,Super 1800-2,26,,15.0
50033406,11823308,18033,Super 1800-2,7,,
50033405,11823308,18033,Super 1800-2,63,,15.0
50033404,11823308,18033,Super 1800-2,87,,
50033403,11823308,18033,Super 1800-2,27,,
50033402,11823308,18033,Super 1800-2,23,,
50033401,11823308,18033,Super 1800-2,132,,
50033400,11823308,18033,Super 1800-2,34,,20.0
50033399,11823308,18033,Super 1800-2,30,,
50033398,11823308,18033,Super 1800-2,6,,
50033397,11823308,18033,Super 1800-2,55,,11.0
50033387,11822761,18032,Super 1800-2,156,,
50033386,11822761,18032,Super 1800-2,152,,15.0
50033385,11822761,18032,Super 1800-2,52,,
50033384,11822761,18032,Super 1800-2,38,,14.0
50033383,11822761,18032,Super 1800-2,37,,14.0
50033382,11822761,18032,Super 1800-2,36,,14.0
50033381,11822761,18032,Super 1800-2,149,,
50033380,11822761,18032,Super 1800-2,73,,15.0
50033379,11822761,18032,Super 1800-2,89,,
50033378,11822761,18032,Super 1800-2,88,,10.0
50033376,11822761,18032,Super 1800-2,35,,
50033375,11822761,18032,Super 1800-2,127,,
50033374,11822761,18032,Super 1800-2,148,,
50033373,11822761,18032,Super 1800-2,8,,
50033372,11822761,18032,Super 1800-2,26,,15.0
50033371,11822761,18032,Super 1800-2,7,,
50033370,11822761,18032,Super 1800-2,63,,15.0
50033369,11822761,18032,Super 1800-2,87,,
50033368,11822761,18032,Super 1800-2,27,,
50033367,11822761,18032,Super 1800-2,23,,
50033366,11822761,18032,Super 1800-2,132,,
50033365,11822761,18032,Super 1800-2,34,,20.0
50033364,11822761,18032,Super 1800-2,30,,
50033363,11822761,18032,Super 1800-2,6,,
50033362,11822761,18032,Super 1800-2,55,,11.0
50031329,101870541024,18036,BW 174 AP-AM,155,,
50031328,101870541024,18036,BW 174 AP-AM,69,,
50031327,101870541024,18036,BW 174 AP-AM,88,,10.0
50031326,101870541024,18036,BW 174 AP-AM,54,,
50031325,101870541024,18036,BW 174 AP-AM,30,,
50031324,101870541024,18036,BW 174 AP-AM,13,,15.0
50031323,101870541024,18036,BW 174 AP-AM,23,,
50031322,101870541024,18036,BW 174 AP-AM,73,,15.0
50031321,101870541024,18036,BW 174 AP-AM,63,,15.0
50031320,101870541024,18036,BW 174 AP-AM,135,,11.0
50031319,101870541024,18036,BW 174 AP-AM,70,,
50031318,101870541024,18036,BW 174 AP-AM,67,,18.0
50031317,101870541024,18036,BW 174 AP-AM,87,,
50031316,101870541024,18036,BW 174 AP-AM,96,,
50031315,101870541024,18036,BW 174 AP-AM,26,,15.0
50031314,101870541024,18036,BW 174 AP-AM,89,,
50031313,101870541024,18036,BW 174 AP-AM,55,,11.0
50031312,101870541024,18036,BW 174 AP-AM,6,,
50031311,101870541024,18036,BW 174 AP-AM,148,,
50031310,101870541024,18036,BW 174 AP-AM,7,,
50031309,101870541024,18036,BW 174 AP-AM,16,,
50031308,101870541024,18036,BW 174 AP-AM,136,,
49940766,CAT03018PH8X08045,,301.8-05A,99,Ja,
49940765,CAT03018PH8X08045,,301.8-05A,128,Nein,
49940764,CAT03018PH8X08045,,301.8-05A,60,Ja,
49940763,CAT03018PH8X08045,,301.8-05A,110,,
49940762,CAT03018PH8X08045,,301.8-05A,78,960,15.0
49940761,CAT03018PH8X08045,,301.8-05A,141,Nein,
49940760,CAT03018PH8X08045,,301.8-05A,26,990,15.0
49940759,CAT03018PH8X08045,,301.8-05A,73,3720,15.0
49940758,CAT03018PH8X08045,,301.8-05A,58,,
49940757,CAT03018PH8X08045,,301.8-05A,106,,
49940756,CAT03018PH8X08045,,301.8-05A,23,Nein,
49940755,CAT03018PH8X08045,,301.8-05A,137,Nein,
49940754,CAT03018PH8X08045,,301.8-05A,63,2300,15.0
49940753,CAT03018PH8X08045,,301.8-05A,145,Nein,
49940752,CAT03018PH8X08045,,301.8-05A,111,Ja,
49940751,CAT03018PH8X08045,,301.8-05A,56,2370,15.0
49940750,CAT03018PH8X08045,,301.8-05A,7,,
49940749,CAT03018PH8X08045,,301.8-05A,140,Nein,
49940748,CAT03018PH8X08045,,301.8-05A,87,Caterpillar,
49940747,CAT03018PH8X08045,,301.8-05A,6,Stufe V,
49940746,CAT03018PH8X08045,,301.8-05A,66,Ja,
49940745,CAT03018PH8X08045,,301.8-05A,112,Nein,
49940744,CAT03018PH8X08045,,301.8-05A,148,Nein,
49940743,CAT03018PH8X08045,,301.8-05A,120,Nein,
49940742,CAT03018PH8X08045,,301.8-05A,30,Nein,
49940741,CAT03018PH8X08045,,301.8-05A,113,,
49940740,CAT03018PH8X08045,,301.8-05A,109,Henle,
49940739,CAT03018PH8X08045,,301.8-05A,108,Ja,
49940738,CAT03018PH8X08045,,301.8-05A,69,Ja,
49940737,CAT03018PH8X08045,,301.8-05A,88,"16,1",10.0
49940736,CAT03018PH8X08045,,301.8-05A,89,C1.1,
49940735,CAT03018PH8X08045,,301.8-05A,57,,
49940734,CAT03018PH8X08045,,301.8-05A,55,1965,11.0
49940730,CAT03018JH8X07688,,301.8-05A,99,Ja,
49940729,CAT03018JH8X07688,,301.8-05A,128,Nein,
49940728,CAT03018JH8X07688,,301.8-05A,60,Ja,
49940727,CAT03018JH8X07688,,301.8-05A,110,,
49940726,CAT03018JH8X07688,,301.8-05A,78,960,15.0
49940725,CAT03018JH8X07688,,301.8-05A,141,Nein,
49940724,CAT03018JH8X07688,,301.8-05A,26,990,15.0
49940723,CAT03018JH8X07688,,301.8-05A,73,3720,15.0
49940722,CAT03018JH8X07688,,301.8-05A,58,,
49940721,CAT03018JH8X07688,,301.8-05A,106,,
49940720,CAT03018JH8X07688,,301.8-05A,23,Nein,
49940719,CAT03018JH8X07688,,301.8-05A,137,Nein,
49940718,CAT03018JH8X07688,,301.8-05A,63,2300,15.0
49940717,CAT03018JH8X07688,,301.8-05A,145,Nein,
49940716,CAT03018JH8X07688,,301.8-05A,111,Ja,
49940715,CAT03018JH8X07688,,301.8-05A,56,2370,15.0
49940714,CAT03018JH8X07688,,301.8-05A,7,,
49940713,CAT03018JH8X07688,,301.8-05A,140,Nein,
49940712,CAT03018JH8X07688,,301.8-05A,87,Caterpillar,
49940711,CAT03018JH8X07688,,301.8-05A,6,Stufe V,
49940710,CAT03018JH8X07688,,301.8-05A,66,Ja,
49940709,CAT03018JH8X07688,,301.8-05A,112,Nein,
49940708,CAT03018JH8X07688,,301.8-05A,148,Nein,
49940707,CAT03018JH8X07688,,301.8-05A,120,Nein,
49940706,CAT03018JH8X07688,,301.8-05A,30,Nein,
49940705,CAT03018JH8X07688,,301.8-05A,113,,
49940704,CAT03018JH8X07688,,301.8-05A,109,Lehnhoff,
49940703,CAT03018JH8X07688,,301.8-05A,108,Ja,
49940702,CAT03018JH8X07688,,301.8-05A,69,Ja,
49940701,CAT03018JH8X07688,,301.8-05A,88,"16,1",10.0
49940700,CAT03018JH8X07688,,301.8-05A,89,C1.1,
49940699,CAT03018JH8X07688,,301.8-05A,57,,
49940698,CAT03018JH8X07688,,301.8-05A,55,1965,11.0
49940099,41326,18031,78 EC,53,,19.0
49940098,41326,18031,78 EC,146,,
49940097,41326,18031,78 EC,69,,
49940096,41326,18031,78 EC,19,,14.0
49940095,41326,18031,78 EC,148,,
49940094,41326,18031,78 EC,48,,3.0
49940093,41326,18031,78 EC,93,,5.0
49940092,41326,18031,78 EC,18,,14.0
49940091,41326,18031,78 EC,131,,11.0
49940090,41326,18031,78 EC,59,,14.0
49940089,41326,18031,78 EC,66,,
49940088,41326,18031,78 EC,94,,2.0
49940087,41326,18031,78 EC,130,,11.0
49940086,41326,18031,78 EC,76,,10.0
49940085,41326,18031,78 EC,133,,
49940084,41326,18031,78 EC,5,,
49940083,41326,18031,78 EC,50,,
49912341,11822620,18030,Super 1600-2,156,,
49912340,11822620,18030,Super 1600-2,152,,15.0
49912339,11822620,18030,Super 1600-2,52,,
49912338,11822620,18030,Super 1600-2,38,,14.0
49912337,11822620,18030,Super 1600-2,37,,14.0
49912336,11822620,18030,Super 1600-2,36,,14.0
49912335,11822620,18030,Super 1600-2,149,,
49912334,11822620,18030,Super 1600-2,73,,15.0
49912333,11822620,18030,Super 1600-2,89,,
49912332,11822620,18030,Super 1600-2,88,,10.0
49912330,11822620,18030,Super 1600-2,35,,
49912329,11822620,18030,Super 1600-2,127,,
49912328,11822620,18030,Super 1600-2,148,,
49912327,11822620,18030,Super 1600-2,8,,
49912326,11822620,18030,Super 1600-2,26,,15.0
49912325,11822620,18030,Super 1600-2,7,,
49912324,11822620,18030,Super 1600-2,63,,15.0
49912323,11822620,18030,Super 1600-2,87,,
49912322,11822620,18030,Super 1600-2,27,,
49912321,11822620,18030,Super 1600-2,23,,
49912320,11822620,18030,Super 1600-2,132,,
49912319,11822620,18030,Super 1600-2,34,,20.0
49912318,11822620,18030,Super 1600-2,30,,
49912317,11822620,18030,Super 1600-2,6,,
49912316,11822620,18030,Super 1600-2,55,,11.0
49876381,05130184,18028,W 150,45,,15.0
49876380,05130184,18028,W 150,23,,
49876379,05130184,18028,W 150,8,,
49876378,05130184,18028,W 150,6,,
49876377,05130184,18028,W 150,142,,
49876376,05130184,18028,W 150,69,,
49876375,05130184,18028,W 150,26,,15.0
49876374,05130184,18028,W 150,89,,
49876373,05130184,18028,W 150,143,,
49876372,05130184,18028,W 150,46,,18.0
49876371,05130184,18028,W 150,87,,
49876370,05130184,18028,W 150,30,,
49876369,05130184,18028,W 150,77,,
49876368,05130184,18028,W 150,148,,
49876367,05130184,18028,W 150,9,,
49876366,05130184,18028,W 150,47,,15.0
49876365,05130184,18028,W 150,41,,
49876364,05130184,18028,W 150,73,,15.0
49876363,05130184,18028,W 150,63,,15.0
49876362,05130184,18028,W 150,144,,
49876361,05130184,18028,W 150,122,,
49876360,05130184,18028,W 150,88,,10.0
49876359,05130184,18028,W 150,61,,
49876358,05130184,18028,W 150,7,,
49876357,05130184,18028,W 150,55,,11.0
49875919,05130183,18027,W 150,45,,15.0
49875918,05130183,18027,W 150,23,,
49875917,05130183,18027,W 150,8,,
49875916,05130183,18027,W 150,6,,
49875915,05130183,18027,W 150,142,,
49875914,05130183,18027,W 150,69,,
49875913,05130183,18027,W 150,26,,15.0
49875912,05130183,18027,W 150,89,,
49875911,05130183,18027,W 150,143,,
49875910,05130183,18027,W 150,46,,18.0
49875909,05130183,18027,W 150,87,,
49875908,05130183,18027,W 150,30,,
49875907,05130183,18027,W 150,77,,
49875906,05130183,18027,W 150,148,,
49875905,05130183,18027,W 150,9,,
49875904,05130183,18027,W 150,47,,15.0
49875903,05130183,18027,W 150,41,,
49875902,05130183,18027,W 150,73,,15.0
49875901,05130183,18027,W 150,63,,15.0
49875900,05130183,18027,W 150,144,,
49875899,05130183,18027,W 150,122,,
49875898,05130183,18027,W 150,88,,10.0
49875897,05130183,18027,W 150,61,,
49875896,05130183,18027,W 150,7,,
49875895,05130183,18027,W 150,55,,11.0
49841567,DEQ221622,,MB 1500,151,120 - 155,13.0
49841566,DEQ221622,,MB 1500,14,160 - 180,6.0
49841565,DEQ221622,,MB 1500,154,17 - 29,19.0
49841564,DEQ221622,,MB 1500,109,OilQuick,
49841563,DEQ221622,,MB 1500,112,Nein,
49841562,DEQ221622,,MB 1500,23,Nein,
49841561,DEQ221622,,MB 1500,73,2420,15.0
49841560,DEQ221622,,MB 1500,63,700,15.0
49841559,DEQ221622,,MB 1500,111,Ja,
49841558,DEQ221622,,MB 1500,113,OQ 70/55,
49841557,DEQ221622,,MB 1500,110,,
49841556,DEQ221622,,MB 1500,55,1500,11.0
49841555,DEQ221622,,MB 1500,26,727,15.0
49703093,15488,,912 GS,157,Ja,
49701360,15488,,912 GS,6,Stufe V,
49701359,15488,,912 GS,69,Ja,
49701358,15488,,912 GS,70,Ja,
49701357,15488,,912 GS,95,10000,11.0
49701356,15488,,912 GS,73,5860,15.0
49701355,15488,,912 GS,87,Cummins,
49701354,15488,,912 GS,90,Nein,
49701353,15488,,912 GS,30,Ja,
49701352,15488,,912 GS,92,"5,6",16.0
49701351,15488,,912 GS,89,B4.5,
49701350,15488,,912 GS,55,"8.000,00",11.0
49701349,15488,,912 GS,10,Ja,
49701348,15488,,912 GS,40,40,12.0
49701347,15488,,912 GS,148,Ja,
49701346,15488,,912 GS,26,1860,15.0
49701345,15488,,912 GS,91,Nein,
49701344,15488,,912 GS,88,108,10.0
49701343,15488,,912 GS,7,,
49701342,15488,,912 GS,63,2790,15.0
49701341,15488,,912 GS,23,Nein,
49699893,WNCE1402VPAL02905,,EW65,99,Ja,
49699892,WNCE1402VPAL02905,,EW65,69,Ja,
49699891,WNCE1402VPAL02905,,EW65,83,Nein,
49699890,WNCE1402VPAL02905,,EW65,23,Nein,
49699889,WNCE1402VPAL02905,,EW65,78,,15.0
49699888,WNCE1402VPAL02905,,EW65,26,1931,15.0
49699887,WNCE1402VPAL02905,,EW65,113,,
49699886,WNCE1402VPAL02905,,EW65,40,"30,0",12.0
49699885,WNCE1402VPAL02905,,EW65,87,Perkins,
49699884,WNCE1402VPAL02905,,EW65,128,Nein,
49699883,WNCE1402VPAL02905,,EW65,73,6250,15.0
49699882,WNCE1402VPAL02905,,EW65,141,Nein,
49699881,WNCE1402VPAL02905,,EW65,6,Stufe V,
49699880,WNCE1402VPAL02905,,EW65,11,Nein,
49699879,WNCE1402VPAL02905,,EW65,111,Ja,
49699878,WNCE1402VPAL02905,,EW65,112,Nein,
49699877,WNCE1402VPAL02905,,EW65,109,Lehnhoff,
49699876,WNCE1402VPAL02905,,EW65,55,7059,11.0
49699875,WNCE1402VPAL02905,,EW65,110,QC03,
49699874,WNCE1402VPAL02905,,EW65,56,3531,15.0
49699873,WNCE1402VPAL02905,,EW65,30,,
49699872,WNCE1402VPAL02905,,EW65,89,404J-E22T,
49699871,WNCE1402VPAL02905,,EW65,148,Nein,
49699870,WNCE1402VPAL02905,,EW65,57,Ja,
49699869,WNCE1402VPAL02905,,EW65,120,Ja,
49699868,WNCE1402VPAL02905,,EW65,88,"42,0",10.0
49699867,WNCE1402VPAL02905,,EW65,7,,
49699866,WNCE1402VPAL02905,,EW65,137,Ja,
49699865,WNCE1402VPAL02905,,EW65,101,Nein,
49699864,WNCE1402VPAL02905,,EW65,58,Ja,
49699863,WNCE1402VPAL02905,,EW65,140,Nein,
49699862,WNCE1402VPAL02905,,EW65,107,Ja,
49699861,WNCE1402VPAL02905,,EW65,63,2775,15.0
49699860,WNCE1402VPAL02905,,EW65,106,Ja,
49699859,WNCE1402VPAL02905,,EW65,60,Ja,
49663514,V06221396X1,,V6 X1,151,55 - 140,13.0
49663513,V06221396X1,,V6 X1,14,250 - 310,6.0
49663512,V06221396X1,,V6 X1,154,8 - 15,19.0
49663511,V06221396X1,,V6 X1,111,Ja,
49663510,V06221396X1,,V6 X1,113,OQ 60-5,
49663509,V06221396X1,,V6 X1,109,OilQuick,
49663508,V06221396X1,,V6 X1,112,Nein,
49663507,V06221396X1,,V6 X1,63,650,15.0
49663506,V06221396X1,,V6 X1,26,640,15.0
49663505,V06221396X1,,V6 X1,55,620,11.0
49663504,V06221396X1,,V6 X1,73,1250,15.0
49663503,V06221396X1,,V6 X1,110,,
49663502,V06221396X1,,V6 X1,23,Nein,
49631331,202203038,,Klappschaufel - 906/907/908,114,,15.0
49631330,202203038,,Klappschaufel - 906/907/908,109,Caterpillar,
49631329,202203038,,Klappschaufel - 906/907/908,73,,15.0
49631328,202203038,,Klappschaufel - 906/907/908,65,,16.0
49631327,202203038,,Klappschaufel - 906/907/908,63,,15.0
49631326,202203038,,Klappschaufel - 906/907/908,55,,11.0
49631325,202203038,,Klappschaufel - 906/907/908,26,,15.0
49631324,202203038,,Klappschaufel - 906/907/908,23,,
49629560,202203040,,Klappschaufel - 906/907/908,114,,15.0
49629559,202203040,,Klappschaufel - 906/907/908,109,Caterpillar,
49629558,202203040,,Klappschaufel - 906/907/908,73,,15.0
49629557,202203040,,Klappschaufel - 906/907/908,65,,16.0
49629556,202203040,,Klappschaufel - 906/907/908,63,,15.0
49629555,202203040,,Klappschaufel - 906/907/908,55,,11.0
49629554,202203040,,Klappschaufel - 906/907/908,26,,15.0
49629553,202203040,,Klappschaufel - 906/907/908,23,,
49626044,107803,,35 Dual PowerMaster Typ 2300,154,,19.0
49626043,107803,,35 Dual PowerMaster Typ 2300,116,,15.0
49626042,107803,,35 Dual PowerMaster Typ 2300,149,,
49626041,107803,,35 Dual PowerMaster Typ 2300,111,,
49626040,107803,,35 Dual PowerMaster Typ 2300,112,,
49626039,107803,,35 Dual PowerMaster Typ 2300,26,,15.0
49626038,107803,,35 Dual PowerMaster Typ 2300,55,,11.0
49626037,107803,,35 Dual PowerMaster Typ 2300,110,,
49626036,107803,,35 Dual PowerMaster Typ 2300,109,,
49626035,107803,,35 Dual PowerMaster Typ 2300,23,,
49626034,107803,,35 Dual PowerMaster Typ 2300,113,,
49626033,107803,,35 Dual PowerMaster Typ 2300,73,,15.0
49626032,107803,,35 Dual PowerMaster Typ 2300,63,,15.0
49552736,202203039,,Klappschaufel - 906/907/908,114,,15.0
49552735,202203039,,Klappschaufel - 906/907/908,109,Caterpillar,
49552734,202203039,,Klappschaufel - 906/907/908,73,,15.0
49552733,202203039,,Klappschaufel - 906/907/908,65,,16.0
49552732,202203039,,Klappschaufel - 906/907/908,63,,15.0
49552731,202203039,,Klappschaufel - 906/907/908,55,,11.0
49552730,202203039,,Klappschaufel - 906/907/908,26,,15.0
49552729,202203039,,Klappschaufel - 906/907/908,23,,
49550581,202203041,,Klappschaufel - 906/907/908,114,,15.0
49550580,202203041,,Klappschaufel - 906/907/908,109,Caterpillar,
49550579,202203041,,Klappschaufel - 906/907/908,73,,15.0
49550578,202203041,,Klappschaufel - 906/907/908,65,,16.0
49550577,202203041,,Klappschaufel - 906/907/908,63,,15.0
49550576,202203041,,Klappschaufel - 906/907/908,55,,11.0
49550575,202203041,,Klappschaufel - 906/907/908,26,,15.0
49550574,202203041,,Klappschaufel - 906/907/908,23,,
49547497,202203042,,Klappschaufel - 906/907/908,114,,15.0
49547496,202203042,,Klappschaufel - 906/907/908,109,Caterpillar,
49547495,202203042,,Klappschaufel - 906/907/908,73,,15.0
49547494,202203042,,Klappschaufel - 906/907/908,65,,16.0
49547493,202203042,,Klappschaufel - 906/907/908,63,,15.0
49547492,202203042,,Klappschaufel - 906/907/908,55,,11.0
49547491,202203042,,Klappschaufel - 906/907/908,26,,15.0
49547490,202203042,,Klappschaufel - 906/907/908,23,,
49019904,1000020440L,,Verbreiterung - V 6000 TVE - 1x750,149,V 6000 TV E,
49019903,1000020441R,,Verbreiterung - V 6000 TVE - 1x750,149,V 6000 TV E,
49019902,796,300333,Verbreiterung - V 6000 TVE - 1x750,149,V 6000 TV E,
49019901,797,300334,Verbreiterung - V 6000 TVE - 1x750,149,V 6000 TV E,
49019900,1000005409,500362,Verbreiterung - V 6000 TVE - 1x750,149,V 6000 TV E,
49019899,1000005883,500363,Verbreiterung - V 6000 TVE - 1x750,149,V 6000 TV E,
49019898,3264572,500297,Verbreiterung - V 6000 TVE - 1x350,149,V 6000 TV E,
49019897,3264573,500298,Verbreiterung - V 6000 TVE - 1x350,149,V 6000 TV E,
49019896,3263886,500299,Verbreiterung - V 6000 TVE - 1x750,149,V 6000 TV E,
49019895,3263885,500300,Verbreiterung - V 6000 TVE - 1x750,149,V 6000 TV E,
49019894,JG002522,300570,SD 2500 CS,149,V 6000 TV E,
49019893,LG003498,300721,SD 2500 CS,149,V 6000 TV E,
49019892,10002155TNG004197,,SD 2500 CS,149,V 6000 TV E,
49019841,55VB7612R,,Verbreiterung - AB 600-3 TV - 750R,149,AB 600-3 TV,
49019764,55VB7445R,,Verbreiterung - AB 600-3 TV - 750R,149,AB 600-3 TV,
49019677,61VB0512R,,Verbreiterung - AB 340-3 TV - 550R,149,AB 340-3 TV,
49019646,61VB0512L,,Verbreiterung - AB 340-3 TV - 550L,149,AB 340-3 TV,
49019609,55VB7364R,,Verbreiterung - AB 600-3 TV - 750R,149,AB 600-3 TV,
49019608,55VB7367R,,Verbreiterung - AB 600-3 TV - 750R,149,AB 600-3 TV,
49019604,55 VR / 3762 R,500271,Verbreiterung - AB 600-3 TV - 750R,149,AB 600-3 TV,
49019603,55 VR / 3762 L,500270,Verbreiterung - AB 600-3 TV - 750L,149,AB 600-3 TV,
49019602,51.VS/ 0335 R,500266,Verbreiterung - AB 340-3 TV - 550R,149,AB 340-3 TV,
49019601,54 VB 1254 L,500274,Verbreiterung - AB 600-3 TV - 250L,149,AB 600-3 TV,
49019600,51.VS / 0335 L,500267,Verbreiterung - AB 340-3 TV - 550L,149,AB 340-3 TV,
49019599,55 VB / 3686 L,500279,Verbreiterung - AB 600-3 TV - 750L,149,AB 600-3 TV,
49019598,54 VB / 1254 R,500273,Verbreiterung - AB 600-3 TV - 250R,149,AB 600-3 TV,
49019597,55 VB / 3686 R,500280,Verbreiterung - AB 600-3 TV - 750R,149,AB 600-3 TV,
49019563,14822284,300552,Super 1800-3i,149,AB 600-3 TV,
49019562,14110121,300547,Super 1300-3i,149,AB 340-3 TV,
49019559,10830158,300709,Super 1803-3i,149,AB 500-3 TV,
49019556,54 VB / 1192 L,500276,Verbreiterung - AB 600-3 TV - 250L,149,AB 600-3 TV,
49019555,54 VB / 1192 R,500277,Verbreiterung - AB 600-3 TV - 250R,149,AB 600-3 TV,
48897635,58VB1030R,,Verbreiterung - AB 600-3 TP2 - 750R,149,AB 600-3 TP 2,
48897632,58VB1030R,,Verbreiterung - AB 600-3 TP2 - 750R,26,750,15.0
48897626,58VB1031R,,Verbreiterung - AB 600-3 TP2 - 750R,149,AB 600-3 TP 2,
48897623,58VB1031R,,Verbreiterung - AB 600-3 TP2 - 750R,26,750,15.0
48897618,58VB1031L,,Verbreiterung - AB 600-3 TP2 - 750L,149,AB 600-3 TP 2,
48897617,58VB1031L,,Verbreiterung - AB 600-3 TP2 - 750L,26,750,15.0
48897609,58VB1030L,,Verbreiterung - AB 600-3 TP2 - 750L,149,AB 600-3 TP 2,
48897608,58VB1030L,,Verbreiterung - AB 600-3 TP2 - 750L,26,750,15.0
48897599,54VB2638R,,Verbreiterung - AB 600-3 TP2 - 250R,149,AB 600-3 TP 2,
48897596,54VB2638R,,Verbreiterung - AB 600-3 TP2 - 250R,26,250,15.0
48897590,54VB2638L,,Verbreiterung - AB 600-3 TP2 - 250L,149,AB 600-3 TP 2,
48897587,54VB2638L,,Verbreiterung - AB 600-3 TP2 - 250L,26,250,15.0
48897582,08192695,,Super 1900-3i,156,Ja,
48897581,08192695,,Super 1900-3i,152,bis 40,15.0
48897580,08192695,,Super 1900-3i,52,Nein,
48897579,08192695,,Super 1900-3i,38,"9,50",14.0
48897578,08192695,,Super 1900-3i,37,"9,50",14.0
48897577,08192695,,Super 1900-3i,36,"3,00 - 6,00",14.0
48897576,08192695,,Super 1900-3i,149,AB 600-3 TP 2,
48897575,08192695,,Super 1900-3i,73,7000,15.0
48897574,08192695,,Super 1900-3i,89,B6.7-C195,
48897573,08192695,,Super 1900-3i,88,145,10.0
48897571,08192695,,Super 1900-3i,35,Ja,
48897570,08192695,,Super 1900-3i,127,Ja,
48897569,08192695,,Super 1900-3i,148,Ja,
48897568,08192695,,Super 1900-3i,8,Ja,
48897567,08192695,,Super 1900-3i,26,2550,15.0
48897565,08192695,,Super 1900-3i,63,3100,15.0
48897564,08192695,,Super 1900-3i,87,Cummins,
48897563,08192695,,Super 1900-3i,27,mechanisch,
48897562,08192695,,Super 1900-3i,23,Nein,
48897561,08192695,,Super 1900-3i,132,Ja,
48897560,08192695,,Super 1900-3i,34,900,20.0
48897559,08192695,,Super 1900-3i,30,Ja,
48897557,08192695,,Super 1900-3i,55,21450,11.0
48866824,46226,18020,250 EC-B 12 Litronic,53,,19.0
48866823,46226,18020,250 EC-B 12 Litronic,146,,
48866822,46226,18020,250 EC-B 12 Litronic,69,,
48866821,46226,18020,250 EC-B 12 Litronic,19,70,14.0
48866820,46226,18020,250 EC-B 12 Litronic,148,,
48866819,46226,18020,250 EC-B 12 Litronic,48,,3.0
48866818,46226,18020,250 EC-B 12 Litronic,93,,5.0
48866817,46226,18020,250 EC-B 12 Litronic,18,,14.0
48866816,46226,18020,250 EC-B 12 Litronic,131,,11.0
48866815,46226,18020,250 EC-B 12 Litronic,59,24,14.0
48866814,46226,18020,250 EC-B 12 Litronic,66,,
48866813,46226,18020,250 EC-B 12 Litronic,94,,2.0
48866812,46226,18020,250 EC-B 12 Litronic,130,,11.0
48866811,46226,18020,250 EC-B 12 Litronic,76,,10.0
48866810,46226,18020,250 EC-B 12 Litronic,133,,
48866809,46226,18020,250 EC-B 12 Litronic,5,,
48866808,46226,18020,250 EC-B 12 Litronic,50,,
48805438,101880011043,18018,BW 100 AC,155,,
48805437,101880011043,18018,BW 100 AC,135,,11.0
48805436,101880011043,18018,BW 100 AC,26,,15.0
48805435,101880011043,18018,BW 100 AC,7,,
48805434,101880011043,18018,BW 100 AC,88,,10.0
48805433,101880011043,18018,BW 100 AC,6,,
48805432,101880011043,18018,BW 100 AC,54,,
48805431,101880011043,18018,BW 100 AC,30,,
48805430,101880011043,18018,BW 100 AC,63,,15.0
48805429,101880011043,18018,BW 100 AC,73,,15.0
48805428,101880011043,18018,BW 100 AC,13,,15.0
48805427,101880011043,18018,BW 100 AC,148,,
48805426,101880011043,18018,BW 100 AC,16,,
48805425,101880011043,18018,BW 100 AC,70,,
48805424,101880011043,18018,BW 100 AC,136,,
48805423,101880011043,18018,BW 100 AC,23,,
48805422,101880011043,18018,BW 100 AC,69,,
48805421,101880011043,18018,BW 100 AC,89,,
48805420,101880011043,18018,BW 100 AC,87,,
48805419,101880011043,18018,BW 100 AC,96,,
48805418,101880011043,18018,BW 100 AC,55,,11.0
48805417,101880011043,18018,BW 100 AC,67,,18.0
48805413,101264,,GRL 1200 - MS 03,154,,19.0
48805412,101264,,GRL 1200 - MS 03,114,,15.0
48805411,101264,,GRL 1200 - MS 03,112,,
48805410,101264,,GRL 1200 - MS 03,55,,11.0
48805409,101264,,GRL 1200 - MS 03,63,,15.0
48805408,101264,,GRL 1200 - MS 03,65,,16.0
48805407,101264,,GRL 1200 - MS 03,23,,
48805406,101264,,GRL 1200 - MS 03,73,,15.0
48805405,101264,,GRL 1200 - MS 03,26,,15.0
48805404,101264,,GRL 1200 - MS 03,109,,
48805403,101264,,GRL 1200 - MS 03,110,,
48805402,101264,,GRL 1200 - MS 03,113,,
48805401,101264,,GRL 1200 - MS 03,111,,
48805400,101264,,GRL 1200 - MS 03,154,,19.0
48805399,101264,,GRL 1200 - MS 03,110,,
48805398,101264,,GRL 1200 - MS 03,26,,15.0
48805397,101264,,GRL 1200 - MS 03,65,,16.0
48805396,101264,,GRL 1200 - MS 03,73,,15.0
48805395,101264,,GRL 1200 - MS 03,147,,
48805394,101264,,GRL 1200 - MS 03,12,,18.0
48805393,101264,,GRL 1200 - MS 03,113,,
48805392,101264,,GRL 1200 - MS 03,109,,
48805391,101264,,GRL 1200 - MS 03,63,,15.0
48805390,101264,,GRL 1200 - MS 03,55,,11.0
48805389,101264,,GRL 1200 - MS 03,114,,15.0
48805385,101263,,TL 700 - MS 03,154,,19.0
48805384,101263,,TL 700 - MS 03,110,,
48805383,101263,,TL 700 - MS 03,26,,15.0
48805382,101263,,TL 700 - MS 03,65,,16.0
48805381,101263,,TL 700 - MS 03,73,,15.0
48805380,101263,,TL 700 - MS 03,147,,
48805379,101263,,TL 700 - MS 03,12,,18.0
48805378,101263,,TL 700 - MS 03,113,,
48805377,101263,,TL 700 - MS 03,109,,
48805376,101263,,TL 700 - MS 03,63,,15.0
48805375,101263,,TL 700 - MS 03,55,,11.0
48805374,101263,,TL 700 - MS 03,114,,15.0
48805370,101262,,TL 350 - MS 03,154,,19.0
48805369,101262,,TL 350 - MS 03,110,,
48805368,101262,,TL 350 - MS 03,26,,15.0
48805367,101262,,TL 350 - MS 03,65,,16.0
48805366,101262,,TL 350 - MS 03,73,,15.0
48805365,101262,,TL 350 - MS 03,147,,
48805364,101262,,TL 350 - MS 03,12,,18.0
48805363,101262,,TL 350 - MS 03,113,,
48805362,101262,,TL 350 - MS 03,109,,
48805361,101262,,TL 350 - MS 03,63,,15.0
48805360,101262,,TL 350 - MS 03,55,,11.0
48805359,101262,,TL 350 - MS 03,114,,15.0
48805355,101261,,TL 300 - MS 03,154,,19.0
48805354,101261,,TL 300 - MS 03,110,,
48805353,101261,,TL 300 - MS 03,26,,15.0
48805352,101261,,TL 300 - MS 03,65,,16.0
48805351,101261,,TL 300 - MS 03,73,,15.0
48805350,101261,,TL 300 - MS 03,147,,
48805349,101261,,TL 300 - MS 03,12,,18.0
48805348,101261,,TL 300 - MS 03,113,,
48805347,101261,,TL 300 - MS 03,109,,
48805346,101261,,TL 300 - MS 03,63,,15.0
48805345,101261,,TL 300 - MS 03,55,,11.0
48805344,101261,,TL 300 - MS 03,114,,15.0
48805340,AC02527,18017,50Z3,99,,
48805339,AC02527,18017,50Z3,128,,
48805338,AC02527,18017,50Z3,60,,
48805337,AC02527,18017,50Z3,110,,
48805336,AC02527,18017,50Z3,78,,15.0
48805335,AC02527,18017,50Z3,141,,
48805334,AC02527,18017,50Z3,26,,15.0
48805333,AC02527,18017,50Z3,73,,15.0
48805332,AC02527,18017,50Z3,58,,
48805331,AC02527,18017,50Z3,106,,
48805330,AC02527,18017,50Z3,23,,
48805329,AC02527,18017,50Z3,137,,
48805328,AC02527,18017,50Z3,63,,15.0
48805327,AC02527,18017,50Z3,145,,
48805326,AC02527,18017,50Z3,111,,
48805325,AC02527,18017,50Z3,56,,15.0
48805324,AC02527,18017,50Z3,7,,
48805323,AC02527,18017,50Z3,140,,
48805322,AC02527,18017,50Z3,87,,
48805321,AC02527,18017,50Z3,6,,
48805320,AC02527,18017,50Z3,66,,
48805319,AC02527,18017,50Z3,112,,
48805318,AC02527,18017,50Z3,148,,
48805317,AC02527,18017,50Z3,120,,
48805316,AC02527,18017,50Z3,30,,
48805315,AC02527,18017,50Z3,113,,
48805314,AC02527,18017,50Z3,109,,
48805313,AC02527,18017,50Z3,108,,
48805312,AC02527,18017,50Z3,69,,
48805311,AC02527,18017,50Z3,88,,10.0
48805310,AC02527,18017,50Z3,89,,
48805309,AC02527,18017,50Z3,57,,
48805308,AC02527,18017,50Z3,55,,11.0
48692468,46504,18019,112 EC-H 8 Litronic,18,,14.0
48692467,46504,18019,112 EC-H 8 Litronic,53,,19.0
48692466,46504,18019,112 EC-H 8 Litronic,59,,14.0
48692465,46504,18019,112 EC-H 8 Litronic,50,,
48692464,46504,18019,112 EC-H 8 Litronic,19,55,14.0
48690312,CAT03027ACZ602405,,302.7CR-07A,99,,
48690311,CAT03027ACZ602405,,302.7CR-07A,128,,
48690310,CAT03027ACZ602405,,302.7CR-07A,60,,
48690309,CAT03027ACZ602405,,302.7CR-07A,110,,
48690308,CAT03027ACZ602405,,302.7CR-07A,78,1060,15.0
48690307,CAT03027ACZ602405,,302.7CR-07A,141,,
48690306,CAT03027ACZ602405,,302.7CR-07A,26,1500,15.0
48690305,CAT03027ACZ602405,,302.7CR-07A,73,4240,15.0
48690304,CAT03027ACZ602405,,302.7CR-07A,58,,
48690303,CAT03027ACZ602405,,302.7CR-07A,106,,
48690302,CAT03027ACZ602405,,302.7CR-07A,23,,
48690301,CAT03027ACZ602405,,302.7CR-07A,137,,
48690300,CAT03027ACZ602405,,302.7CR-07A,63,2480,15.0
48690299,CAT03027ACZ602405,,302.7CR-07A,145,Nein,
48690298,CAT03027ACZ602405,,302.7CR-07A,111,,
48690297,CAT03027ACZ602405,,302.7CR-07A,56,2510,15.0
48690296,CAT03027ACZ602405,,302.7CR-07A,7,,
48690295,CAT03027ACZ602405,,302.7CR-07A,140,,
48690294,CAT03027ACZ602405,,302.7CR-07A,87,Caterpillar,
48690293,CAT03027ACZ602405,,302.7CR-07A,6,Stufe V,
48690292,CAT03027ACZ602405,,302.7CR-07A,66,Ja,
48690291,CAT03027ACZ602405,,302.7CR-07A,112,,
48690290,CAT03027ACZ602405,,302.7CR-07A,148,,
48690289,CAT03027ACZ602405,,302.7CR-07A,120,,
48690288,CAT03027ACZ602405,,302.7CR-07A,30,Nein,
48690287,CAT03027ACZ602405,,302.7CR-07A,113,,
48690286,CAT03027ACZ602405,,302.7CR-07A,109,,
48690285,CAT03027ACZ602405,,302.7CR-07A,108,Ja,
48690284,CAT03027ACZ602405,,302.7CR-07A,69,,
48690283,CAT03027ACZ602405,,302.7CR-07A,88,"18,4",10.0
48690282,CAT03027ACZ602405,,302.7CR-07A,89,C1.1 Turbo,
48690281,CAT03027ACZ602405,,302.7CR-07A,57,,
48690280,CAT03027ACZ602405,,302.7CR-07A,55,2670,11.0
48247270,1000023022,,Materialkübel extern,73,2550,15.0
48247269,1000023022,,Materialkübel extern,51,Ja,
48247268,1000023022,,Materialkübel extern,55,1350,11.0
48247267,1000023022,,Materialkübel extern,65,11,16.0
48247266,1000023022,,Materialkübel extern,26,3700,15.0
48247265,1000023022,,Materialkübel extern,63,2190,15.0
48247261,NG004330,,MF 2500CS STG V 2019,26,2550,15.0
48247260,NG004330,,MF 2500CS STG V 2019,69,Nein,
48247259,NG004330,,MF 2500CS STG V 2019,62,Ja,
48247258,NG004330,,MF 2500CS STG V 2019,31,Ja,
48247257,NG004330,,MF 2500CS STG V 2019,148,Ja,
48247256,NG004330,,MF 2500CS STG V 2019,43,4000,20.0
48247255,NG004330,,MF 2500CS STG V 2019,30,Ja,
48247254,NG004330,,MF 2500CS STG V 2019,89,QSB 6.7-C225,
48247253,NG004330,,MF 2500CS STG V 2019,22,1200,15.0
48247252,NG004330,,MF 2500CS STG V 2019,73,9200,15.0
48247251,NG004330,,MF 2500CS STG V 2019,8,Nein,
48247250,NG004330,,MF 2500CS STG V 2019,88,168,10.0
48247249,NG004330,,MF 2500CS STG V 2019,6,Stufe IV,
48247248,NG004330,,MF 2500CS STG V 2019,7,Tier 4f,
48247247,NG004330,,MF 2500CS STG V 2019,63,3100,15.0
48247246,NG004330,,MF 2500CS STG V 2019,87,Cummins,
48247245,NG004330,,MF 2500CS STG V 2019,23,,
48247244,NG004330,,MF 2500CS STG V 2019,132,Ja,
48247243,NG004330,,MF 2500CS STG V 2019,55,20000,11.0
48044024,09900345,300748-18074,Super 800i,149,AB 200 TV,
48044020,09900446,300780,Super 800i,149,AB 220-3 TV,
47861511,10002116E0G000915,18016,SD 2500 C,156,,
47861510,10002116E0G000915,18016,SD 2500 C,152,,15.0
47861509,10002116E0G000915,18016,SD 2500 C,52,,
47861508,10002116E0G000915,18016,SD 2500 C,38,,14.0
47861507,10002116E0G000915,18016,SD 2500 C,37,,14.0
47861506,10002116E0G000915,18016,SD 2500 C,36,,14.0
47861505,10002116E0G000915,18016,SD 2500 C,149,,
47861504,10002116E0G000915,18016,SD 2500 C,73,,15.0
47861503,10002116E0G000915,18016,SD 2500 C,89,,
47861502,10002116E0G000915,18016,SD 2500 C,88,,10.0
47861500,10002116E0G000915,18016,SD 2500 C,35,,
47861499,10002116E0G000915,18016,SD 2500 C,127,,
47861498,10002116E0G000915,18016,SD 2500 C,148,,
47861497,10002116E0G000915,18016,SD 2500 C,8,,
47861496,10002116E0G000915,18016,SD 2500 C,26,,15.0
47861495,10002116E0G000915,18016,SD 2500 C,7,,
47861494,10002116E0G000915,18016,SD 2500 C,63,,15.0
47861493,10002116E0G000915,18016,SD 2500 C,87,,
47861492,10002116E0G000915,18016,SD 2500 C,27,,
47861491,10002116E0G000915,18016,SD 2500 C,23,,
47861490,10002116E0G000915,18016,SD 2500 C,132,,
47861489,10002116E0G000915,18016,SD 2500 C,34,,20.0
47861488,10002116E0G000915,18016,SD 2500 C,30,,
47861487,10002116E0G000915,18016,SD 2500 C,6,,
47861486,10002116E0G000915,18016,SD 2500 C,55,,11.0
47859655,6335516,,633 R Serie E,59,"25,0",14.0
47859654,6335516,,633 R Serie E,148,Ja,
47859653,6335516,,633 R Serie E,7,,
47859651,6335516,,633 R Serie E,62,Nein,
47859650,6335516,,633 R Serie E,18,"22,0",14.0
47859649,6335516,,633 R Serie E,73,10582,15.0
47859648,6335516,,633 R Serie E,26,2980,15.0
47859647,6335516,,633 R Serie E,69,Ja,
47859646,6335516,,633 R Serie E,23,Nein,
47859645,6335516,,633 R Serie E,131,"30,0",11.0
47859644,6335516,,633 R Serie E,21,"5,0",19.0
47859643,6335516,,633 R Serie E,88,119,10.0
47859642,6335516,,633 R Serie E,6,Stufe V,
47859641,6335516,,633 R Serie E,63,3140,15.0
47859640,6335516,,633 R Serie E,87,Cummins,
47859639,6335516,,633 R Serie E,5,Ja,
47859637,6335516,,633 R Serie E,55,"33,0",11.0
47859636,6335516,,633 R Serie E,89,QSB 4.5,
47859635,6335516,,633 R Serie E,50,Ja,
47859634,6335516,,633 R Serie E,30,Ja,
47832269,20076445,,CF 3-II Hd,87,Honda,
47832267,20076445,,CF 3-II Hd,88,"3,6",10.0
47832266,20076445,,CF 3-II Hd,136,Nein,
47832265,20076445,,CF 3-II Hd,39,Nein,
47832264,20076445,,CF 3-II Hd,29,Nein,
47832263,20076445,,CF 3-II Hd,55,94,11.0
47832262,20076445,,CF 3-II Hd,89,4-Takt,
47832261,20076445,,CF 3-II Hd,73,,15.0
47832260,20076445,,CF 3-II Hd,13,500,15.0
47832259,20076445,,CF 3-II Hd,85,Nein,
47832258,20076445,,CF 3-II Hd,26,500,15.0
47832257,20076445,,CF 3-II Hd,138,Nein,
47832256,20076445,,CF 3-II Hd,104,Nein,
47832254,20076445,,CF 3-II Hd,63,,15.0
47832253,20076445,,CF 3-II Hd,84,Ja,
47832252,20076445,,CF 3-II Hd,139,Ja,
47665546,101148,,FO 62,63,,15.0
47665545,101148,,FO 62,26,1000,15.0
47665544,101148,,FO 62,73,,15.0
47618744,H1807251,500288,TL 800,154,"3,8 - 5,0",19.0
47618743,H1807251,500288,TL 800,65,"0,22",16.0
47618742,H1807251,500288,TL 800,114,800,15.0
47618741,H1807251,500288,TL 800,147,​,
47618740,H1807251,500288,TL 800,12,,18.0
47618739,H1807251,500288,TL 800,110,QC03,
47618738,H1807251,500288,TL 800,109,Henle,
47618737,H1807251,500288,TL 800,55,,11.0
47618736,H1807251,500288,TL 800,63,,15.0
47618735,H1807251,500288,TL 800,26,800,15.0
47618734,H1807251,500288,TL 800,73,,15.0
47616297,101147,,FO 27,63,,15.0
47616296,101147,,FO 27,26,300,15.0
47616295,101147,,FO 27,73,,15.0
47616242,101146,,FO 29,63,,15.0
47616241,101146,,FO 29,26,500,15.0
47616240,101146,,FO 29,73,,15.0
47616022,101145,,FO 29,63,,15.0
47616021,101145,,FO 29,26,500,15.0
47616020,101145,,FO 29,73,,15.0
47458715,CAT03035JCE901134,,303.5CR-07A,128,,
47458714,CAT03035JCE901134,,303.5CR-07A,60,Ja,
47458713,CAT03035JCE901134,,303.5CR-07A,110,,
47458712,CAT03035JCE901134,,303.5CR-07A,78,,15.0
47458711,CAT03035JCE901134,,303.5CR-07A,141,Nein,
47458710,CAT03035JCE901134,,303.5CR-07A,26,1780,15.0
47458709,CAT03035JCE901134,,303.5CR-07A,73,4800,15.0
47458708,CAT03035JCE901134,,303.5CR-07A,58,,
47458707,CAT03035JCE901134,,303.5CR-07A,106,,
47458706,CAT03035JCE901134,,303.5CR-07A,23,,
47458705,CAT03035JCE901134,,303.5CR-07A,137,Nein,
47458704,CAT03035JCE901134,,303.5CR-07A,63,2480,15.0
47458703,CAT03035JCE901134,,303.5CR-07A,145,Nein,
47458702,CAT03035JCE901134,,303.5CR-07A,111,Ja,
47458701,CAT03035JCE901134,,303.5CR-07A,56,,15.0
47458700,CAT03035JCE901134,,303.5CR-07A,7,Tier 4f,
47458699,CAT03035JCE901134,,303.5CR-07A,140,Nein,
47458698,CAT03035JCE901134,,303.5CR-07A,87,Caterpillar,
47458697,CAT03035JCE901134,,303.5CR-07A,6,Stufe V,
47458696,CAT03035JCE901134,,303.5CR-07A,66,Ja,
47458695,CAT03035JCE901134,,303.5CR-07A,112,Nein,
47458694,CAT03035JCE901134,,303.5CR-07A,148,Nein,
47458693,CAT03035JCE901134,,303.5CR-07A,120,,
47458692,CAT03035JCE901134,,303.5CR-07A,30,,
47458691,CAT03035JCE901134,,303.5CR-07A,113,,
47458690,CAT03035JCE901134,,303.5CR-07A,109,Lehnhoff,
47458689,CAT03035JCE901134,,303.5CR-07A,108,Ja,
47458688,CAT03035JCE901134,,303.5CR-07A,69,Ja,
47458687,CAT03035JCE901134,,303.5CR-07A,88,"17,6",10.0
47458686,CAT03035JCE901134,,303.5CR-07A,89,C1.7,
47458685,CAT03035JCE901134,,303.5CR-07A,57,Nein,
47458684,CAT03035JCE901134,,303.5CR-07A,55,3480,11.0
47408554,CAT03027ECZ601842,,302.7CR-07A,99,Ja,
47408265,CAT03027ECZ601842,,302.7CR-07A,128,Nein,
47408264,CAT03027ECZ601842,,302.7CR-07A,60,,
47408263,CAT03027ECZ601842,,302.7CR-07A,110,,
47408262,CAT03027ECZ601842,,302.7CR-07A,78,1060,15.0
47408261,CAT03027ECZ601842,,302.7CR-07A,141,,
47408260,CAT03027ECZ601842,,302.7CR-07A,26,1500,15.0
47408259,CAT03027ECZ601842,,302.7CR-07A,73,4240,15.0
47408258,CAT03027ECZ601842,,302.7CR-07A,58,,
47408257,CAT03027ECZ601842,,302.7CR-07A,106,,
47408256,CAT03027ECZ601842,,302.7CR-07A,23,,
47408255,CAT03027ECZ601842,,302.7CR-07A,137,,
47408254,CAT03027ECZ601842,,302.7CR-07A,63,2480,15.0
47408253,CAT03027ECZ601842,,302.7CR-07A,145,Nein,
47408252,CAT03027ECZ601842,,302.7CR-07A,111,,
47408251,CAT03027ECZ601842,,302.7CR-07A,56,2510,15.0
47408250,CAT03027ECZ601842,,302.7CR-07A,7,,
47408249,CAT03027ECZ601842,,302.7CR-07A,140,,
47408248,CAT03027ECZ601842,,302.7CR-07A,87,Caterpillar,
47408247,CAT03027ECZ601842,,302.7CR-07A,6,Stufe V,
47408246,CAT03027ECZ601842,,302.7CR-07A,66,Ja,
47408245,CAT03027ECZ601842,,302.7CR-07A,112,,
47408244,CAT03027ECZ601842,,302.7CR-07A,148,,
47408243,CAT03027ECZ601842,,302.7CR-07A,120,,
47408242,CAT03027ECZ601842,,302.7CR-07A,30,Nein,
47408241,CAT03027ECZ601842,,302.7CR-07A,113,,
47408240,CAT03027ECZ601842,,302.7CR-07A,109,,
47408239,CAT03027ECZ601842,,302.7CR-07A,108,Ja,
47408238,CAT03027ECZ601842,,302.7CR-07A,69,,
47408237,CAT03027ECZ601842,,302.7CR-07A,88,"18,4",10.0
47408236,CAT03027ECZ601842,,302.7CR-07A,89,C1.1 Turbo,
47408235,CAT03027ECZ601842,,302.7CR-07A,57,,
47408234,CAT03027ECZ601842,,302.7CR-07A,55,2670,11.0
47378027,101139,,"TS - 256 HC, L=2,07 m",133,,
47378026,101139,,"TS - 256 HC, L=2,07 m",55,,11.0
47378025,101139,,"TS - 256 HC, L=2,07 m",63,,15.0
47378024,101139,,"TS - 256 HC, L=2,07 m",73,,15.0
47378023,101139,,"TS - 256 HC, L=2,07 m",26,,15.0
47378019,101138,,"TS - 256 HC, L=2,07 m",133,,
47378018,101138,,"TS - 256 HC, L=2,07 m",55,,11.0
47378017,101138,,"TS - 256 HC, L=2,07 m",63,,15.0
47378016,101138,,"TS - 256 HC, L=2,07 m",73,,15.0
47378015,101138,,"TS - 256 HC, L=2,07 m",26,,15.0
47377993,47108,18011,280 EC-H 12 Litronic,53,,19.0
47377992,47108,18011,280 EC-H 12 Litronic,146,,
47377991,47108,18011,280 EC-H 12 Litronic,69,,
47377990,47108,18011,280 EC-H 12 Litronic,19,75,14.0
47377989,47108,18011,280 EC-H 12 Litronic,148,,
47377988,47108,18011,280 EC-H 12 Litronic,48,,3.0
47377987,47108,18011,280 EC-H 12 Litronic,93,,5.0
47377986,47108,18011,280 EC-H 12 Litronic,18,,14.0
47377985,47108,18011,280 EC-H 12 Litronic,131,,11.0
47377984,47108,18011,280 EC-H 12 Litronic,59,,14.0
47377983,47108,18011,280 EC-H 12 Litronic,66,,
47377982,47108,18011,280 EC-H 12 Litronic,94,,2.0
47377981,47108,18011,280 EC-H 12 Litronic,130,,11.0
47377980,47108,18011,280 EC-H 12 Litronic,76,,10.0
47377979,47108,18011,280 EC-H 12 Litronic,133,,
47377978,47108,18011,280 EC-H 12 Litronic,5,,
47377977,47108,18011,280 EC-H 12 Litronic,50,,
47352980,CAT03018LH8X07745,,301.8-05A,99,Ja,
47307859,02471,18007,SBF 24 L,23,,
47307858,02471,18007,SBF 24 L,89,,
47307857,02471,18007,SBF 24 L,73,,15.0
47307856,02471,18007,SBF 24 L,63,,15.0
47307855,02471,18007,SBF 24 L,148,,
47307854,02471,18007,SBF 24 L,55,,11.0
47307853,02471,18007,SBF 24 L,7,,
47307852,02471,18007,SBF 24 L,6,,
47307851,02471,18007,SBF 24 L,88,,10.0
47307850,02471,18007,SBF 24 L,87,,
47307849,02471,18007,SBF 24 L,47,,15.0
47307848,02471,18007,SBF 24 L,46,,18.0
47307847,02471,18007,SBF 24 L,45,,15.0
47307846,02471,18007,SBF 24 L,26,,15.0
47307845,02471,18007,SBF 24 L,69,,
47307844,02471,18007,SBF 24 L,144,,
47307843,02471,18007,SBF 24 L,30,,
47172788,CAT03018LH8X07745,,301.8-05A,128,Nein,
47172787,CAT03018LH8X07745,,301.8-05A,60,,
47172786,CAT03018LH8X07745,,301.8-05A,110,QC01,
47172785,CAT03018LH8X07745,,301.8-05A,78,960,15.0
47172784,CAT03018LH8X07745,,301.8-05A,141,Nein,
47172783,CAT03018LH8X07745,,301.8-05A,26,990,15.0
47172782,CAT03018LH8X07745,,301.8-05A,73,3720,15.0
47172781,CAT03018LH8X07745,,301.8-05A,58,,
47172780,CAT03018LH8X07745,,301.8-05A,106,,
47172779,CAT03018LH8X07745,,301.8-05A,23,Nein,
47172778,CAT03018LH8X07745,,301.8-05A,137,Nein,
47172777,CAT03018LH8X07745,,301.8-05A,63,2300,15.0
47172776,CAT03018LH8X07745,,301.8-05A,145,Nein,
47172775,CAT03018LH8X07745,,301.8-05A,111,Ja,
47172774,CAT03018LH8X07745,,301.8-05A,56,2370,15.0
47172773,CAT03018LH8X07745,,301.8-05A,7,,
47172772,CAT03018LH8X07745,,301.8-05A,140,Nein,
47172771,CAT03018LH8X07745,,301.8-05A,87,Caterpillar,
47172770,CAT03018LH8X07745,,301.8-05A,6,Stufe V,
47172769,CAT03018LH8X07745,,301.8-05A,66,Ja,
47172768,CAT03018LH8X07745,,301.8-05A,112,Nein,
47172767,CAT03018LH8X07745,,301.8-05A,148,Nein,
47172766,CAT03018LH8X07745,,301.8-05A,120,Ja,
47172765,CAT03018LH8X07745,,301.8-05A,30,Nein,
47172764,CAT03018LH8X07745,,301.8-05A,113,,
47172763,CAT03018LH8X07745,,301.8-05A,109,Henle,
47172762,CAT03018LH8X07745,,301.8-05A,108,Ja,
47172761,CAT03018LH8X07745,,301.8-05A,69,Nein,
47172760,CAT03018LH8X07745,,301.8-05A,88,"16,1",10.0
47172759,CAT03018LH8X07745,,301.8-05A,89,C1.1,
47172758,CAT03018LH8X07745,,301.8-05A,57,,
47172757,CAT03018LH8X07745,,301.8-05A,55,2000,11.0
47094785,41104,18009,PC 228,112,,
47094784,41104,18009,PC 228,148,,
47094783,41104,18009,PC 228,137,,
47094782,41104,18009,PC 228,63,3010,15.0
47094781,41104,18009,PC 228,141,,
47094780,41104,18009,PC 228,58,,
47094779,41104,18009,PC 228,88,110,10.0
47094778,41104,18009,PC 228,87,Komatsu,
47094777,41104,18009,PC 228,69,,
47094776,41104,18009,PC 228,113,,
47094775,41104,18009,PC 228,30,,
47094774,41104,18009,PC 228,120,,
47094773,41104,18009,PC 228,107,,
47094772,41104,18009,PC 228,83,,
47094771,41104,18009,PC 228,24,,15.0
47094770,41104,18009,PC 228,55,23000,11.0
47094769,41104,18009,PC 228,109,,
47094768,41104,18009,PC 228,57,,
47094767,41104,18009,PC 228,6,,
47094766,41104,18009,PC 228,7,,
47094765,41104,18009,PC 228,110,,
47094764,41104,18009,PC 228,73,8890,15.0
47094763,41104,18009,PC 228,140,,
47094762,41104,18009,PC 228,23,,
47094761,41104,18009,PC 228,111,,
47094760,41104,18009,PC 228,26,2990,15.0
47094759,41104,18009,PC 228,128,,
47094758,41104,18009,PC 228,89,SAA6D107E-1,
47094757,41104,18009,PC 228,56,,15.0
47094756,41104,18009,PC 228,106,,
47094755,41104,18009,PC 228,60,,
47094754,41104,18009,PC 228,78,,15.0
46914939,55299,17990,172 EC-B 8 Litronic,53,,19.0
46914938,55299,17990,172 EC-B 8 Litronic,146,,
46914937,55299,17990,172 EC-B 8 Litronic,69,,
46914936,55299,17990,172 EC-B 8 Litronic,19,,14.0
46914935,55299,17990,172 EC-B 8 Litronic,148,,
46914934,55299,17990,172 EC-B 8 Litronic,48,,3.0
46914933,55299,17990,172 EC-B 8 Litronic,93,,5.0
46914932,55299,17990,172 EC-B 8 Litronic,18,,14.0
46914931,55299,17990,172 EC-B 8 Litronic,131,,11.0
46914930,55299,17990,172 EC-B 8 Litronic,59,,14.0
46914929,55299,17990,172 EC-B 8 Litronic,66,,
46914928,55299,17990,172 EC-B 8 Litronic,94,,2.0
46914927,55299,17990,172 EC-B 8 Litronic,130,,11.0
46914926,55299,17990,172 EC-B 8 Litronic,76,,10.0
46914925,55299,17990,172 EC-B 8 Litronic,133,,
46914924,55299,17990,172 EC-B 8 Litronic,5,,
46914923,55299,17990,172 EC-B 8 Litronic,50,,
46895820,3031104R,,Verbreiterung V 1300 V - 175R,149,V 1300 V,
46895819,3031104R,,Verbreiterung V 1300 V - 175R,26,175,15.0
46895818,3031104R,,Verbreiterung V 1300 V - 175R,55,,11.0
46895814,3031104L,,Verbreiterung V 1300 V - 175L,149,V 1300 V,
46895813,3031104L,,Verbreiterung V 1300 V - 175L,26,175,15.0
46895812,3031104L,,Verbreiterung V 1300 V - 175L,55,,11.0
46895808,3031104,,F80W,152,5-100,15.0
46895807,3031104,,F80W,52,Ja,
46895806,3031104,,F80W,148,Nein,
46895805,3031104,,F80W,132,Nein,
46895804,3031104,,F80W,127,Nein,
46895803,3031104,,F80W,89,1B40,
46895802,3031104,,F80W,88,"6,3",10.0
46895801,3031104,,F80W,87,Hatz,
46895800,3031104,,F80W,73,2869,15.0
46895799,3031104,,F80W,63,1652,15.0
46895798,3031104,,F80W,55,1150,11.0
46895797,3031104,,F80W,37,"1,65",14.0
46895796,3031104,,F80W,36,"0,25 - 1,30",14.0
46895795,3031104,,F80W,35,Nein,
46895794,3031104,,F80W,34,35,20.0
46895793,3031104,,F80W,30,Nein,
46895791,3031104,,F80W,27,mechanisch,
46895790,3031104,,F80W,26,1150,15.0
46895789,3031104,,F80W,149,V 1300 V,
46895788,3031104,,F80W,23,Nein,
46895787,3031104,,F80W,8,Nein,
46895786,3031104,,F80W,7,EPA,
46895785,3031104,,F80W,6,Stufe V,
46821802,10002155TNG004197,,SD 2500 CS,156,Nein,
46821801,JG002522,300570,SD 2500 CS,156,Nein,
46821795,LG003498,300721,SD 2500 CS,156,Nein,
46821433,08190566,17787,Super 2100-3i,156,Nein,
46821428,14824244,,Super 1800-3i,156,Nein,
46821422,08192541,,Super 1900-3i,156,Nein,
46821421,14824175,18076,Super 1800-3i,156,Nein,
46821420,14824098,,Super 1800-3i,156,Nein,
46821333,14822284,300552,Super 1800-3i,156,Nein,
46821240,10830158,300709,Super 1803-3i,156,Nein,
46806825,101870871016,,BW 154 ACP-4v,155,Nein,
46806817,101587381049,,BW 177 D-5,155,Nein,
46806816,101587061545,,BW 177 D-5,155,Nein,
46798157,BES163561,,SB 102,151,16 - 35,13.0
46798156,BES163561,,SB 102,14,100 - 150,6.0
46798155,BES163561,,SB 102,154,"1,1 - 3",19.0
46798154,BES163561,,SB 102,109,Lehnhoff,
46798153,BES163561,,SB 102,112,Ja,
46798152,BES163561,,SB 102,23,Nein,
46798151,BES163561,,SB 102,73,1000,15.0
46798150,BES163561,,SB 102,63,350,15.0
46798146,BES163561,,SB 102,55,90,11.0
46798145,BES163561,,SB 102,26,250,15.0
46683526,CAT03027CCZ601812,,302.7CR-07A,128,Nein,
46683525,CAT03027CCZ601812,,302.7CR-07A,60,Ja,
46683524,CAT03027CCZ601812,,302.7CR-07A,110,,
46683523,CAT03027CCZ601812,,302.7CR-07A,78,1060,15.0
46683522,CAT03027CCZ601812,,302.7CR-07A,141,Nein,
46683521,CAT03027CCZ601812,,302.7CR-07A,26,1500,15.0
46683520,CAT03027CCZ601812,,302.7CR-07A,73,4240,15.0
46683519,CAT03027CCZ601812,,302.7CR-07A,58,,
46683518,CAT03027CCZ601812,,302.7CR-07A,106,,
46683517,CAT03027CCZ601812,,302.7CR-07A,23,,
46683516,CAT03027CCZ601812,,302.7CR-07A,137,Nein,
46683515,CAT03027CCZ601812,,302.7CR-07A,63,2480,15.0
46683514,CAT03027CCZ601812,,302.7CR-07A,145,Nein,
46683513,CAT03027CCZ601812,,302.7CR-07A,111,Ja,
46683512,CAT03027CCZ601812,,302.7CR-07A,56,2510,15.0
46683511,CAT03027CCZ601812,,302.7CR-07A,7,,
46683510,CAT03027CCZ601812,,302.7CR-07A,140,Nein,
46683509,CAT03027CCZ601812,,302.7CR-07A,87,Caterpillar,
46683508,CAT03027CCZ601812,,302.7CR-07A,6,Stufe V,
46683507,CAT03027CCZ601812,,302.7CR-07A,66,Ja,
46683506,CAT03027CCZ601812,,302.7CR-07A,112,Nein,
46683505,CAT03027CCZ601812,,302.7CR-07A,148,Nein,
46683504,CAT03027CCZ601812,,302.7CR-07A,120,,
46683503,CAT03027CCZ601812,,302.7CR-07A,30,Nein,
46683502,CAT03027CCZ601812,,302.7CR-07A,113,,
46683501,CAT03027CCZ601812,,302.7CR-07A,109,Lehnhoff,
46683500,CAT03027CCZ601812,,302.7CR-07A,108,Ja,
46683499,CAT03027CCZ601812,,302.7CR-07A,69,Ja,
46683498,CAT03027CCZ601812,,302.7CR-07A,88,"18,4",10.0
46683497,CAT03027CCZ601812,,302.7CR-07A,89,C1.1 Turbo,
46683496,CAT03027CCZ601812,,302.7CR-07A,57,,
46683495,CAT03027CCZ601812,,302.7CR-07A,55,2670,11.0
46637894,08200460,17989,W 1500,45,,15.0
46637893,08200460,17989,W 1500,23,,
46637892,08200460,17989,W 1500,8,,
46637891,08200460,17989,W 1500,6,,
46637890,08200460,17989,W 1500,142,,
46637889,08200460,17989,W 1500,69,,
46637888,08200460,17989,W 1500,26,,15.0
46637887,08200460,17989,W 1500,89,,
46637886,08200460,17989,W 1500,143,,
46637885,08200460,17989,W 1500,46,,18.0
46637884,08200460,17989,W 1500,87,,
46637883,08200460,17989,W 1500,30,,
46637882,08200460,17989,W 1500,77,,
46637881,08200460,17989,W 1500,148,,
46637880,08200460,17989,W 1500,9,,
46637879,08200460,17989,W 1500,47,,15.0
46637878,08200460,17989,W 1500,41,,
46637877,08200460,17989,W 1500,73,,15.0
46637876,08200460,17989,W 1500,63,,15.0
46637875,08200460,17989,W 1500,144,,
46637874,08200460,17989,W 1500,122,,
46637873,08200460,17989,W 1500,88,,10.0
46637872,08200460,17989,W 1500,61,,
46637871,08200460,17989,W 1500,7,,
46637870,08200460,17989,W 1500,55,,11.0
46626177,221003132,,HBOX+ M5,118,IP 21,
46626176,221003132,,HBOX+ M5,89,2TNV70WHR,
46626175,221003132,,HBOX+ M5,63,2435,15.0
46626174,221003132,,HBOX+ M5,29,Ja,
46626173,221003132,,HBOX+ M5,74,,17.0
46626172,221003132,,HBOX+ M5,7,,
46626171,221003132,,HBOX+ M5,30,Nein,
46626170,221003132,,HBOX+ M5,55,960,11.0
46626169,221003132,,HBOX+ M5,88,"2,8",10.0
46626168,221003132,,HBOX+ M5,26,1150,15.0
46626167,221003132,,HBOX+ M5,87,Yanmar,
46626166,221003132,,HBOX+ M5,73,1190,15.0
46626165,221003132,,HBOX+ M5,6,Stufe V,
46622360,,,Verbreiterung V 240 TV - 350L,154,,19.0
46622359,,,Verbreiterung V 240 TV - 350L,116,,15.0
46622358,,,Verbreiterung V 240 TV - 350L,149,V 240 TV,
46622357,,,Verbreiterung V 240 TV - 350L,111,,
46622356,,,Verbreiterung V 240 TV - 350L,112,,
46622355,,,Verbreiterung V 240 TV - 350L,26,350,15.0
46622354,,,Verbreiterung V 240 TV - 350L,55,,11.0
46622353,,,Verbreiterung V 240 TV - 350L,110,,
46622352,,,Verbreiterung V 240 TV - 350L,109,,
46622351,,,Verbreiterung V 240 TV - 350L,23,,
46622350,,,Verbreiterung V 240 TV - 350L,113,,
46622349,,,Verbreiterung V 240 TV - 350L,73,,15.0
46622348,,,Verbreiterung V 240 TV - 350L,63,,15.0
46622344,,,Verbreiterung V 240 TV - 350R,154,,19.0
46622343,,,Verbreiterung V 240 TV - 350R,116,,15.0
46622342,,,Verbreiterung V 240 TV - 350R,149,V 240 TV,
46622341,,,Verbreiterung V 240 TV - 350R,111,,
46622340,,,Verbreiterung V 240 TV - 350R,112,,
46622339,,,Verbreiterung V 240 TV - 350R,26,350,15.0
46622338,,,Verbreiterung V 240 TV - 350R,55,,11.0
46622337,,,Verbreiterung V 240 TV - 350R,110,,
46622336,,,Verbreiterung V 240 TV - 350R,109,,
46622335,,,Verbreiterung V 240 TV - 350R,23,,
46622334,,,Verbreiterung V 240 TV - 350R,113,,
46622333,,,Verbreiterung V 240 TV - 350R,73,,15.0
46622332,,,Verbreiterung V 240 TV - 350R,63,,15.0
46622328,GG001933,17988,F 1200 CS,152,,15.0
46622327,GG001933,17988,F 1200 CS,52,,
46622326,GG001933,17988,F 1200 CS,38,,14.0
46622325,GG001933,17988,F 1200 CS,37,,14.0
46622324,GG001933,17988,F 1200 CS,36,,14.0
46622323,GG001933,17988,F 1200 CS,149,V 240 TV,
46622322,GG001933,17988,F 1200 CS,73,,15.0
46622321,GG001933,17988,F 1200 CS,89,TD 2.9 L 4,
46622320,GG001933,17988,F 1200 CS,88,,10.0
46622318,GG001933,17988,F 1200 CS,35,,
46622317,GG001933,17988,F 1200 CS,127,,
46622316,GG001933,17988,F 1200 CS,148,,
46622315,GG001933,17988,F 1200 CS,8,,
46622314,GG001933,17988,F 1200 CS,26,,15.0
46622313,GG001933,17988,F 1200 CS,7,,
46622312,GG001933,17988,F 1200 CS,63,,15.0
46622311,GG001933,17988,F 1200 CS,87,Deutz,
46622310,GG001933,17988,F 1200 CS,27,,
46622309,GG001933,17988,F 1200 CS,23,,
46622308,GG001933,17988,F 1200 CS,132,,
46622307,GG001933,17988,F 1200 CS,34,,20.0
46622306,GG001933,17988,F 1200 CS,30,,
46622305,GG001933,17988,F 1200 CS,6,,
46622304,GG001933,17988,F 1200 CS,55,,11.0
46526203,101880561104,,BW 100 AD-5,155,Nein,
46492607,45624,17986,280 EC-H 12 Litronic,53,,19.0
46492606,45624,17986,280 EC-H 12 Litronic,146,,
46492605,45624,17986,280 EC-H 12 Litronic,69,,
46492604,45624,17986,280 EC-H 12 Litronic,19,,14.0
46492603,45624,17986,280 EC-H 12 Litronic,148,,
46492602,45624,17986,280 EC-H 12 Litronic,48,,3.0
46492601,45624,17986,280 EC-H 12 Litronic,93,,5.0
46492600,45624,17986,280 EC-H 12 Litronic,18,60,14.0
46492599,45624,17986,280 EC-H 12 Litronic,131,,11.0
46492598,45624,17986,280 EC-H 12 Litronic,59,,14.0
46492597,45624,17986,280 EC-H 12 Litronic,66,,
46492596,45624,17986,280 EC-H 12 Litronic,94,,2.0
46492595,45624,17986,280 EC-H 12 Litronic,130,,11.0
46492594,45624,17986,280 EC-H 12 Litronic,76,,10.0
46492593,45624,17986,280 EC-H 12 Litronic,133,,
46492592,45624,17986,280 EC-H 12 Litronic,5,,
46492591,45624,17986,280 EC-H 12 Litronic,50,Ja,
46384585,15820498,,Super 1600-3i,152,,15.0
46384584,15820498,,Super 1600-3i,52,,
46384583,15820498,,Super 1600-3i,38,,14.0
46384582,15820498,,Super 1600-3i,37,,14.0
46384581,15820498,,Super 1600-3i,36,,14.0
46384580,15820498,,Super 1600-3i,149,,
46384579,15820498,,Super 1600-3i,73,,15.0
46384578,15820498,,Super 1600-3i,89,QSB4.5 155,
46384577,15820498,,Super 1600-3i,88,116,10.0
46384575,15820498,,Super 1600-3i,35,,
46384574,15820498,,Super 1600-3i,127,,
46384573,15820498,,Super 1600-3i,148,,
46384572,15820498,,Super 1600-3i,8,,
46384571,15820498,,Super 1600-3i,26,,15.0
46384570,15820498,,Super 1600-3i,7,,
46384569,15820498,,Super 1600-3i,63,,15.0
46384568,15820498,,Super 1600-3i,87,Cummins,
46384567,15820498,,Super 1600-3i,27,,
46384566,15820498,,Super 1600-3i,23,,
46384565,15820498,,Super 1600-3i,132,,
46384564,15820498,,Super 1600-3i,34,,20.0
46384563,15820498,,Super 1600-3i,30,ja,
46384562,15820498,,Super 1600-3i,6,Tier 4i,
46384561,15820498,,Super 1600-3i,55,18350,11.0
46384560,15820498,,Super 1600-3i,152,,15.0
46384559,15820498,,Super 1600-3i,52,,
46384558,15820498,,Super 1600-3i,38,,14.0
46384557,15820498,,Super 1600-3i,37,,14.0
46384556,15820498,,Super 1600-3i,36,,14.0
46384555,15820498,,Super 1600-3i,149,,
46384554,15820498,,Super 1600-3i,73,,15.0
46384553,15820498,,Super 1600-3i,89,QSB4.5 155,
46384552,15820498,,Super 1600-3i,88,,10.0
46384550,15820498,,Super 1600-3i,35,,
46384549,15820498,,Super 1600-3i,127,,
46384548,15820498,,Super 1600-3i,148,,
46384547,15820498,,Super 1600-3i,8,,
46384546,15820498,,Super 1600-3i,26,,15.0
46384545,15820498,,Super 1600-3i,7,,
46384544,15820498,,Super 1600-3i,63,,15.0
46384543,15820498,,Super 1600-3i,87,Cummins,
46384542,15820498,,Super 1600-3i,27,,
46384541,15820498,,Super 1600-3i,23,,
46384540,15820498,,Super 1600-3i,132,,
46384539,15820498,,Super 1600-3i,34,,20.0
46384538,15820498,,Super 1600-3i,30,,
46384537,15820498,,Super 1600-3i,6,Tier 4i,
46384536,15820498,,Super 1600-3i,55,18350,11.0
46356833,101084,,"TS - 256 HC, L=12,42 m",133,,
46356832,101084,,"TS - 256 HC, L=12,42 m",55,,11.0
46356831,101084,,"TS - 256 HC, L=12,42 m",63,,15.0
46356830,101084,,"TS - 256 HC, L=12,42 m",73,,15.0
46356829,101084,,"TS - 256 HC, L=12,42 m",26,,15.0
46356819,45488,17984,Kabine mit Drehbühne - 245 EC-H 12,53,,19.0
46356818,45488,17984,Kabine mit Drehbühne - 245 EC-H 12,146,,
46356817,45488,17984,Kabine mit Drehbühne - 245 EC-H 12,69,,
46356816,45488,17984,Kabine mit Drehbühne - 245 EC-H 12,19,65,14.0
46356815,45488,17984,Kabine mit Drehbühne - 245 EC-H 12,148,,
46356814,45488,17984,Kabine mit Drehbühne - 245 EC-H 12,48,,3.0
46356813,45488,17984,Kabine mit Drehbühne - 245 EC-H 12,93,,5.0
46356812,45488,17984,Kabine mit Drehbühne - 245 EC-H 12,18,,14.0
46356811,45488,17984,Kabine mit Drehbühne - 245 EC-H 12,131,,11.0
46356810,45488,17984,Kabine mit Drehbühne - 245 EC-H 12,59,,14.0
46356809,45488,17984,Kabine mit Drehbühne - 245 EC-H 12,66,,
46356808,45488,17984,Kabine mit Drehbühne - 245 EC-H 12,94,,2.0
46356807,45488,17984,Kabine mit Drehbühne - 245 EC-H 12,130,,11.0
46356806,45488,17984,Kabine mit Drehbühne - 245 EC-H 12,76,,10.0
46356805,45488,17984,Kabine mit Drehbühne - 245 EC-H 12,133,,
46356804,45488,17984,Kabine mit Drehbühne - 245 EC-H 12,5,,
46356803,45488,17984,Kabine mit Drehbühne - 245 EC-H 12,50,,
46355677,101079,,"TS - 256 HC, L=2,07 m",133,,
46355676,101079,,"TS - 256 HC, L=2,07 m",55,,11.0
46355675,101079,,"TS - 256 HC, L=2,07 m",63,,15.0
46355674,101079,,"TS - 256 HC, L=2,07 m",73,,15.0
46355673,101079,,"TS - 256 HC, L=2,07 m",26,,15.0
46355669,47851,17983,280 EC-H 12 Litronic,53,,19.0
46355668,47851,17983,280 EC-H 12 Litronic,146,,
46355667,47851,17983,280 EC-H 12 Litronic,69,,
46355666,47851,17983,280 EC-H 12 Litronic,19,75,14.0
46355665,47851,17983,280 EC-H 12 Litronic,148,,
46355664,47851,17983,280 EC-H 12 Litronic,48,,3.0
46355663,47851,17983,280 EC-H 12 Litronic,93,,5.0
46355662,47851,17983,280 EC-H 12 Litronic,18,,14.0
46355661,47851,17983,280 EC-H 12 Litronic,131,,11.0
46355660,47851,17983,280 EC-H 12 Litronic,59,,14.0
46355659,47851,17983,280 EC-H 12 Litronic,66,,
46355658,47851,17983,280 EC-H 12 Litronic,94,,2.0
46355657,47851,17983,280 EC-H 12 Litronic,130,,11.0
46355656,47851,17983,280 EC-H 12 Litronic,76,,10.0
46355655,47851,17983,280 EC-H 12 Litronic,133,,
46355654,47851,17983,280 EC-H 12 Litronic,5,,
46355653,47851,17983,280 EC-H 12 Litronic,50,,
46267524,882017697,17981,8820,152,,15.0
46267523,882017697,17981,8820,52,,
46267522,882017697,17981,8820,38,,14.0
46267521,882017697,17981,8820,37,,14.0
46267520,882017697,17981,8820,36,,14.0
46267519,882017697,17981,8820,149,,
46267518,882017697,17981,8820,73,,15.0
46267517,882017697,17981,8820,89,,
46267516,882017697,17981,8820,88,,10.0
46267514,882017697,17981,8820,35,,
46267513,882017697,17981,8820,127,,
46267512,882017697,17981,8820,148,,
46267511,882017697,17981,8820,8,,
46267510,882017697,17981,8820,26,,15.0
46267509,882017697,17981,8820,7,,
46267508,882017697,17981,8820,63,,15.0
46267507,882017697,17981,8820,87,,
46267506,882017697,17981,8820,27,,
46267505,882017697,17981,8820,23,,
46267504,882017697,17981,8820,132,,
46267503,882017697,17981,8820,34,,20.0
46267502,882017697,17981,8820,30,,
46267501,882017697,17981,8820,6,,
46267500,882017697,17981,8820,55,,11.0
46264137,46671,17977,Kabine mit Drehbühne - 200 EC-H 10,53,,19.0
46264136,46671,17977,Kabine mit Drehbühne - 200 EC-H 10,146,,
46264135,46671,17977,Kabine mit Drehbühne - 200 EC-H 10,69,,
46264134,46671,17977,Kabine mit Drehbühne - 200 EC-H 10,19,,14.0
46264133,46671,17977,Kabine mit Drehbühne - 200 EC-H 10,148,,
46264132,46671,17977,Kabine mit Drehbühne - 200 EC-H 10,48,,3.0
46264131,46671,17977,Kabine mit Drehbühne - 200 EC-H 10,93,,5.0
46264130,46671,17977,Kabine mit Drehbühne - 200 EC-H 10,18,,14.0
46264129,46671,17977,Kabine mit Drehbühne - 200 EC-H 10,131,,11.0
46264128,46671,17977,Kabine mit Drehbühne - 200 EC-H 10,59,,14.0
46264127,46671,17977,Kabine mit Drehbühne - 200 EC-H 10,66,,
46264126,46671,17977,Kabine mit Drehbühne - 200 EC-H 10,94,,2.0
46264125,46671,17977,Kabine mit Drehbühne - 200 EC-H 10,130,,11.0
46264124,46671,17977,Kabine mit Drehbühne - 200 EC-H 10,76,,10.0
46264123,46671,17977,Kabine mit Drehbühne - 200 EC-H 10,133,,
46264122,46671,17977,Kabine mit Drehbühne - 200 EC-H 10,5,,
46264121,46671,17977,Kabine mit Drehbühne - 200 EC-H 10,50,,
46263765,47125,17976,Kabine mit Drehbühne - 200 EC-H 10,53,,19.0
46263764,47125,17976,Kabine mit Drehbühne - 200 EC-H 10,146,,
46263763,47125,17976,Kabine mit Drehbühne - 200 EC-H 10,69,,
46263762,47125,17976,Kabine mit Drehbühne - 200 EC-H 10,19,,14.0
46263761,47125,17976,Kabine mit Drehbühne - 200 EC-H 10,148,,
46263760,47125,17976,Kabine mit Drehbühne - 200 EC-H 10,48,,3.0
46263759,47125,17976,Kabine mit Drehbühne - 200 EC-H 10,93,,5.0
46263758,47125,17976,Kabine mit Drehbühne - 200 EC-H 10,18,,14.0
46263757,47125,17976,Kabine mit Drehbühne - 200 EC-H 10,131,,11.0
46263756,47125,17976,Kabine mit Drehbühne - 200 EC-H 10,59,,14.0
46263755,47125,17976,Kabine mit Drehbühne - 200 EC-H 10,66,,
46263754,47125,17976,Kabine mit Drehbühne - 200 EC-H 10,94,,2.0
46263753,47125,17976,Kabine mit Drehbühne - 200 EC-H 10,130,,11.0
46263752,47125,17976,Kabine mit Drehbühne - 200 EC-H 10,76,,10.0
46263751,47125,17976,Kabine mit Drehbühne - 200 EC-H 10,133,,
46263750,47125,17976,Kabine mit Drehbühne - 200 EC-H 10,5,,
46263749,47125,17976,Kabine mit Drehbühne - 200 EC-H 10,50,,
46207642,202112003,,Klappschaufel - 906/907/908,114,,15.0
46207641,202112003,,Klappschaufel - 906/907/908,109,Caterpillar,
46207640,202112003,,Klappschaufel - 906/907/908,73,,15.0
46207639,202112003,,Klappschaufel - 906/907/908,65,,16.0
46207638,202112003,,Klappschaufel - 906/907/908,63,,15.0
46207637,202112003,,Klappschaufel - 906/907/908,55,,11.0
46207636,202112003,,Klappschaufel - 906/907/908,26,,15.0
46207635,202112003,,Klappschaufel - 906/907/908,23,,
46143946,101060,,"TS - 256 HC, L=12,42 m",133,,
46143945,101060,,"TS - 256 HC, L=12,42 m",55,,11.0
46143944,101060,,"TS - 256 HC, L=12,42 m",63,,15.0
46143943,101060,,"TS - 256 HC, L=12,42 m",73,,15.0
46143942,101060,,"TS - 256 HC, L=12,42 m",26,,15.0
46143932,49353,17978,280 EC-H 12 Litronic,53,,19.0
46143931,49353,17978,280 EC-H 12 Litronic,146,,
46143930,49353,17978,280 EC-H 12 Litronic,69,,
46143929,49353,17978,280 EC-H 12 Litronic,19,,14.0
46143928,49353,17978,280 EC-H 12 Litronic,148,,
46143927,49353,17978,280 EC-H 12 Litronic,48,,3.0
46143926,49353,17978,280 EC-H 12 Litronic,93,,5.0
46143925,49353,17978,280 EC-H 12 Litronic,18,,14.0
46143924,49353,17978,280 EC-H 12 Litronic,131,,11.0
46143923,49353,17978,280 EC-H 12 Litronic,59,,14.0
46143922,49353,17978,280 EC-H 12 Litronic,66,,
46143921,49353,17978,280 EC-H 12 Litronic,94,,2.0
46143920,49353,17978,280 EC-H 12 Litronic,130,,11.0
46143919,49353,17978,280 EC-H 12 Litronic,76,,10.0
46143918,49353,17978,280 EC-H 12 Litronic,133,,
46143917,49353,17978,280 EC-H 12 Litronic,5,,
46143916,49353,17978,280 EC-H 12 Litronic,50,,
46088640,20074840,,CF 2-II Hd,87,Honda,
46088638,20074840,,CF 2-II Hd,88,"2,7",10.0
46088637,20074840,,CF 2-II Hd,136,Nein,
46088636,20074840,,CF 2-II Hd,39,Nein,
46088635,20074840,,CF 2-II Hd,55,83,11.0
46088634,20074840,,CF 2-II Hd,89,GX 160,
46088633,20074840,,CF 2-II Hd,73,1130,15.0
46088632,20074840,,CF 2-II Hd,13,450,15.0
46088631,20074840,,CF 2-II Hd,85,Nein,
46088630,20074840,,CF 2-II Hd,26,450,15.0
46088629,20074840,,CF 2-II Hd,138,Nein,
46088628,20074840,,CF 2-II Hd,104,Nein,
46088626,20074840,,CF 2-II Hd,63,550,15.0
46088625,20074840,,CF 2-II Hd,84,Ja,
46088624,20074840,,CF 2-II Hd,139,Ja,
45951286,20074349,,MC 85,87,Kubota,
45951285,20074349,,MC 85,73,2020,15.0
45951283,20074349,,MC 85,55,1628,11.0
45951282,20074349,,MC 85,70,Ja,
45951278,20074349,,MC 85,26,820,15.0
45951277,20074349,,MC 85,23,Nein,
45951276,20074349,,MC 85,13,820,15.0
45951274,20074349,,MC 85,148,Nein,
45951273,20074349,,MC 85,63,1300,15.0
45951272,20074349,,MC 85,89,D1005,
45951271,20074349,,MC 85,88,"17,5",10.0
45878359,12546,,TL 600,154,8 - 14,19.0
45878358,12546,,TL 600,110,QC08,
45878357,12546,,TL 600,26,,15.0
45878356,12546,,TL 600,65,,16.0
45878355,12546,,TL 600,73,,15.0
45878354,12546,,TL 600,147,,
45878353,12546,,TL 600,12,0,18.0
45878351,12546,,TL 600,109,Henle,
45878350,12546,,TL 600,63,,15.0
45878349,12546,,TL 600,55,,11.0
45878348,12546,,TL 600,114,600,15.0
45866180,65VB1092R,,Verbreiterung - AB 220-3 TV - 500R,149,AB 220-3 TV,
45866179,65VB1092R,,Verbreiterung - AB 220-3 TV - 500R,26,500,15.0
45866175,65VB1092L,,Verbreiterung - AB 220-3 TV - 500L,149,AB 220-3 TV,
45866174,65VB1092L,,Verbreiterung - AB 220-3 TV - 500L,26,500,15.0
45866170,09900718,,Super 800i,152,bis 20,15.0
45866169,09900718,,Super 800i,52,Nein,
45866168,09900718,,Super 800i,38,"3,2",14.0
45866167,09900718,,Super 800i,37,"3,2",14.0
45866166,09900718,,Super 800i,36,"2,2",14.0
45866165,09900718,,Super 800i,149,AB 220-3 TV,
45866164,09900718,,Super 800i,73,4760,15.0
45866163,09900718,,Super 800i,89,TCD 2.9 L4,
45866162,09900718,,Super 800i,88,"55,4",10.0
45866160,09900718,,Super 800i,35,Ja,
45866159,09900718,,Super 800i,127,Nein,
45866158,09900718,,Super 800i,148,Nein,
45866157,09900718,,Super 800i,8,Nein,
45866156,09900718,,Super 800i,26,1400,15.0
45866155,09900718,,Super 800i,7,Tier 4f,
45866154,09900718,,Super 800i,63,1980,15.0
45866153,09900718,,Super 800i,87,Deutz,
45866152,09900718,,Super 800i,27,mechanisch,
45866151,09900718,,Super 800i,23,Nein,
45866150,09900718,,Super 800i,132,Nein,
45866149,09900718,,Super 800i,34,,20.0
45866148,09900718,,Super 800i,30,Ja,
45866147,09900718,,Super 800i,6,Stufe V,
45866146,09900718,,Super 800i,55,6600,11.0
45848224,305400080,,TCR50-2,6,,
45848223,305400080,,TCR50-2,69,,
45848222,305400080,,TCR50-2,70,Nein,
45848221,305400080,,TCR50-2,95,3700,11.0
45848220,305400080,,TCR50-2,73,4660,15.0
45848219,305400080,,TCR50-2,87,Yanmar,
45848218,305400080,,TCR50-2,90,Nein,
45848217,305400080,,TCR50-2,30,,
45848216,305400080,,TCR50-2,92,"1,15",16.0
45848215,305400080,,TCR50-2,89,4TNV94FHT,
45848214,305400080,,TCR50-2,55,6550,11.0
45848213,305400080,,TCR50-2,10,Nein,
45848212,305400080,,TCR50-2,40,"1st = 7,0 | 2nd = 9,5",12.0
45848211,305400080,,TCR50-2,148,,
45848210,305400080,,TCR50-2,26,2200,15.0
45848209,305400080,,TCR50-2,91,,
45848208,305400080,,TCR50-2,88,"88,4",10.0
45848207,305400080,,TCR50-2,7,,
45848206,305400080,,TCR50-2,63,2725,15.0
45848205,305400080,,TCR50-2,23,Nein,
45774145,0492101,,GRL 1000,110,,
45774144,0492101,,GRL 1000,26,1000,15.0
45774143,0492101,,GRL 1000,65,,16.0
45774142,0492101,,GRL 1000,73,,15.0
45774141,0492101,,GRL 1000,147,,
45774140,0492101,,GRL 1000,12,,
45774139,0492101,,GRL 1000,109,Pro-Lok,
45774138,0492101,,GRL 1000,63,,15.0
45774137,0492101,,GRL 1000,55,,11.0
45774136,0492101,,GRL 1000,114,1000,15.0
45761179,05130279,17953,W 150,45,,15.0
45761178,05130279,17953,W 150,23,,
45761177,05130279,17953,W 150,8,,
45761176,05130279,17953,W 150,6,,
45761175,05130279,17953,W 150,142,,
45761174,05130279,17953,W 150,69,,
45761173,05130279,17953,W 150,26,,15.0
45761172,05130279,17953,W 150,89,QSL 9,
45761171,05130279,17953,W 150,143,,
45761170,05130279,17953,W 150,46,,18.0
45761169,05130279,17953,W 150,87,Cummins,
45761168,05130279,17953,W 150,30,,
45761167,05130279,17953,W 150,77,,
45761166,05130279,17953,W 150,148,,
45761165,05130279,17953,W 150,9,,
45761164,05130279,17953,W 150,47,,15.0
45761163,05130279,17953,W 150,41,,
45761162,05130279,17953,W 150,73,,15.0
45761161,05130279,17953,W 150,63,,15.0
45761160,05130279,17953,W 150,144,,
45761159,05130279,17953,W 150,122,,
45761158,05130279,17953,W 150,88,261,10.0
45761157,05130279,17953,W 150,61,,
45761156,05130279,17953,W 150,7,,
45761155,05130279,17953,W 150,55,,11.0
45760947,04030692,17949,W 35 DC,45,,15.0
45760946,04030692,17949,W 35 DC,23,,
45760945,04030692,17949,W 35 DC,8,,
45760944,04030692,17949,W 35 DC,6,,
45760943,04030692,17949,W 35 DC,142,,
45760942,04030692,17949,W 35 DC,69,,
45760941,04030692,17949,W 35 DC,26,,15.0
45760940,04030692,17949,W 35 DC,89,D2011L04W,
45760939,04030692,17949,W 35 DC,143,,
45760938,04030692,17949,W 35 DC,46,,18.0
45760937,04030692,17949,W 35 DC,87,Deutz,
45760936,04030692,17949,W 35 DC,30,,
45760935,04030692,17949,W 35 DC,77,,
45760934,04030692,17949,W 35 DC,148,,
45760933,04030692,17949,W 35 DC,9,,
45760932,04030692,17949,W 35 DC,47,,15.0
45760931,04030692,17949,W 35 DC,41,,
45760930,04030692,17949,W 35 DC,73,,15.0
45760929,04030692,17949,W 35 DC,63,,15.0
45760928,04030692,17949,W 35 DC,144,,
45760927,04030692,17949,W 35 DC,122,,
45760926,04030692,17949,W 35 DC,88,"42,5",10.0
45760925,04030692,17949,W 35 DC,61,,
45760924,04030692,17949,W 35 DC,7,,
45760923,04030692,17949,W 35 DC,55,,11.0
45760890,04030359,17948,W 35 DC,45,,15.0
45760889,04030359,17948,W 35 DC,23,,
45760888,04030359,17948,W 35 DC,8,,
45760887,04030359,17948,W 35 DC,6,,
45760886,04030359,17948,W 35 DC,142,,
45760885,04030359,17948,W 35 DC,69,,
45760884,04030359,17948,W 35 DC,26,,15.0
45760883,04030359,17948,W 35 DC,89,F4M2011,
45760882,04030359,17948,W 35 DC,143,,
45760881,04030359,17948,W 35 DC,46,,18.0
45760880,04030359,17948,W 35 DC,87,Deutz,
45760879,04030359,17948,W 35 DC,30,,
45760878,04030359,17948,W 35 DC,77,,
45760877,04030359,17948,W 35 DC,148,,
45760876,04030359,17948,W 35 DC,9,,
45760875,04030359,17948,W 35 DC,47,,15.0
45760874,04030359,17948,W 35 DC,41,,
45760873,04030359,17948,W 35 DC,73,,15.0
45760872,04030359,17948,W 35 DC,63,,15.0
45760871,04030359,17948,W 35 DC,144,,
45760870,04030359,17948,W 35 DC,122,,
45760869,04030359,17948,W 35 DC,88,"42,5",10.0
45760868,04030359,17948,W 35 DC,61,,
45760867,04030359,17948,W 35 DC,7,,
45760866,04030359,17948,W 35 DC,55,,11.0
45490042,CAT00315JWKX20330,,315-07C,112,,
45490041,CAT00315JWKX20330,,315-07C,148,,
45490040,CAT00315JWKX20330,,315-07C,137,,
45490039,CAT00315JWKX20330,,315-07C,63,2810,15.0
45490038,CAT00315JWKX20330,,315-07C,141,Ja,
45490037,CAT00315JWKX20330,,315-07C,58,,
45490036,CAT00315JWKX20330,,315-07C,88,82,10.0
45490035,CAT00315JWKX20330,,315-07C,87,Caterpillar,
45490034,CAT00315JWKX20330,,315-07C,69,,
45490033,CAT00315JWKX20330,,315-07C,113,OQ 60-5,
45490032,CAT00315JWKX20330,,315-07C,30,Ja,
45490031,CAT00315JWKX20330,,315-07C,120,,
45490030,CAT00315JWKX20330,,315-07C,107,,
45490029,CAT00315JWKX20330,,315-07C,83,,
45490028,CAT00315JWKX20330,,315-07C,24,,15.0
45490027,CAT00315JWKX20330,,315-07C,55,16000,11.0
45490026,CAT00315JWKX20330,,315-07C,109,OilQuick,
45490025,CAT00315JWKX20330,,315-07C,57,,
45490024,CAT00315JWKX20330,,315-07C,6,Stufe V,
45490023,CAT00315JWKX20330,,315-07C,7,,
45490022,CAT00315JWKX20330,,315-07C,110,,
45490021,CAT00315JWKX20330,,315-07C,73,,15.0
45490020,CAT00315JWKX20330,,315-07C,140,Ja,
45490019,CAT00315JWKX20330,,315-07C,23,,
45490018,CAT00315JWKX20330,,315-07C,111,Ja,
45490017,CAT00315JWKX20330,,315-07C,26,,15.0
45490016,CAT00315JWKX20330,,315-07C,128,,
45490015,CAT00315JWKX20330,,315-07C,89,C3.6 Direkteinspritzung,
45490014,CAT00315JWKX20330,,315-07C,56,,15.0
45490013,CAT00315JWKX20330,,315-07C,106,,
45490012,CAT00315JWKX20330,,315-07C,60,,
45490011,CAT00315JWKX20330,,315-07C,78,,15.0
45435840,106571,,30 Dual PowerMaster Typ 2050,111,Ja,
45435839,106571,,30 Dual PowerMaster Typ 2050,112,Ja,
45435838,106571,,30 Dual PowerMaster Typ 2050,26,2050,15.0
45435837,106571,,30 Dual PowerMaster Typ 2050,55,720,11.0
45435834,106571,,30 Dual PowerMaster Typ 2050,23,Nein,
45435832,106571,,30 Dual PowerMaster Typ 2050,73,600,15.0
45435831,106571,,30 Dual PowerMaster Typ 2050,63,,15.0
45414132,BES157401,,SB 202 S,151,35 - 65,13.0
45414131,BES157401,,SB 202 S,14,100 - 150,6.0
45414130,BES157401,,SB 202 S,154,"2,5 - 6",19.0
45414129,BES157401,,SB 202 S,109,Lehnhoff,
45414128,BES157401,,SB 202 S,112,Ja,
45414127,BES157401,,SB 202 S,23,Nein,
45414126,BES157401,,SB 202 S,73,1200,15.0
45414125,BES157401,,SB 202 S,63,400,15.0
45414124,BES157401,,SB 202 S,111,,
45414123,BES157401,,SB 202 S,113,,
45414122,BES157401,,SB 202 S,110,,
45414121,BES157401,,SB 202 S,55,200,11.0
45414120,BES157401,,SB 202 S,26,200,15.0
45346527,DEQ220390,,MB 750 CLII,151,80 - 120,13.0
45346526,DEQ220390,,MB 750 CLII,14,140 - 170,6.0
45346525,DEQ220390,,MB 750 CLII,154,10 - 17,19.0
45346524,DEQ220390,,MB 750 CLII,109,OilQuick,
45346523,DEQ220390,,MB 750 CLII,112,Nein,
45346522,DEQ220390,,MB 750 CLII,23,Nein,
45346521,DEQ220390,,MB 750 CLII,73,1830,15.0
45346520,DEQ220390,,MB 750 CLII,63,650,15.0
45346519,DEQ220390,,MB 750 CLII,111,Ja,
45346518,DEQ220390,,MB 750 CLII,113,OQ 60-5,
45346516,DEQ220390,,MB 750 CLII,55,750,11.0
45346515,DEQ220390,,MB 750 CLII,26,430,15.0
45290731,WGH0H234AHAA00964,17969,H 13 i,96,,
45290730,WGH0H234AHAA00964,17969,H 13 i,136,,
45290729,WGH0H234AHAA00964,17969,H 13 i,73,,
45290728,WGH0H234AHAA00964,17969,H 13 i,7,,
45290727,WGH0H234AHAA00964,17969,H 13 i,63,,
45290726,WGH0H234AHAA00964,17969,H 13 i,148,,
45290725,WGH0H234AHAA00964,17969,H 13 i,55,,
45290724,WGH0H234AHAA00964,17969,H 13 i,88,,
45290723,WGH0H234AHAA00964,17969,H 13 i,6,,
45290722,WGH0H234AHAA00964,17969,H 13 i,30,,
45290721,WGH0H234AHAA00964,17969,H 13 i,69,,
45290720,WGH0H234AHAA00964,17969,H 13 i,26,2284,
45290719,WGH0H234AHAA00964,17969,H 13 i,123,52,
45290718,WGH0H234AHAA00964,17969,H 13 i,135,,
45290717,WGH0H234AHAA00964,17969,H 13 i,13,2140,
45290716,WGH0H234AHAA00964,17969,H 13 i,23,,
45290715,WGH0H234AHAA00964,17969,H 13 i,87,Deutz,
45290714,WGH0H234AHAA00964,17969,H 13 i,89,TCD 4.1 L4,
45271587,55VB7612L,,Verbreiterung - AB 600-3 TV - 750L,149,AB 600-3 TV,
45271586,55VB7612L,,Verbreiterung - AB 600-3 TV - 750L,26,750,
45271578,14824244,,Super 1800-3i,152,bis 30,15.0
45271577,14824244,,Super 1800-3i,52,,
45271576,14824244,,Super 1800-3i,38,,14.0
45271575,14824244,,Super 1800-3i,37,,14.0
45271574,14824244,,Super 1800-3i,36,,14.0
45271573,14824244,,Super 1800-3i,149,AB 600-3 TV,
45271572,14824244,,Super 1800-3i,73,,15.0
45271571,14824244,,Super 1800-3i,89,B6.7-C173,
45271570,14824244,,Super 1800-3i,88,129,10.0
45271568,14824244,,Super 1800-3i,35,,
45271567,14824244,,Super 1800-3i,127,,
45271566,14824244,,Super 1800-3i,148,,
45271565,14824244,,Super 1800-3i,8,,
45271564,14824244,,Super 1800-3i,26,2550,15.0
45271563,14824244,,Super 1800-3i,7,,
45271562,14824244,,Super 1800-3i,63,3100,15.0
45271561,14824244,,Super 1800-3i,87,Cummins,
45271560,14824244,,Super 1800-3i,27,,
45271559,14824244,,Super 1800-3i,23,,
45271558,14824244,,Super 1800-3i,132,,
45271557,14824244,,Super 1800-3i,34,700,20.0
45271556,14824244,,Super 1800-3i,30,,
45271555,14824244,,Super 1800-3i,6,,
45271554,14824244,,Super 1800-3i,55,,11.0
45230067,GS46D-20436,,GS-2646 E-Drive,30,,
45230066,GS46D-20436,,GS-2646 E-Drive,23,,
45230065,GS46D-20436,,GS-2646 E-Drive,88,,10.0
45230064,GS46D-20436,,GS-2646 E-Drive,95,544,11.0
45230063,GS46D-20436,,GS-2646 E-Drive,6,,
45230062,GS46D-20436,,GS-2646 E-Drive,50,,
45230061,GS46D-20436,,GS-2646 E-Drive,89,,
45230060,GS46D-20436,,GS-2646 E-Drive,18,"0,91",14.0
45230059,GS46D-20436,,GS-2646 E-Drive,55,1775,11.0
45230058,GS46D-20436,,GS-2646 E-Drive,73,2440,15.0
45230057,GS46D-20436,,GS-2646 E-Drive,26,1160,15.0
45230056,GS46D-20436,,GS-2646 E-Drive,7,,
45230055,GS46D-20436,,GS-2646 E-Drive,148,Nein,
45230054,GS46D-20436,,GS-2646 E-Drive,15,9960,14.0
45230053,GS46D-20436,,GS-2646 E-Drive,63,2310,15.0
45230052,GS46D-20436,,GS-2646 E-Drive,98,7960,15.0
45230051,GS46D-20436,,GS-2646 E-Drive,64,,15.0
45230050,GS46D-20436,,GS-2646 E-Drive,87,,
45197421,101870211163,,BW 174 AP-4v AM,69,,
45197420,101870211163,,BW 174 AP-4v AM,88,,10.0
45197419,101870211163,,BW 174 AP-4v AM,54,,
45197418,101870211163,,BW 174 AP-4v AM,30,,
45197417,101870211163,,BW 174 AP-4v AM,13,,15.0
45197416,101870211163,,BW 174 AP-4v AM,23,,
45197415,101870211163,,BW 174 AP-4v AM,73,,15.0
45197414,101870211163,,BW 174 AP-4v AM,63,,15.0
45197413,101870211163,,BW 174 AP-4v AM,135,,11.0
45197412,101870211163,,BW 174 AP-4v AM,70,,
45197411,101870211163,,BW 174 AP-4v AM,67,,18.0
45197410,101870211163,,BW 174 AP-4v AM,87,,
45197409,101870211163,,BW 174 AP-4v AM,96,,
45197408,101870211163,,BW 174 AP-4v AM,26,,15.0
45197407,101870211163,,BW 174 AP-4v AM,89,,
45197406,101870211163,,BW 174 AP-4v AM,55,,11.0
45197405,101870211163,,BW 174 AP-4v AM,6,,
45197404,101870211163,,BW 174 AP-4v AM,148,,
45197403,101870211163,,BW 174 AP-4v AM,7,,
45197402,101870211163,,BW 174 AP-4v AM,16,,
45197401,101870211163,,BW 174 AP-4v AM,136,,
45095932,202112007,,Klappschaufel - 906/907/908,114,,15.0
45095931,202112007,,Klappschaufel - 906/907/908,109,Caterpillar,
45095930,202112007,,Klappschaufel - 906/907/908,73,,15.0
45095929,202112007,,Klappschaufel - 906/907/908,65,,16.0
45095928,202112007,,Klappschaufel - 906/907/908,63,,15.0
45095927,202112007,,Klappschaufel - 906/907/908,55,,11.0
45095926,202112007,,Klappschaufel - 906/907/908,26,,15.0
45095925,202112007,,Klappschaufel - 906/907/908,23,,
45095921,202112005,,Klappschaufel - 906/907/908,114,,15.0
45095920,202112005,,Klappschaufel - 906/907/908,109,Caterpillar,
45095919,202112005,,Klappschaufel - 906/907/908,73,,15.0
45095918,202112005,,Klappschaufel - 906/907/908,65,,16.0
45095917,202112005,,Klappschaufel - 906/907/908,63,,15.0
45095916,202112005,,Klappschaufel - 906/907/908,55,,11.0
45095915,202112005,,Klappschaufel - 906/907/908,26,,15.0
45095914,202112005,,Klappschaufel - 906/907/908,23,,
45085536,40616,17959,99 EC,53,,19.0
45085535,40616,17959,99 EC,146,,
45085534,40616,17959,99 EC,69,,
45085533,40616,17959,99 EC,19,45,14.0
45085532,40616,17959,99 EC,148,,
45085531,40616,17959,99 EC,48,,3.0
45085530,40616,17959,99 EC,93,,5.0
45085529,40616,17959,99 EC,18,,14.0
45085528,40616,17959,99 EC,131,,11.0
45085527,40616,17959,99 EC,59,,14.0
45085526,40616,17959,99 EC,66,,
45085525,40616,17959,99 EC,94,,2.0
45085524,40616,17959,99 EC,130,,11.0
45085523,40616,17959,99 EC,76,,10.0
45085522,40616,17959,99 EC,133,,
45085521,40616,17959,99 EC,5,,
45085520,40616,17959,99 EC,50,,
45081779,VCECR145V00310699,,ECR 145 EL,112,,
45081778,VCECR145V00310699,,ECR 145 EL,148,,
45081777,VCECR145V00310699,,ECR 145 EL,137,,
45081776,VCECR145V00310699,,ECR 145 EL,63,,15.0
45081775,VCECR145V00310699,,ECR 145 EL,141,,
45081774,VCECR145V00310699,,ECR 145 EL,58,,
45081773,VCECR145V00310699,,ECR 145 EL,88,,10.0
45081772,VCECR145V00310699,,ECR 145 EL,87,,
45081771,VCECR145V00310699,,ECR 145 EL,69,,
45081770,VCECR145V00310699,,ECR 145 EL,113,,
45081769,VCECR145V00310699,,ECR 145 EL,30,,
45081768,VCECR145V00310699,,ECR 145 EL,120,,
45081767,VCECR145V00310699,,ECR 145 EL,107,,
45081766,VCECR145V00310699,,ECR 145 EL,83,,
45081765,VCECR145V00310699,,ECR 145 EL,24,,15.0
45081764,VCECR145V00310699,,ECR 145 EL,55,,11.0
45081763,VCECR145V00310699,,ECR 145 EL,109,,
45081762,VCECR145V00310699,,ECR 145 EL,57,,
45081761,VCECR145V00310699,,ECR 145 EL,6,,
45081760,VCECR145V00310699,,ECR 145 EL,7,,
45081759,VCECR145V00310699,,ECR 145 EL,110,,
45081758,VCECR145V00310699,,ECR 145 EL,73,,15.0
45081757,VCECR145V00310699,,ECR 145 EL,140,,
45081756,VCECR145V00310699,,ECR 145 EL,23,,
45081755,VCECR145V00310699,,ECR 145 EL,111,,
45081754,VCECR145V00310699,,ECR 145 EL,26,,15.0
45081753,VCECR145V00310699,,ECR 145 EL,128,,
45081752,VCECR145V00310699,,ECR 145 EL,89,,
45081751,VCECR145V00310699,,ECR 145 EL,56,,15.0
45081750,VCECR145V00310699,,ECR 145 EL,106,,
45081749,VCECR145V00310699,,ECR 145 EL,60,,
45081748,VCECR145V00310699,,ECR 145 EL,78,,15.0
45081650,222010203,,G 800,154,19 - 30,19.0
45081649,222010203,,G 800,73,,15.0
45081648,222010203,,G 800,26,800,15.0
45081647,222010203,,G 800,65,"0,757",16.0
45081646,222010203,,G 800,23,,
45081645,222010203,,G 800,12,,18.0
45081644,222010203,,G 800,55,1385,11.0
45081643,222010203,,G 800,109,OilQuick,
45081642,222010203,,G 800,111,Ja,
45081641,222010203,,G 800,113,OQ 70/55,
45081640,222010203,,G 800,63,,15.0
45081639,222010203,,G 800,114,800,15.0
45081638,222010203,,G 800,147,,
44989993,BES150704,,HC 450,151,76,13.0
44989992,BES150704,,HC 450,14,150,6.0
44989991,BES150704,,HC 450,154,4 - 9,19.0
44989990,BES150704,,HC 450,111,Ja,
44989989,BES150704,,HC 450,113,OQ 60-5,
44989988,BES150704,,HC 450,109,OilQuick,
44989987,BES150704,,HC 450,112,Nein,
44989986,BES150704,,HC 450,63,929,15.0
44989985,BES150704,,HC 450,26,610,15.0
44989984,BES150704,,HC 450,55,430,11.0
44989983,BES150704,,HC 450,73,622,15.0
44989981,BES150704,,HC 450,23,Nein,
44986739,202112004,,Klappschaufel - 906/907/908,114,,15.0
44986738,202112004,,Klappschaufel - 906/907/908,109,Caterpillar,
44986737,202112004,,Klappschaufel - 906/907/908,73,,15.0
44986736,202112004,,Klappschaufel - 906/907/908,65,,16.0
44986735,202112004,,Klappschaufel - 906/907/908,63,,15.0
44986734,202112004,,Klappschaufel - 906/907/908,55,,11.0
44986733,202112004,,Klappschaufel - 906/907/908,26,,15.0
44986732,202112004,,Klappschaufel - 906/907/908,23,,
44968921,KBCDZ84BKN3A77468,,KX080-4alpha2,141,Nein,
44968920,KBCDZ84BKN3A77468,,KX080-4alpha2,110,,
44968919,KBCDZ84BKN3A77468,,KX080-4alpha2,23,Nein,
44968918,KBCDZ84BKN3A77468,,KX080-4alpha2,137,Ja,
44968917,KBCDZ84BKN3A77468,,KX080-4alpha2,26,2200,15.0
44968916,KBCDZ84BKN3A77468,,KX080-4alpha2,112,Nein,
44968915,KBCDZ84BKN3A77468,,KX080-4alpha2,108,Ja,
44968914,KBCDZ84BKN3A77468,,KX080-4alpha2,55,9080,11.0
44968913,KBCDZ84BKN3A77468,,KX080-4alpha2,69,Ja,
44968912,KBCDZ84BKN3A77468,,KX080-4alpha2,73,6450,15.0
44968911,KBCDZ84BKN3A77468,,KX080-4alpha2,6,,
44968910,KBCDZ84BKN3A77468,,KX080-4alpha2,145,Ja,
44968909,KBCDZ84BKN3A77468,,KX080-4alpha2,63,2540,
44968908,KBCDZ84BKN3A77468,,KX080-4alpha2,66,Ja,
44968907,KBCDZ84BKN3A77468,,KX080-4alpha2,148,Nein,
44968906,KBCDZ84BKN3A77468,,KX080-4alpha2,120,Nein,
44968905,KBCDZ84BKN3A77468,,KX080-4alpha2,56,4600,15.0
44968904,KBCDZ84BKN3A77468,,KX080-4alpha2,57,,
44968903,KBCDZ84BKN3A77468,,KX080-4alpha2,128,Nein,
44968902,KBCDZ84BKN3A77468,,KX080-4alpha2,60,Ja,
44968901,KBCDZ84BKN3A77468,,KX080-4alpha2,89,V3307-CR-TE5-BH-1,
44968900,KBCDZ84BKN3A77468,,KX080-4alpha2,111,Ja,
44968899,KBCDZ84BKN3A77468,,KX080-4alpha2,58,Ja,
44968898,KBCDZ84BKN3A77468,,KX080-4alpha2,88,"46,5",
44968897,KBCDZ84BKN3A77468,,KX080-4alpha2,7,,
44968896,KBCDZ84BKN3A77468,,KX080-4alpha2,113,OQ 60-5,
44968895,KBCDZ84BKN3A77468,,KX080-4alpha2,109,OilQuick,
44968894,KBCDZ84BKN3A77468,,KX080-4alpha2,30,Ja,
44968893,KBCDZ84BKN3A77468,,KX080-4alpha2,87,Kubota,
44968892,KBCDZ84BKN3A77468,,KX080-4alpha2,106,,
44968891,KBCDZ84BKN3A77468,,KX080-4alpha2,140,Nein,
44968890,KBCDZ84BKN3A77468,,KX080-4alpha2,78,2100,
44951726,KBCDZ84BJN3A77472,,KX080-4alpha2,141,Nein,
44951725,KBCDZ84BJN3A77472,,KX080-4alpha2,110,,
44951724,KBCDZ84BJN3A77472,,KX080-4alpha2,23,Nein,
44951723,KBCDZ84BJN3A77472,,KX080-4alpha2,137,Ja,
44951722,KBCDZ84BJN3A77472,,KX080-4alpha2,26,2200,15.0
44951721,KBCDZ84BJN3A77472,,KX080-4alpha2,112,Nein,
44951720,KBCDZ84BJN3A77472,,KX080-4alpha2,108,Ja,
44951719,KBCDZ84BJN3A77472,,KX080-4alpha2,55,9080,11.0
44951718,KBCDZ84BJN3A77472,,KX080-4alpha2,69,Ja,
44951717,KBCDZ84BJN3A77472,,KX080-4alpha2,73,6450,15.0
44951716,KBCDZ84BJN3A77472,,KX080-4alpha2,6,,
44951715,KBCDZ84BJN3A77472,,KX080-4alpha2,145,Ja,
44951714,KBCDZ84BJN3A77472,,KX080-4alpha2,63,2540,15.0
44951713,KBCDZ84BJN3A77472,,KX080-4alpha2,66,Ja,
44951712,KBCDZ84BJN3A77472,,KX080-4alpha2,148,Nein,
44951711,KBCDZ84BJN3A77472,,KX080-4alpha2,120,Nein,
44951710,KBCDZ84BJN3A77472,,KX080-4alpha2,56,4600,15.0
44951709,KBCDZ84BJN3A77472,,KX080-4alpha2,57,,
44951708,KBCDZ84BJN3A77472,,KX080-4alpha2,128,Nein,
44951707,KBCDZ84BJN3A77472,,KX080-4alpha2,60,Ja,
44951706,KBCDZ84BJN3A77472,,KX080-4alpha2,89,V3307-CR-TE5-BH-1,
44951705,KBCDZ84BJN3A77472,,KX080-4alpha2,111,Ja,
44951704,KBCDZ84BJN3A77472,,KX080-4alpha2,58,Ja,
44951703,KBCDZ84BJN3A77472,,KX080-4alpha2,88,"46,5",
44951702,KBCDZ84BJN3A77472,,KX080-4alpha2,7,,
44951701,KBCDZ84BJN3A77472,,KX080-4alpha2,113,OQ 60-5,
44951700,KBCDZ84BJN3A77472,,KX080-4alpha2,109,OilQuick,
44951699,KBCDZ84BJN3A77472,,KX080-4alpha2,30,Ja,
44951698,KBCDZ84BJN3A77472,,KX080-4alpha2,87,Kubota,
44951697,KBCDZ84BJN3A77472,,KX080-4alpha2,106,,
44951696,KBCDZ84BJN3A77472,,KX080-4alpha2,140,Nein,
44951695,KBCDZ84BJN3A77472,,KX080-4alpha2,78,2100,15.0
44911683,CAT00730EB1M01463,17965,730 C,6,,
44911682,CAT00730EB1M01463,17965,730 C,69,,
44911681,CAT00730EB1M01463,17965,730 C,70,,
44911680,CAT00730EB1M01463,17965,730 C,95,,11.0
44911679,CAT00730EB1M01463,17965,730 C,73,,15.0
44911678,CAT00730EB1M01463,17965,730 C,87,,
44911677,CAT00730EB1M01463,17965,730 C,90,,
44911676,CAT00730EB1M01463,17965,730 C,30,,
44911675,CAT00730EB1M01463,17965,730 C,92,,16.0
44911674,CAT00730EB1M01463,17965,730 C,89,,
44911673,CAT00730EB1M01463,17965,730 C,55,,11.0
44911672,CAT00730EB1M01463,17965,730 C,10,,
44911671,CAT00730EB1M01463,17965,730 C,40,,12.0
44911670,CAT00730EB1M01463,17965,730 C,148,,
44911669,CAT00730EB1M01463,17965,730 C,26,,15.0
44911668,CAT00730EB1M01463,17965,730 C,91,,
44911667,CAT00730EB1M01463,17965,730 C,88,,10.0
44911666,CAT00730EB1M01463,17965,730 C,7,,
44911665,CAT00730EB1M01463,17965,730 C,63,,15.0
44911664,CAT00730EB1M01463,17965,730 C,23,,
44890870,3240779,100979,Materialkübel extern,73,2550,15.0
44890869,3240779,100979,Materialkübel extern,51,,
44890868,3240779,100979,Materialkübel extern,55,1200,11.0
44890867,3240779,100979,Materialkübel extern,65,11,16.0
44890866,3240779,100979,Materialkübel extern,26,3700,15.0
44890865,3240779,100979,Materialkübel extern,63,2190,15.0
44890861,CC451579,100978,Materialkübel extern,73,2550,15.0
44890860,CC451579,100978,Materialkübel extern,51,,
44890859,CC451579,100978,Materialkübel extern,55,1200,11.0
44890858,CC451579,100978,Materialkübel extern,65,11,16.0
44890857,CC451579,100978,Materialkübel extern,26,3700,15.0
44890856,CC451579,100978,Materialkübel extern,63,2190,15.0
44878646,202112006,,Klappschaufel - 906/907/908,114,,15.0
44878645,202112006,,Klappschaufel - 906/907/908,109,Caterpillar,
44878644,202112006,,Klappschaufel - 906/907/908,73,,15.0
44878643,202112006,,Klappschaufel - 906/907/908,65,,16.0
44878642,202112006,,Klappschaufel - 906/907/908,63,,15.0
44878641,202112006,,Klappschaufel - 906/907/908,55,,11.0
44878640,202112006,,Klappschaufel - 906/907/908,26,,15.0
44878639,202112006,,Klappschaufel - 906/907/908,23,,
44792174,L22466,17963,Liebherr - 150 EC-B 8 Litronic,53,,19.0
44792173,L22466,17963,Liebherr - 150 EC-B 8 Litronic,146,,
44792172,L22466,17963,Liebherr - 150 EC-B 8 Litronic,69,,
44792171,L22466,17963,Liebherr - 150 EC-B 8 Litronic,19,"62,5",14.0
44792170,L22466,17963,Liebherr - 150 EC-B 8 Litronic,148,,
44792169,L22466,17963,Liebherr - 150 EC-B 8 Litronic,48,,3.0
44792168,L22466,17963,Liebherr - 150 EC-B 8 Litronic,93,,5.0
44792167,L22466,17963,Liebherr - 150 EC-B 8 Litronic,18,,14.0
44792166,L22466,17963,Liebherr - 150 EC-B 8 Litronic,131,,11.0
44792165,L22466,17963,Liebherr - 150 EC-B 8 Litronic,59,,14.0
44792164,L22466,17963,Liebherr - 150 EC-B 8 Litronic,66,,
44792163,L22466,17963,Liebherr - 150 EC-B 8 Litronic,94,,2.0
44792162,L22466,17963,Liebherr - 150 EC-B 8 Litronic,130,,11.0
44792161,L22466,17963,Liebherr - 150 EC-B 8 Litronic,76,,10.0
44792160,L22466,17963,Liebherr - 150 EC-B 8 Litronic,133,,
44792159,L22466,17963,Liebherr - 150 EC-B 8 Litronic,5,,
44792158,L22466,17963,Liebherr - 150 EC-B 8 Litronic,50,,
44791584,13100098,17957,W 100 Fi,45,1000,
44791583,13100098,17957,W 100 Fi,23,,
44791582,13100098,17957,W 100 Fi,8,,
44791581,13100098,17957,W 100 Fi,6,Stufe III B,
44791580,13100098,17957,W 100 Fi,142,,
44791579,13100098,17957,W 100 Fi,69,,
44791578,13100098,17957,W 100 Fi,26,2575,
44791577,13100098,17957,W 100 Fi,89,QSL 9,
44791576,13100098,17957,W 100 Fi,143,,
44791575,13100098,17957,W 100 Fi,46,,
44791574,13100098,17957,W 100 Fi,87,,
44791573,13100098,17957,W 100 Fi,55,18700,
44791572,13100098,17957,W 100 Fi,30,,
44791571,13100098,17957,W 100 Fi,77,,
44791570,13100098,17957,W 100 Fi,148,,
44791569,13100098,17957,W 100 Fi,9,,
44791568,13100098,17957,W 100 Fi,47,320,
44791567,13100098,17957,W 100 Fi,41,,
44791566,13100098,17957,W 100 Fi,73,10685,
44791565,13100098,17957,W 100 Fi,63,3000,
44791564,13100098,17957,W 100 Fi,144,,
44791563,13100098,17957,W 100 Fi,122,,
44791562,13100098,17957,W 100 Fi,88,224,
44791561,13100098,17957,W 100 Fi,61,,
44791560,13100098,17957,W 100 Fi,7,Tier 4,
44777218,202112002,,Klappschaufel - 906/907/908,114,,15.0
44777217,202112002,,Klappschaufel - 906/907/908,109,Caterpillar,
44777216,202112002,,Klappschaufel - 906/907/908,73,,15.0
44777215,202112002,,Klappschaufel - 906/907/908,65,,16.0
44777214,202112002,,Klappschaufel - 906/907/908,63,,15.0
44777213,202112002,,Klappschaufel - 906/907/908,55,,11.0
44777212,202112002,,Klappschaufel - 906/907/908,26,,15.0
44777211,202112002,,Klappschaufel - 906/907/908,23,,
44775985,LE 23216,17938,L1-24,59,"19,1",14.0
44775984,LE 23216,17938,L1-24,19,27,14.0
44705266,CAT3017DHLJH03426,,301.7 D,128,,
44705265,CAT3017DHLJH03426,,301.7 D,60,,
44705264,CAT3017DHLJH03426,,301.7 D,110,,
44705263,CAT3017DHLJH03426,,301.7 D,78,3895,15.0
44705262,CAT3017DHLJH03426,,301.7 D,141,,
44705261,CAT3017DHLJH03426,,301.7 D,26,990,15.0
44705260,CAT3017DHLJH03426,,301.7 D,73,3855,15.0
44705259,CAT3017DHLJH03426,,301.7 D,58,,
44705258,CAT3017DHLJH03426,,301.7 D,106,,
44705257,CAT3017DHLJH03426,,301.7 D,23,,
44705256,CAT3017DHLJH03426,,301.7 D,137,,
44705255,CAT3017DHLJH03426,,301.7 D,63,2290,15.0
44705254,CAT3017DHLJH03426,,301.7 D,145,,
44705253,CAT3017DHLJH03426,,301.7 D,111,,
44705252,CAT3017DHLJH03426,,301.7 D,56,2400,15.0
44705251,CAT3017DHLJH03426,,301.7 D,7,,
44705250,CAT3017DHLJH03426,,301.7 D,140,,
44705249,CAT3017DHLJH03426,,301.7 D,87,,
44705248,CAT3017DHLJH03426,,301.7 D,6,,
44705247,CAT3017DHLJH03426,,301.7 D,66,,
44705246,CAT3017DHLJH03426,,301.7 D,112,,
44705245,CAT3017DHLJH03426,,301.7 D,148,,
44705244,CAT3017DHLJH03426,,301.7 D,120,,
44705243,CAT3017DHLJH03426,,301.7 D,30,,
44705242,CAT3017DHLJH03426,,301.7 D,113,,
44705241,CAT3017DHLJH03426,,301.7 D,109,CW05,
44705240,CAT3017DHLJH03426,,301.7 D,108,,
44705239,CAT3017DHLJH03426,,301.7 D,69,,
44705238,CAT3017DHLJH03426,,301.7 D,88,"17,9",10.0
44705237,CAT3017DHLJH03426,,301.7 D,89,,
44705236,CAT3017DHLJH03426,,301.7 D,57,,
44705235,CAT3017DHLJH03426,,301.7 D,55,1870,11.0
44662283,KBCAZ16BVM3H10755,,U10-5,128,,
44662282,KBCAZ16BVM3H10755,,U10-5,60,,
44662281,KBCAZ16BVM3H10755,,U10-5,110,,
44662280,KBCAZ16BVM3H10755,,U10-5,78,,
44662279,KBCAZ16BVM3H10755,,U10-5,141,,
44662278,KBCAZ16BVM3H10755,,U10-5,26,990,
44662277,KBCAZ16BVM3H10755,,U10-5,73,2980,
44662276,KBCAZ16BVM3H10755,,U10-5,58,,
44662275,KBCAZ16BVM3H10755,,U10-5,106,,
44662274,KBCAZ16BVM3H10755,,U10-5,23,,
44662273,KBCAZ16BVM3H10755,,U10-5,137,,
44662272,KBCAZ16BVM3H10755,,U10-5,63,2260,
44662271,KBCAZ16BVM3H10755,,U10-5,145,,
44662270,KBCAZ16BVM3H10755,,U10-5,111,,
44662269,KBCAZ16BVM3H10755,,U10-5,56,,
44662268,KBCAZ16BVM3H10755,,U10-5,7,,
44662267,KBCAZ16BVM3H10755,,U10-5,140,,
44662266,KBCAZ16BVM3H10755,,U10-5,87,Kubota,
44662265,KBCAZ16BVM3H10755,,U10-5,6,,
44662264,KBCAZ16BVM3H10755,,U10-5,66,,
44662263,KBCAZ16BVM3H10755,,U10-5,112,,
44662262,KBCAZ16BVM3H10755,,U10-5,148,,
44662261,KBCAZ16BVM3H10755,,U10-5,120,,
44662260,KBCAZ16BVM3H10755,,U10-5,30,,
44662259,KBCAZ16BVM3H10755,,U10-5,113,,
44662258,KBCAZ16BVM3H10755,,U10-5,109,,
44662257,KBCAZ16BVM3H10755,,U10-5,108,,
44662256,KBCAZ16BVM3H10755,,U10-5,69,,
44662255,KBCAZ16BVM3H10755,,U10-5,88,,
44662254,KBCAZ16BVM3H10755,,U10-5,89,D722-E4-BH-5,
44662253,KBCAZ16BVM3H10755,,U10-5,57,,
44662252,KBCAZ16BVM3H10755,,U10-5,55,1200,
44661586,KBCAZ16BTM3L11169,,U10-5,128,Nein,
44661585,KBCAZ16BTM3L11169,,U10-5,60,Ja,
44661584,KBCAZ16BTM3L11169,,U10-5,110,,
44661583,KBCAZ16BTM3L11169,,U10-5,78,,
44661582,KBCAZ16BTM3L11169,,U10-5,141,Nein,
44661581,KBCAZ16BTM3L11169,,U10-5,26,990,
44661580,KBCAZ16BTM3L11169,,U10-5,73,2980,
44661579,KBCAZ16BTM3L11169,,U10-5,58,,
44661578,KBCAZ16BTM3L11169,,U10-5,106,Nein,
44661577,KBCAZ16BTM3L11169,,U10-5,23,Nein,
44661576,KBCAZ16BTM3L11169,,U10-5,137,Nein,
44661575,KBCAZ16BTM3L11169,,U10-5,63,2260,
44661574,KBCAZ16BTM3L11169,,U10-5,145,Nein,
44661573,KBCAZ16BTM3L11169,,U10-5,111,Nein,
44661572,KBCAZ16BTM3L11169,,U10-5,56,1800,
44661571,KBCAZ16BTM3L11169,,U10-5,7,,
44661570,KBCAZ16BTM3L11169,,U10-5,140,Nein,
44661569,KBCAZ16BTM3L11169,,U10-5,87,Kubota,
44661568,KBCAZ16BTM3L11169,,U10-5,6,,
44661567,KBCAZ16BTM3L11169,,U10-5,66,Nein,
44661566,KBCAZ16BTM3L11169,,U10-5,112,Ja,
44661565,KBCAZ16BTM3L11169,,U10-5,148,Nein,
44661564,KBCAZ16BTM3L11169,,U10-5,120,Ja,
44661563,KBCAZ16BTM3L11169,,U10-5,30,Nein,
44661562,KBCAZ16BTM3L11169,,U10-5,113,,
44661561,KBCAZ16BTM3L11169,,U10-5,109,Lehnhoff,
44661560,KBCAZ16BTM3L11169,,U10-5,108,Ja,
44661559,KBCAZ16BTM3L11169,,U10-5,69,Nein,
44661558,KBCAZ16BTM3L11169,,U10-5,88,"7,6",
44661557,KBCAZ16BTM3L11169,,U10-5,89,D722-E4-BH-5,
44661556,KBCAZ16BTM3L11169,,U10-5,57,,
44661555,KBCAZ16BTM3L11169,,U10-5,55,1200,
44648481,65VB1072R,,Verbreiterung - AB 220-3 TV - 500R,149,AB 220-3 TV,
44648480,65VB1072R,,Verbreiterung - AB 220-3 TV - 500R,26,500,15.0
44648476,65VB1072L,,Verbreiterung - AB 220-3 TV - 500L,149,AB 220-3 TV,
44648475,65VB1072L,,Verbreiterung - AB 220-3 TV - 500L,26,500,15.0
44648471,09900664,,Super 800i,152,bis 20,15.0
44648470,09900664,,Super 800i,52,Nein,
44648469,09900664,,Super 800i,38,"2,20 - 3,20",14.0
44648468,09900664,,Super 800i,37,"3,20",14.0
44648467,09900664,,Super 800i,36,"1,10 - 2,20",14.0
44648466,09900664,,Super 800i,149,AB 220-3 TV,
44648465,09900664,,Super 800i,73,4760,15.0
44648464,09900664,,Super 800i,89,TCD 2.9 L4,
44648463,09900664,,Super 800i,88,"55,4",10.0
44648461,09900664,,Super 800i,35,Ja,
44648460,09900664,,Super 800i,127,Nein,
44648459,09900664,,Super 800i,148,Ja,
44648458,09900664,,Super 800i,8,Nein,
44648457,09900664,,Super 800i,26,1400,15.0
44648456,09900664,,Super 800i,7,Tier 4f,
44648455,09900664,,Super 800i,63,1980,15.0
44648454,09900664,,Super 800i,87,Deutz,
44648453,09900664,,Super 800i,27,mechanisch,
44648452,09900664,,Super 800i,23,Nein,
44648451,09900664,,Super 800i,132,Nein,
44648450,09900664,,Super 800i,34,,20.0
44648449,09900664,,Super 800i,30,Ja,
44648448,09900664,,Super 800i,6,Stufe V,
44648447,09900664,,Super 800i,55,6600,11.0
44645938,0790 1666,300132,Super 800,26,,15.0
44645937,0790 1666,300132,Super 800,36,,14.0
44645936,0790 1666,300132,Super 800,38,,14.0
44645935,0790 1666,300132,Super 800,37,,14.0
44645934,0790 1666,300132,Super 800,55,,11.0
44645933,0790 1666,300132,Super 800,63,,15.0
44645932,0790 1666,300132,Super 800,73,,15.0
44645931,0790 1666,300132,Super 800,149,,
44608958,KBCDZ37BLM3C11576,,KX060-5 Typ L,141,Nein,
44608957,KBCDZ37BLM3C11576,,KX060-5 Typ L,110,QC03,
44608956,KBCDZ37BLM3C11576,,KX060-5 Typ L,23,Nein,
44608955,KBCDZ37BLM3C11576,,KX060-5 Typ L,137,Nein,
44608954,KBCDZ37BLM3C11576,,KX060-5 Typ L,26,1960,15.0
44608953,KBCDZ37BLM3C11576,,KX060-5 Typ L,112,Nein,
44608952,KBCDZ37BLM3C11576,,KX060-5 Typ L,108,Ja,
44608951,KBCDZ37BLM3C11576,,KX060-5 Typ L,55,5560,11.0
44608950,KBCDZ37BLM3C11576,,KX060-5 Typ L,69,Ja,
44608949,KBCDZ37BLM3C11576,,KX060-5 Typ L,73,5490,15.0
44608948,KBCDZ37BLM3C11576,,KX060-5 Typ L,6,Stufe V,
44608947,KBCDZ37BLM3C11576,,KX060-5 Typ L,145,Nein,
44608946,KBCDZ37BLM3C11576,,KX060-5 Typ L,63,2550,15.0
44608945,KBCDZ37BLM3C11576,,KX060-5 Typ L,66,Ja,
44608944,KBCDZ37BLM3C11576,,KX060-5 Typ L,148,Nein,
44608943,KBCDZ37BLM3C11576,,KX060-5 Typ L,120,Nein,
44608942,KBCDZ37BLM3C11576,,KX060-5 Typ L,56,2825,15.0
44608941,KBCDZ37BLM3C11576,,KX060-5 Typ L,57,,
44608940,KBCDZ37BLM3C11576,,KX060-5 Typ L,128,Nein,
44608939,KBCDZ37BLM3C11576,,KX060-5 Typ L,60,Ja,
44608938,KBCDZ37BLM3C11576,,KX060-5 Typ L,89,V2607-CR-E5,
44608937,KBCDZ37BLM3C11576,,KX060-5 Typ L,111,Ja,
44608936,KBCDZ37BLM3C11576,,KX060-5 Typ L,58,,
44608935,KBCDZ37BLM3C11576,,KX060-5 Typ L,88,35,10.0
44608934,KBCDZ37BLM3C11576,,KX060-5 Typ L,7,,
44608933,KBCDZ37BLM3C11576,,KX060-5 Typ L,113,,
44608932,KBCDZ37BLM3C11576,,KX060-5 Typ L,109,Lehnhoff,
44608931,KBCDZ37BLM3C11576,,KX060-5 Typ L,30,Ja,
44608930,KBCDZ37BLM3C11576,,KX060-5 Typ L,87,Kubota,
44608929,KBCDZ37BLM3C11576,,KX060-5 Typ L,106,,
44608928,KBCDZ37BLM3C11576,,KX060-5 Typ L,140,Nein,
44608927,KBCDZ37BLM3C11576,,KX060-5 Typ L,78,1570,15.0
44590929,3019483R,,Verbreiterung V 1300 V - 175R,149,V 1300 V,
44590928,3019483R,,Verbreiterung V 1300 V - 175R,26,175,15.0
44590927,3019483R,,Verbreiterung V 1300 V - 175R,55,,11.0
44590923,3019483L,,Verbreiterung V 1300 V - 175L,149,V 1300 V,
44590922,3019483L,,Verbreiterung V 1300 V - 175L,26,175,15.0
44590921,3019483L,,Verbreiterung V 1300 V - 175L,55,"130,00",11.0
44590917,3019483,,F80W,152,5-100,15.0
44590916,3019483,,F80W,52,Ja,
44590915,3019483,,F80W,148,Nein,
44590914,3019483,,F80W,132,Nein,
44590913,3019483,,F80W,127,Nein,
44590912,3019483,,F80W,89,1B40,
44590911,3019483,,F80W,88,"6,3",10.0
44590910,3019483,,F80W,87,Hatz,
44590909,3019483,,F80W,73,2869,15.0
44590908,3019483,,F80W,63,1652,15.0
44590907,3019483,,F80W,55,1150,11.0
44590906,3019483,,F80W,37,"1,65",14.0
44590905,3019483,,F80W,36,"0,25 - 1,30",14.0
44590904,3019483,,F80W,35,Nein,
44590903,3019483,,F80W,34,35,20.0
44590902,3019483,,F80W,30,Nein,
44590900,3019483,,F80W,27,mechanisch,
44590899,3019483,,F80W,26,1150,15.0
44590898,3019483,,F80W,149,V 1300 V,
44590897,3019483,,F80W,23,Nein,
44590896,3019483,,F80W,8,Nein,
44590895,3019483,,F80W,7,EPA,
44590894,3019483,,F80W,6,Stufe V,
44589353,TEL11287,,325-07B,112,Nein,
44589352,TEL11287,,325-07B,148,Ja,
44589351,TEL11287,,325-07B,137,Ja,
44589350,TEL11287,,325-07B,63,3078,15.0
44589349,TEL11287,,325-07B,141,Ja,
44589348,TEL11287,,325-07B,58,Ja,
44589347,TEL11287,,325-07B,88,129,10.0
44589346,TEL11287,,325-07B,87,Caterpillar,
44589345,TEL11287,,325-07B,69,Ja,
44589344,TEL11287,,325-07B,113,OQ 70/55,
44589343,TEL11287,,325-07B,30,Ja,
44589342,TEL11287,,325-07B,120,Nein,
44589341,TEL11287,,325-07B,107,Ja,
44589340,TEL11287,,325-07B,83,Nein,
44589339,TEL11287,,325-07B,24,600,15.0
44589338,TEL11287,,325-07B,55,26100,11.0
44589337,TEL11287,,325-07B,109,OilQuick,
44589336,TEL11287,,325-07B,57,Ja,
44589335,TEL11287,,325-07B,6,Stufe V,
44589334,TEL11287,,325-07B,7,Tier 4f,
44589333,TEL11287,,325-07B,110,,
44589332,TEL11287,,325-07B,73,4455,15.0
44589331,TEL11287,,325-07B,140,Ja,
44589330,TEL11287,,325-07B,23,Nein,
44589329,TEL11287,,325-07B,111,Ja,
44589328,TEL11287,,325-07B,26,3080,15.0
44589327,TEL11287,,325-07B,128,Nein,
44589326,TEL11287,,325-07B,89,C4.4 ACERT Common Rail Direkteinspritzung,
44589325,TEL11287,,325-07B,56,6700,15.0
44589324,TEL11287,,325-07B,106,Ja,
44589323,TEL11287,,325-07B,60,Ja,
44589322,TEL11287,,325-07B,78,2900,15.0
44588074,13100069,17950,W 100 Fi,45,1000,
44588073,13100069,17950,W 100 Fi,23,,
44588072,13100069,17950,W 100 Fi,8,,
44588071,13100069,17950,W 100 Fi,6,Stufe III B,
44588070,13100069,17950,W 100 Fi,142,,
44588069,13100069,17950,W 100 Fi,69,,
44588068,13100069,17950,W 100 Fi,26,2575,
44588067,13100069,17950,W 100 Fi,89,QSL 9,
44588066,13100069,17950,W 100 Fi,143,,
44588065,13100069,17950,W 100 Fi,46,,
44588064,13100069,17950,W 100 Fi,87,,
44588063,13100069,17950,W 100 Fi,55,18700,
44588062,13100069,17950,W 100 Fi,30,,
44588061,13100069,17950,W 100 Fi,77,,
44588060,13100069,17950,W 100 Fi,148,,
44588059,13100069,17950,W 100 Fi,9,,
44588058,13100069,17950,W 100 Fi,47,320,
44588057,13100069,17950,W 100 Fi,41,,
44588056,13100069,17950,W 100 Fi,73,10685,
44588055,13100069,17950,W 100 Fi,63,3000,
44588054,13100069,17950,W 100 Fi,144,,
44588053,13100069,17950,W 100 Fi,122,,
44588052,13100069,17950,W 100 Fi,88,224,
44588051,13100069,17950,W 100 Fi,61,,
44588050,13100069,17950,W 100 Fi,7,Tier 4,
44578923,55VB7445L,,Verbreiterung - AB 600-3 TV - 750L,149,AB 600-3 TV,
44578922,55VB7445L,,Verbreiterung - AB 600-3 TV - 750L,26,750,
44578914,14824175,18076,Super 1800-3i,152,bis 30,15.0
44578913,14824175,18076,Super 1800-3i,52,Nein,
44578912,14824175,18076,Super 1800-3i,38,"8,00",14.0
44578911,14824175,18076,Super 1800-3i,37,"6,00",14.0
44578910,14824175,18076,Super 1800-3i,36,"3,00",14.0
44578909,14824175,18076,Super 1800-3i,149,AB 600-3 TV,
44578908,14824175,18076,Super 1800-3i,73,6500,15.0
44578907,14824175,18076,Super 1800-3i,89,B6.7-C173,
44578906,14824175,18076,Super 1800-3i,88,129,10.0
44578904,14824175,18076,Super 1800-3i,35,Ja,
44578903,14824175,18076,Super 1800-3i,127,Ja,
44578902,14824175,18076,Super 1800-3i,148,Ja,
44578901,14824175,18076,Super 1800-3i,8,Ja,
44578900,14824175,18076,Super 1800-3i,26,2550,15.0
44578898,14824175,18076,Super 1800-3i,63,3100,15.0
44578897,14824175,18076,Super 1800-3i,87,Cummins,
44578896,14824175,18076,Super 1800-3i,27,hydraulisch,
44578895,14824175,18076,Super 1800-3i,23,Nein,
44578894,14824175,18076,Super 1800-3i,132,Ja,
44578893,14824175,18076,Super 1800-3i,34,700,20.0
44578892,14824175,18076,Super 1800-3i,30,Ja,
44578890,14824175,18076,Super 1800-3i,55,20000,11.0
44574033,14110574,,Super 1300-3i,152,bis 25,15.0
44574032,14110574,,Super 1300-3i,52,Nein,
44574031,14110574,,Super 1300-3i,38,"4,50",14.0
44574030,14110574,,Super 1300-3i,37,"4,50",14.0
44574029,14110574,,Super 1300-3i,36,"1,80 - 3,40",14.0
44574028,14110574,,Super 1300-3i,149,AB 340-3 TV,
44574027,14110574,,Super 1300-3i,73,4950,15.0
44574026,14110574,,Super 1300-3i,89,TCD 3.6 L4,
44574025,14110574,,Super 1300-3i,88,"74,4",10.0
44574023,14110574,,Super 1300-3i,35,Ja,
44574022,14110574,,Super 1300-3i,127,Nein,
44574021,14110574,,Super 1300-3i,148,Ja,
44574020,14110574,,Super 1300-3i,8,Nein,
44574019,14110574,,Super 1300-3i,26,1850,15.0
44574017,14110574,,Super 1300-3i,63,3000,15.0
44574016,14110574,,Super 1300-3i,87,Deutz,
44574015,14110574,,Super 1300-3i,27,mechanisch,
44574014,14110574,,Super 1300-3i,23,Nein,
44574013,14110574,,Super 1300-3i,132,Ja,
44574012,14110574,,Super 1300-3i,34,350,20.0
44574011,14110574,,Super 1300-3i,30,Ja,
44574009,14110574,,Super 1300-3i,55,10850,11.0
44546733,DEQ216638,,MG 500 R,14,170,6.0
44546732,DEQ216638,,MG 500 R,154,5 - 9,19.0
44546731,DEQ216638,,MG 500 R,63,892,15.0
44546730,DEQ216638,,MG 500 R,113,OQ 60-5,
44546729,DEQ216638,,MG 500 R,110,,
44546728,DEQ216638,,MG 500 R,73,1585,15.0
44546727,DEQ216638,,MG 500 R,55,460,11.0
44546726,DEQ216638,,MG 500 R,114,700,15.0
44546725,DEQ216638,,MG 500 R,109,OilQuick,
44546724,DEQ216638,,MG 500 R,112,,
44546723,DEQ216638,,MG 500 R,26,705,15.0
44546722,DEQ216638,,MG 500 R,23,,
44546721,DEQ216638,,MG 500 R,111,,
44546496,DEQ226039,,MG 1500 R,14,170,6.0
44546495,DEQ226039,,MG 1500 R,154,16 - 24,19.0
44546494,DEQ226039,,MG 1500 R,63,1478,15.0
44546493,DEQ226039,,MG 1500 R,113,OQ 70/55,
44546491,DEQ226039,,MG 1500 R,73,2014,15.0
44546490,DEQ226039,,MG 1500 R,55,1700,11.0
44546489,DEQ226039,,MG 1500 R,114,1020,15.0
44546488,DEQ226039,,MG 1500 R,109,OilQuick,
44546487,DEQ226039,,MG 1500 R,112,Nein,
44546486,DEQ226039,,MG 1500 R,26,1030,15.0
44546485,DEQ226039,,MG 1500 R,23,Nein,
44546484,DEQ226039,,MG 1500 R,111,Ja,
44546317,BES156497,,SB 452,151,55 - 100,13.0
44546316,BES156497,,SB 452,14,100 - 150,6.0
44546315,BES156497,,SB 452,154,"6,5 - 13",19.0
44546314,BES156497,,SB 452,109,OilQuick,
44546313,BES156497,,SB 452,112,Nein,
44546312,BES156497,,SB 452,23,Nein,
44546311,BES156497,,SB 452,73,1319,15.0
44546310,BES156497,,SB 452,63,600,15.0
44546309,BES156497,,SB 452,111,Ja,
44546308,BES156497,,SB 452,113,OQ 60-5,
44546307,BES156497,,SB 452,110,,
44546306,BES156497,,SB 452,55,440,11.0
44546305,BES156497,,SB 452,26,650,15.0
44472309,42401,17939,132 EC-H 8 Litronic,53,,19.0
44472308,42401,17939,132 EC-H 8 Litronic,146,,
44472307,42401,17939,132 EC-H 8 Litronic,69,,
44472306,42401,17939,132 EC-H 8 Litronic,19,,14.0
44472305,42401,17939,132 EC-H 8 Litronic,148,,
44472304,42401,17939,132 EC-H 8 Litronic,48,,3.0
44472303,42401,17939,132 EC-H 8 Litronic,93,,5.0
44472302,42401,17939,132 EC-H 8 Litronic,18,,14.0
44472301,42401,17939,132 EC-H 8 Litronic,131,,11.0
44472300,42401,17939,132 EC-H 8 Litronic,59,,14.0
44472299,42401,17939,132 EC-H 8 Litronic,66,,
44472298,42401,17939,132 EC-H 8 Litronic,94,,2.0
44472297,42401,17939,132 EC-H 8 Litronic,130,,11.0
44472296,42401,17939,132 EC-H 8 Litronic,76,,10.0
44472295,42401,17939,132 EC-H 8 Litronic,133,,
44472294,42401,17939,132 EC-H 8 Litronic,5,,
44472293,42401,17939,132 EC-H 8 Litronic,50,,
44469557,101880561104,,BW 100 AD-5,148,Ja,
44469556,101880561104,,BW 100 AD-5,136,Nein,
44469555,101880561104,,BW 100 AD-5,96,Nein,
44469554,101880561104,,BW 100 AD-5,89,D1803,
44469553,101880561104,,BW 100 AD-5,88,"24,6",10.0
44469552,101880561104,,BW 100 AD-5,87,Kubota,
44469551,101880561104,,BW 100 AD-5,73,2529,15.0
44469550,101880561104,,BW 100 AD-5,70,Ja,
44469549,101880561104,,BW 100 AD-5,69,Nein,
44469548,101880561104,,BW 100 AD-5,67,1,18.0
44469547,101880561104,,BW 100 AD-5,63,1808,15.0
44469546,101880561104,,BW 100 AD-5,55,2550,11.0
44469545,101880561104,,BW 100 AD-5,54,Nein,
44469544,101880561104,,BW 100 AD-5,30,Ja,
44469543,101880561104,,BW 100 AD-5,26,1072,15.0
44469542,101880561104,,BW 100 AD-5,23,Nein,
44469541,101880561104,,BW 100 AD-5,16,Nein,
44469540,101880561104,,BW 100 AD-5,13,1000,15.0
44469539,101880561104,,BW 100 AD-5,7,Tier 4f,
44469538,101880561104,,BW 100 AD-5,6,Stufe V,
44452988,65VB1067R,,Verbreiterung - AB 220-3 TV - 500R,149,AB 220-3 TV,
44452987,65VB1067R,,Verbreiterung - AB 220-3 TV - 500R,26,500,15.0
44452983,65VB1067L,,Verbreiterung - AB 220-3 TV - 500L,149,AB 220-3 TV,
44452982,65VB1067L,,Verbreiterung - AB 220-3 TV - 500L,26,500,15.0
44452978,09900649,,Super 800i,152,bis 20,15.0
44452977,09900649,,Super 800i,52,Nein,
44452976,09900649,,Super 800i,38,"3,2",14.0
44452975,09900649,,Super 800i,37,"2,2",14.0
44452974,09900649,,Super 800i,36,,14.0
44452973,09900649,,Super 800i,149,AB 220-3 TV,
44452972,09900649,,Super 800i,73,4760,15.0
44452971,09900649,,Super 800i,89,TCD 2.9 L4,
44452970,09900649,,Super 800i,88,"55,4",10.0
44452968,09900649,,Super 800i,35,,
44452967,09900649,,Super 800i,127,,
44452966,09900649,,Super 800i,148,Nein,
44452965,09900649,,Super 800i,8,,
44452964,09900649,,Super 800i,26,1400,15.0
44452963,09900649,,Super 800i,7,Tier 4f,
44452962,09900649,,Super 800i,63,1980,15.0
44452961,09900649,,Super 800i,87,Deutz,
44452960,09900649,,Super 800i,27,mechanisch,
44452959,09900649,,Super 800i,23,,
44452958,09900649,,Super 800i,132,Nein,
44452957,09900649,,Super 800i,34,,20.0
44452956,09900649,,Super 800i,30,Ja,
44452955,09900649,,Super 800i,6,Stufe V,
44452954,09900649,,Super 800i,55,,11.0
44405804,WHG0H274CHAA00172,,HD+ 140i VV,69,Ja,
44405803,WHG0H274CHAA00172,,HD+ 140i VV,88,115,10.0
44405802,WHG0H274CHAA00172,,HD+ 140i VV,54,Nein,
44405801,WHG0H274CHAA00172,,HD+ 140i VV,30,Ja,
44405800,WHG0H274CHAA00172,,HD+ 140i VV,13,2310,15.0
44405799,WHG0H274CHAA00172,,HD+ 140i VV,23,Nein,
44405798,WHG0H274CHAA00172,,HD+ 140i VV,73,5300,15.0
44405797,WHG0H274CHAA00172,,HD+ 140i VV,63,2980,15.0
44405796,WHG0H274CHAA00172,,HD+ 140i VV,135,,11.0
44405795,WHG0H274CHAA00172,,HD+ 140i VV,70,Ja,
44405794,WHG0H274CHAA00172,,HD+ 140i VV,67,0,18.0
44405793,WHG0H274CHAA00172,,HD+ 140i VV,87,Deutz,
44405792,WHG0H274CHAA00172,,HD+ 140i VV,96,Nein,
44405791,WHG0H274CHAA00172,,HD+ 140i VV,26,2310,15.0
44405790,WHG0H274CHAA00172,,HD+ 140i VV,89,TCD 4.1 L4,
44405789,WHG0H274CHAA00172,,HD+ 140i VV,55,12985,11.0
44405788,WHG0H274CHAA00172,,HD+ 140i VV,6,Stufe V,
44405787,WHG0H274CHAA00172,,HD+ 140i VV,148,,
44405786,WHG0H274CHAA00172,,HD+ 140i VV,7,Tier 4,
44405785,WHG0H274CHAA00172,,HD+ 140i VV,16,Ja,
44405784,WHG0H274CHAA00172,,HD+ 140i VV,136,Ja,
44344994,14821751,,Super 1800-3i,152,bis 30,15.0
44344993,14821751,,Super 1800-3i,52,,
44344992,14821751,,Super 1800-3i,38,,14.0
44344991,14821751,,Super 1800-3i,37,,14.0
44344990,14821751,,Super 1800-3i,36,,14.0
44344989,14821751,,Super 1800-3i,149,,
44344988,14821751,,Super 1800-3i,73,,15.0
44344987,14821751,,Super 1800-3i,89,B6.7-C173,
44344986,14821751,,Super 1800-3i,88,129,10.0
44344984,14821751,,Super 1800-3i,35,,
44344983,14821751,,Super 1800-3i,127,,
44344982,14821751,,Super 1800-3i,148,,
44344981,14821751,,Super 1800-3i,8,,
44344980,14821751,,Super 1800-3i,26,2550,15.0
44344979,14821751,,Super 1800-3i,7,,
44344978,14821751,,Super 1800-3i,63,3100,15.0
44344977,14821751,,Super 1800-3i,87,Cummins,
44344976,14821751,,Super 1800-3i,27,,
44344975,14821751,,Super 1800-3i,23,,
44344974,14821751,,Super 1800-3i,132,,
44344973,14821751,,Super 1800-3i,34,700,20.0
44344972,14821751,,Super 1800-3i,30,,
44344971,14821751,,Super 1800-3i,6,,
44344970,14821751,,Super 1800-3i,55,,11.0
44342570,101587381049,,BW 177 D-5,96,,
44342569,101587381049,,BW 177 D-5,136,,
44342568,101587381049,,BW 177 D-5,73,4550,15.0
44342567,101587381049,,BW 177 D-5,7,Tier 4f,
44342566,101587381049,,BW 177 D-5,63,2800,15.0
44342565,101587381049,,BW 177 D-5,148,,
44342564,101587381049,,BW 177 D-5,55,6600,11.0
44342563,101587381049,,BW 177 D-5,88,"55,4",10.0
44342562,101587381049,,BW 177 D-5,6,Stufe V,
44342561,101587381049,,BW 177 D-5,30,Nein,
44342560,101587381049,,BW 177 D-5,69,,
44342559,101587381049,,BW 177 D-5,26,1820,15.0
44342558,101587381049,,BW 177 D-5,123,,1.0
44342557,101587381049,,BW 177 D-5,135,,11.0
44342556,101587381049,,BW 177 D-5,13,1690,15.0
44342555,101587381049,,BW 177 D-5,23,,
44342554,101587381049,,BW 177 D-5,87,Kubota,
44342553,101587381049,,BW 177 D-5,89,V3307 CR-T,
44288465,55VB7364L,,Verbreiterung - AB 600-3 TV - 750L,149,AB 600-3 TV,
44288464,55VB7364L,,Verbreiterung - AB 600-3 TV - 750L,26,750,
44288456,08192541,,Super 1900-3i,152,bis 40,15.0
44288455,08192541,,Super 1900-3i,52,Nein,
44288454,08192541,,Super 1900-3i,38,"9,50",14.0
44288453,08192541,,Super 1900-3i,37,"9,50",14.0
44288452,08192541,,Super 1900-3i,36,"3,00 - 6,00",14.0
44288451,08192541,,Super 1900-3i,149,AB 600-3 TV,
44288450,08192541,,Super 1900-3i,73,7000,15.0
44288449,08192541,,Super 1900-3i,89,B6.7-C195,
44288448,08192541,,Super 1900-3i,88,145,10.0
44288446,08192541,,Super 1900-3i,35,Ja,
44288445,08192541,,Super 1900-3i,127,Ja,
44288444,08192541,,Super 1900-3i,148,Ja,
44288443,08192541,,Super 1900-3i,8,Ja,
44288442,08192541,,Super 1900-3i,26,2550,15.0
44288440,08192541,,Super 1900-3i,63,3100,15.0
44288439,08192541,,Super 1900-3i,87,Cummins,
44288438,08192541,,Super 1900-3i,27,hydraulisch,
44288437,08192541,,Super 1900-3i,23,Nein,
44288436,08192541,,Super 1900-3i,132,Ja,
44288435,08192541,,Super 1900-3i,34,900,20.0
44288434,08192541,,Super 1900-3i,30,Ja,
44288432,08192541,,Super 1900-3i,55,21450,11.0
44287005,CAT3035EVRKYO06588,,CAT 303.5CR-07A,128,,
44287004,CAT3035EVRKYO06588,,CAT 303.5CR-07A,60,,
44287003,CAT3035EVRKYO06588,,CAT 303.5CR-07A,110,,
44287002,CAT3035EVRKYO06588,,CAT 303.5CR-07A,78,,15.0
44287001,CAT3035EVRKYO06588,,CAT 303.5CR-07A,141,,
44287000,CAT3035EVRKYO06588,,CAT 303.5CR-07A,26,1780,15.0
44286999,CAT3035EVRKYO06588,,CAT 303.5CR-07A,73,4800,15.0
44286998,CAT3035EVRKYO06588,,CAT 303.5CR-07A,58,,
44286997,CAT3035EVRKYO06588,,CAT 303.5CR-07A,106,,
44286996,CAT3035EVRKYO06588,,CAT 303.5CR-07A,23,,
44286995,CAT3035EVRKYO06588,,CAT 303.5CR-07A,137,,
44286994,CAT3035EVRKYO06588,,CAT 303.5CR-07A,63,2480,15.0
44286993,CAT3035EVRKYO06588,,CAT 303.5CR-07A,145,Nein,
44286992,CAT3035EVRKYO06588,,CAT 303.5CR-07A,111,,
44286991,CAT3035EVRKYO06588,,CAT 303.5CR-07A,56,,15.0
44286990,CAT3035EVRKYO06588,,CAT 303.5CR-07A,7,Tier 4f,
44286989,CAT3035EVRKYO06588,,CAT 303.5CR-07A,140,,
44286988,CAT3035EVRKYO06588,,CAT 303.5CR-07A,87,Caterpillar,
44286987,CAT3035EVRKYO06588,,CAT 303.5CR-07A,6,Stufe V,
44286986,CAT3035EVRKYO06588,,CAT 303.5CR-07A,66,Ja,
44286985,CAT3035EVRKYO06588,,CAT 303.5CR-07A,112,,
44286984,CAT3035EVRKYO06588,,CAT 303.5CR-07A,148,,
44286983,CAT3035EVRKYO06588,,CAT 303.5CR-07A,120,,
44286982,CAT3035EVRKYO06588,,CAT 303.5CR-07A,30,,
44286981,CAT3035EVRKYO06588,,CAT 303.5CR-07A,113,,
44286980,CAT3035EVRKYO06588,,CAT 303.5CR-07A,109,,
44286979,CAT3035EVRKYO06588,,CAT 303.5CR-07A,108,,
44286978,CAT3035EVRKYO06588,,CAT 303.5CR-07A,69,,
44286977,CAT3035EVRKYO06588,,CAT 303.5CR-07A,88,"17,6",10.0
44286976,CAT3035EVRKYO06588,,CAT 303.5CR-07A,89,C1.7,
44286975,CAT3035EVRKYO06588,,CAT 303.5CR-07A,57,,
44286974,CAT3035EVRKYO06588,,CAT 303.5CR-07A,55,3480,11.0
44276595,55VB7367L,,Verbreiterung - AB 600-3 TV - 750L,149,AB 600-3 TV,
44276594,55VB7367L,,Verbreiterung - AB 600-3 TV - 750L,26,750,
44276593,55VB7367L,,Verbreiterung - AB 600-3 TV - 750L,55,,
44276592,55VB7367L,,Verbreiterung - AB 600-3 TV - 750L,23,,
44276591,55VB7367L,,Verbreiterung - AB 600-3 TV - 750L,73,,
44276590,55VB7367L,,Verbreiterung - AB 600-3 TV - 750L,63,,
44276586,14824098,,Super 1800-3i,152,bis 30,15.0
44276585,14824098,,Super 1800-3i,52,,
44276584,14824098,,Super 1800-3i,38,,14.0
44276583,14824098,,Super 1800-3i,37,,14.0
44276582,14824098,,Super 1800-3i,36,,14.0
44276581,14824098,,Super 1800-3i,149,AB 600-3 TV,
44276580,14824098,,Super 1800-3i,73,,15.0
44276579,14824098,,Super 1800-3i,89,B6.7-C173,
44276578,14824098,,Super 1800-3i,88,129,10.0
44276576,14824098,,Super 1800-3i,35,,
44276575,14824098,,Super 1800-3i,127,,
44276574,14824098,,Super 1800-3i,148,,
44276573,14824098,,Super 1800-3i,8,,
44276572,14824098,,Super 1800-3i,26,2550,15.0
44276571,14824098,,Super 1800-3i,7,Tier 4f,
44276570,14824098,,Super 1800-3i,63,3100,15.0
44276569,14824098,,Super 1800-3i,87,Cummins,
44276568,14824098,,Super 1800-3i,27,hydraulisch,
44276567,14824098,,Super 1800-3i,23,,
44276566,14824098,,Super 1800-3i,132,Ja,
44276565,14824098,,Super 1800-3i,34,700,20.0
44276564,14824098,,Super 1800-3i,30,,
44276563,14824098,,Super 1800-3i,6,Stufe V,
44276562,14824098,,Super 1800-3i,55,,11.0
44272523,101587191329,,BW 213 D-5,96,,
44272522,101587191329,,BW 213 D-5,136,,
44272521,101587191329,,BW 213 D-5,73,5870,15.0
44272520,101587191329,,BW 213 D-5,7,Tier 4f,
44272519,101587191329,,BW 213 D-5,63,2990,15.0
44272518,101587191329,,BW 213 D-5,148,Nein,
44272517,101587191329,,BW 213 D-5,55,12600,11.0
44272516,101587191329,,BW 213 D-5,88,95,10.0
44272515,101587191329,,BW 213 D-5,6,Stufe IV,
44272514,101587191329,,BW 213 D-5,30,Nein,
44272513,101587191329,,BW 213 D-5,69,,
44272512,101587191329,,BW 213 D-5,26,2270,15.0
44272511,101587191329,,BW 213 D-5,123,43,1.0
44272510,101587191329,,BW 213 D-5,135,,11.0
44272509,101587191329,,BW 213 D-5,13,2130,15.0
44272508,101587191329,,BW 213 D-5,23,Nein,
44272507,101587191329,,BW 213 D-5,87,Deutz,
44272506,101587191329,,BW 213 D-5,89,TCD 3.6 L4,
44258733,20067791,,SRV 590-II,73,740,15.0
44258732,20067791,,SRV 590-II,88,"2,6",10.0
44258730,20067791,,SRV 590-II,63,1025,15.0
44258729,20067791,,SRV 590-II,87,Honda,
44258728,20067791,,SRV 590-II,26,350,15.0
44258727,20067791,,SRV 590-II,89,GXR 120,
44258726,20067791,,SRV 590-II,13,280,15.0
44258725,20067791,,SRV 590-II,84,Ja,
44258724,20067791,,SRV 590-II,85,Nein,
44258722,20067791,,SRV 590-II,55,62,11.0
44258718,20067786,,SRV 590-II,73,740,15.0
44258717,20067786,,SRV 590-II,88,"2,6",10.0
44258715,20067786,,SRV 590-II,63,1025,15.0
44258714,20067786,,SRV 590-II,87,Honda,
44258713,20067786,,SRV 590-II,26,350,15.0
44258712,20067786,,SRV 590-II,89,GXR 120,
44258711,20067786,,SRV 590-II,13,280,15.0
44258710,20067786,,SRV 590-II,84,Ja,
44258709,20067786,,SRV 590-II,85,Nein,
44258707,20067786,,SRV 590-II,55,62,11.0
44258703,20068599,,CR 7 MDM,87,Hatz,
44258701,20068599,,CR 7 MDM,88,"5,8",10.0
44258700,20068599,,CR 7 MDM,136,Nein,
44258699,20068599,,CR 7 MDM,39,Ja,
44258698,20068599,,CR 7 MDM,29,Ja,
44258697,20068599,,CR 7 MDM,55,477,11.0
44258696,20068599,,CR 7 MDM,89,1 B 40,
44258695,20068599,,CR 7 MDM,73,1710,15.0
44258694,20068599,,CR 7 MDM,13,650,15.0
44258693,20068599,,CR 7 MDM,85,Ja,
44258692,20068599,,CR 7 MDM,26,650,15.0
44258691,20068599,,CR 7 MDM,138,Ja,
44258690,20068599,,CR 7 MDM,104,Ja,
44258688,20068599,,CR 7 MDM,63,1160,15.0
44258687,20068599,,CR 7 MDM,84,Nein,
44258686,20068599,,CR 7 MDM,139,Ja,
44242791,2202083,,TL 600,154,"2,5 - 3,8",19.0
44242790,2202083,,TL 600,110,QC03,
44242789,2202083,,TL 600,26,600,15.0
44242788,2202083,,TL 600,65,"0,116",16.0
44242787,2202083,,TL 600,73,,15.0
44242786,2202083,,TL 600,147,Mini-Z 2,
44242785,2202083,,TL 600,12,4,18.0
44242784,2202083,,TL 600,109,Henle,
44242783,2202083,,TL 600,63,,15.0
44242782,2202083,,TL 600,55,,11.0
44242781,2202083,,TL 600,114,600,15.0
44242777,2202082,,TL 600,154,"2,5 - 3,8",19.0
44242776,2202082,,TL 600,110,QC03,
44242775,2202082,,TL 600,26,600,15.0
44242774,2202082,,TL 600,65,"0,116",16.0
44242773,2202082,,TL 600,73,810,15.0
44242772,2202082,,TL 600,147,Mini-Z 2,
44242771,2202082,,TL 600,12,4,18.0
44242770,2202082,,TL 600,109,Henle,
44242769,2202082,,TL 600,63,600,15.0
44242768,2202082,,TL 600,55,100,11.0
44242767,2202082,,TL 600,114,600,15.0
44242763,2202053,,GRL 800,154,"0,1 - 1,0",19.0
44242762,2202053,,GRL 800,114,800,15.0
44242761,2202053,,GRL 800,55,,11.0
44242760,2202053,,GRL 800,63,,15.0
44242759,2202053,,GRL 800,65,"0,038",16.0
44242758,2202053,,GRL 800,23,,
44242757,2202053,,GRL 800,73,,15.0
44242756,2202053,,GRL 800,26,800,15.0
44242755,2202053,,GRL 800,109,Henle,
44242754,2202053,,GRL 800,110,QC01,
44242750,2202052,,GRL 800,154,"0,1 - 1,0",19.0
44242749,2202052,,GRL 800,114,800,15.0
44242748,2202052,,GRL 800,55,40,11.0
44242747,2202052,,GRL 800,63,51,15.0
44242746,2202052,,GRL 800,65,"0,038",16.0
44242744,2202052,,GRL 800,73,330,15.0
44242743,2202052,,GRL 800,26,800,15.0
44242742,2202052,,GRL 800,109,Henle,
44242741,2202052,,GRL 800,110,QC01,
44242737,2202051,,GRL 800,154,"0,1 - 1,0",19.0
44242736,2202051,,GRL 800,114,800,15.0
44242735,2202051,,GRL 800,55,,11.0
44242734,2202051,,GRL 800,63,,15.0
44242733,2202051,,GRL 800,65,"0,038",16.0
44242732,2202051,,GRL 800,23,,
44242731,2202051,,GRL 800,73,,15.0
44242730,2202051,,GRL 800,26,800,15.0
44242729,2202051,,GRL 800,109,Henle,
44242728,2202051,,GRL 800,110,QC01,
44240063,WCA1C201021480054,17947,C 38 G,89,,
44240062,WCA1C201021480054,17947,C 38 G,7,,
44240061,WCA1C201021480054,17947,C 38 G,55,,11.0
44240060,WCA1C201021480054,17947,C 38 G,73,,15.0
44240059,WCA1C201021480054,17947,C 38 G,33,,6.0
44240058,WCA1C201021480054,17947,C 38 G,87,,
44240057,WCA1C201021480054,17947,C 38 G,29,,
44240056,WCA1C201021480054,17947,C 38 G,14,,6.0
44240055,WCA1C201021480054,17947,C 38 G,6,,
44240054,WCA1C201021480054,17947,C 38 G,30,,
44240053,WCA1C201021480054,17947,C 38 G,88,,10.0
44240052,WCA1C201021480054,17947,C 38 G,63,,15.0
44240051,WCA1C201021480054,17947,C 38 G,23,,
44240050,WCA1C201021480054,17947,C 38 G,26,,15.0
44240043,101870622079,17944,BW 154 ACP-4 AM,135,,11.0
44240042,101870622079,17944,BW 154 ACP-4 AM,26,,15.0
44240041,101870622079,17944,BW 154 ACP-4 AM,7,,
44240040,101870622079,17944,BW 154 ACP-4 AM,88,,10.0
44240039,101870622079,17944,BW 154 ACP-4 AM,6,,
44240038,101870622079,17944,BW 154 ACP-4 AM,54,,
44240037,101870622079,17944,BW 154 ACP-4 AM,30,,
44240036,101870622079,17944,BW 154 ACP-4 AM,63,,15.0
44240035,101870622079,17944,BW 154 ACP-4 AM,73,,15.0
44240034,101870622079,17944,BW 154 ACP-4 AM,13,,15.0
44240033,101870622079,17944,BW 154 ACP-4 AM,148,,
44240032,101870622079,17944,BW 154 ACP-4 AM,16,,
44240031,101870622079,17944,BW 154 ACP-4 AM,70,,
44240030,101870622079,17944,BW 154 ACP-4 AM,136,,
44240029,101870622079,17944,BW 154 ACP-4 AM,23,,
44240028,101870622079,17944,BW 154 ACP-4 AM,69,,
44240027,101870622079,17944,BW 154 ACP-4 AM,89,,
44240026,101870622079,17944,BW 154 ACP-4 AM,87,,
44240025,101870622079,17944,BW 154 ACP-4 AM,96,,
44240024,101870622079,17944,BW 154 ACP-4 AM,55,,11.0
44240023,101870622079,17944,BW 154 ACP-4 AM,67,,18.0
44240019,101870602235,17945,BW 154 AP-4 AM,69,,
44240018,101870602235,17945,BW 154 AP-4 AM,88,,10.0
44240017,101870602235,17945,BW 154 AP-4 AM,54,,
44240016,101870602235,17945,BW 154 AP-4 AM,30,,
44240015,101870602235,17945,BW 154 AP-4 AM,13,,15.0
44240014,101870602235,17945,BW 154 AP-4 AM,23,,
44240013,101870602235,17945,BW 154 AP-4 AM,73,,15.0
44240012,101870602235,17945,BW 154 AP-4 AM,63,,15.0
44240011,101870602235,17945,BW 154 AP-4 AM,135,,11.0
44240010,101870602235,17945,BW 154 AP-4 AM,70,,
44240009,101870602235,17945,BW 154 AP-4 AM,67,,18.0
44240008,101870602235,17945,BW 154 AP-4 AM,87,,
44240007,101870602235,17945,BW 154 AP-4 AM,96,,
44240006,101870602235,17945,BW 154 AP-4 AM,26,,15.0
44240005,101870602235,17945,BW 154 AP-4 AM,89,,
44240004,101870602235,17945,BW 154 AP-4 AM,55,,11.0
44240003,101870602235,17945,BW 154 AP-4 AM,6,,
44240002,101870602235,17945,BW 154 AP-4 AM,148,,
44240001,101870602235,17945,BW 154 AP-4 AM,7,,
44240000,101870602235,17945,BW 154 AP-4 AM,16,,
44239999,101870602235,17945,BW 154 AP-4 AM,136,,
44208532,101870161006,,BW 154 APO-4i,69,,
44208531,101870161006,,BW 154 APO-4i,88,"55,4",10.0
44208530,101870161006,,BW 154 APO-4i,54,Ja,
44208529,101870161006,,BW 154 APO-4i,30,Nein,
44208528,101870161006,,BW 154 APO-4i,13,1600,15.0
44208527,101870161006,,BW 154 APO-4i,23,Nein,
44208526,101870161006,,BW 154 APO-4i,73,3990,15.0
44208525,101870161006,,BW 154 APO-4i,63,2955,15.0
44208524,101870161006,,BW 154 APO-4i,135,,11.0
44208523,101870161006,,BW 154 APO-4i,70,Nein,
44208522,101870161006,,BW 154 APO-4i,67,1,18.0
44208521,101870161006,,BW 154 APO-4i,87,Kubota,
44208520,101870161006,,BW 154 APO-4i,96,Ja,
44208519,101870161006,,BW 154 APO-4i,26,1665,15.0
44208518,101870161006,,BW 154 APO-4i,89,V3307 CR-T,
44208517,101870161006,,BW 154 APO-4i,55,7300,11.0
44208516,101870161006,,BW 154 APO-4i,6,Stufe V,
44208515,101870161006,,BW 154 APO-4i,148,Nein,
44208514,101870161006,,BW 154 APO-4i,7,Tier 4f,
44208513,101870161006,,BW 154 APO-4i,16,Nein,
44208512,101870161006,,BW 154 APO-4i,136,Ja,
44190967,2203194,,SL 1200,154,"8,5 - 12",19.0
44190966,2203194,,SL 1200,114,1200,15.0
44190965,2203194,,SL 1200,109,OilQuick,
44190964,2203194,,SL 1200,147,CAT J300,
44190963,2203194,,SL 1200,65,"0,57",16.0
44190962,2203194,,SL 1200,12,5,18.0
44190961,2203194,,SL 1200,26,1200,15.0
44190960,2203194,,SL 1200,113,OQ 60-5,
44190959,2203194,,SL 1200,63,,15.0
44190958,2203194,,SL 1200,55,,11.0
44190957,2203194,,SL 1200,73,,15.0
44190956,2203194,,SL 1200,71,,15.0
44190952,2202091,,GRL 1600,154,"6,5 - 8,5",19.0
44190951,2202091,,GRL 1600,114,1600,15.0
44190950,2202091,,GRL 1600,55,,11.0
44190949,2202091,,GRL 1600,63,,15.0
44190948,2202091,,GRL 1600,65,"0,359",16.0
44190947,2202091,,GRL 1600,23,,
44190946,2202091,,GRL 1600,73,,15.0
44190945,2202091,,GRL 1600,26,1600,15.0
44190944,2202091,,GRL 1600,109,OilQuick,
44190943,2202091,,GRL 1600,113,OQ 60-5,
44190939,2202090,,GRL 1600,154,"6,5 - 8,5",19.0
44190938,2202090,,GRL 1600,114,1600,15.0
44190937,2202090,,GRL 1600,55,,11.0
44190936,2202090,,GRL 1600,63,,15.0
44190935,2202090,,GRL 1600,65,"0,359",16.0
44190934,2202090,,GRL 1600,23,,
44190933,2202090,,GRL 1600,73,,15.0
44190932,2202090,,GRL 1600,26,1600,15.0
44190931,2202090,,GRL 1600,109,OilQuick,
44190930,2202090,,GRL 1600,113,OQ 60-5,
44190926,2203193,,TL 1200,147,CAT J300,
44190925,2203193,,TL 1200,114,1200,15.0
44190924,2203193,,TL 1200,113,OQ 60-5,
44190923,2203193,,TL 1200,65,"0,57",16.0
44190922,2203193,,TL 1200,55,500,11.0
44190921,2203193,,TL 1200,26,1200,15.0
44190920,2203193,,TL 1200,12,6,18.0
44190916,2203192,,TL 1000,147,CAT J250,
44190914,2203192,,TL 1000,65,"0,48",16.0
44190913,2203192,,TL 1000,55,400,11.0
44190912,2203192,,TL 1000,26,1000,15.0
44190911,2203192,,TL 1000,12,5,18.0
44190906,2203195,,TL 800,147,CAT J250,
44190905,2203195,,TL 800,114,800,15.0
44190903,2203195,,TL 800,65,"0,38",16.0
44190902,2203195,,TL 800,55,300,11.0
44190901,2203195,,TL 800,26,800,15.0
44190900,2203195,,TL 800,12,0,18.0
44190893,2203190,,TL 600,147,CAT J250,
44190892,2203190,,TL 600,114,600,15.0
44190891,2203190,,TL 600,113,OQ 60-5,
44190890,2203190,,TL 600,65,"0,29",16.0
44190889,2203190,,TL 600,26,600,15.0
44190888,2203190,,TL 600,55,250,11.0
44190887,2203190,,TL 600,12,0,18.0
44190883,2203191,,TL 600,147,CAT J250,
44190882,2203191,,TL 600,114,600,15.0
44190881,2203191,,TL 600,113,OQ 60-5,
44190880,2203191,,TL 600,65,"0,29",16.0
44190879,2203191,,TL 600,26,600,15.0
44190878,2203191,,TL 600,55,250,11.0
44190877,2203191,,TL 600,12,0,18.0
44190870,2203189,,TL 500,154,"8,5 - 12",19.0
44190869,2203189,,TL 500,26,500,15.0
44190868,2203189,,TL 500,65,"0,24",16.0
44190867,2203189,,TL 500,73,1240,15.0
44190866,2203189,,TL 500,147,CAT J250,
44190865,2203189,,TL 500,12,0,18.0
44190864,2203189,,TL 500,113,OQ 60-5,
44190863,2203189,,TL 500,109,OilQuick,
44190862,2203189,,TL 500,63,890,15.0
44190861,2203189,,TL 500,55,260,11.0
44190860,2203189,,TL 500,114,500,15.0
44190853,2202089,,SL 1000,154,"2,5 - 3,8",19.0
44190852,2202089,,SL 1000,114,1000,15.0
44190851,2202089,,SL 1000,110,QC03,
44190850,2202089,,SL 1000,109,Henle,
44190849,2202089,,SL 1000,147,Mini-Z 2,
44190848,2202089,,SL 1000,65,"0,208",16.0
44190847,2202089,,SL 1000,12,5,18.0
44190846,2202089,,SL 1000,26,1000,15.0
44190845,2202089,,SL 1000,63,600,15.0
44190844,2202089,,SL 1000,55,170,11.0
44190843,2202089,,SL 1000,73,770,15.0
44190838,2202087,,GRL 1400 starr,154,"2,5 - 3,8",19.0
44190837,2202087,,GRL 1400 starr,114,1400,15.0
44190836,2202087,,GRL 1400 starr,55,,11.0
44190835,2202087,,GRL 1400 starr,63,,15.0
44190834,2202087,,GRL 1400 starr,65,"0,191",16.0
44190832,2202087,,GRL 1400 starr,73,,15.0
44190831,2202087,,GRL 1400 starr,26,1400,15.0
44190830,2202087,,GRL 1400 starr,109,Henle,
44190829,2202087,,GRL 1400 starr,110,QC03,
44190822,2202088,,GRL 1400 starr,154,"2,5 - 3,8",19.0
44190821,2202088,,GRL 1400 starr,114,1400,15.0
44190820,2202088,,GRL 1400 starr,55,,11.0
44190819,2202088,,GRL 1400 starr,63,,15.0
44190818,2202088,,GRL 1400 starr,65,"0,191",16.0
44190817,2202088,,GRL 1400 starr,23,,
44190816,2202088,,GRL 1400 starr,73,,15.0
44190815,2202088,,GRL 1400 starr,26,1400,15.0
44190814,2202088,,GRL 1400 starr,109,Henle,
44190813,2202088,,GRL 1400 starr,110,QC03,
44190809,2202086,,GRL 1400 starr,154,"2,5 - 3,8",19.0
44190808,2202086,,GRL 1400 starr,114,1400,15.0
44190807,2202086,,GRL 1400 starr,55,,11.0
44190806,2202086,,GRL 1400 starr,63,,15.0
44190805,2202086,,GRL 1400 starr,65,"0,191",16.0
44190804,2202086,,GRL 1400 starr,23,,
44190803,2202086,,GRL 1400 starr,73,,15.0
44190802,2202086,,GRL 1400 starr,26,1400,15.0
44190801,2202086,,GRL 1400 starr,109,Henle,
44190800,2202086,,GRL 1400 starr,110,QC03,
44190793,2202085,,GRL 1400 starr,154,"2,5 - 3,8",19.0
44190792,2202085,,GRL 1400 starr,114,1400,15.0
44190791,2202085,,GRL 1400 starr,55,,11.0
44190790,2202085,,GRL 1400 starr,63,,15.0
44190789,2202085,,GRL 1400 starr,65,"0,191",16.0
44190788,2202085,,GRL 1400 starr,23,,
44190787,2202085,,GRL 1400 starr,73,,15.0
44190786,2202085,,GRL 1400 starr,26,1400,15.0
44190785,2202085,,GRL 1400 starr,109,Henle,
44190784,2202085,,GRL 1400 starr,110,QC03,
44190780,2202084,,TL 800,154,"2,5 - 3,8",19.0
44190779,2202084,,TL 800,110,QC03,
44190778,2202084,,TL 800,26,800,15.0
44190777,2202084,,TL 800,65,"0,162",16.0
44190776,2202084,,TL 800,73,270,15.0
44190775,2202084,,TL 800,147,Mini-Z 2,
44190774,2202084,,TL 800,12,5,18.0
44190773,2202084,,TL 800,109,Henle,
44190772,2202084,,TL 800,63,600,15.0
44190771,2202084,,TL 800,55,70,11.0
44190770,2202084,,TL 800,114,800,15.0
44190763,2202079,,TL 600,154,"2,5 - 3,8",19.0
44190762,2202079,,TL 600,110,QC03,
44190761,2202079,,TL 600,26,600,15.0
44190760,2202079,,TL 600,65,"0,116",16.0
44190759,2202079,,TL 600,73,760,15.0
44190758,2202079,,TL 600,147,Mini-Z 2,
44190757,2202079,,TL 600,12,4,18.0
44190756,2202079,,TL 600,109,Henle,
44190755,2202079,,TL 600,63,620,15.0
44190754,2202079,,TL 600,55,70,11.0
44190753,2202079,,TL 600,114,600,15.0
44190749,2202081,,TL 600,154,"2,5 - 3,8",19.0
44190748,2202081,,TL 600,110,QC03,
44190747,2202081,,TL 600,26,600,15.0
44190746,2202081,,TL 600,65,"0,116",16.0
44190745,2202081,,TL 600,73,,15.0
44190744,2202081,,TL 600,147,Mini-Z 2,
44190743,2202081,,TL 600,12,0,18.0
44190742,2202081,,TL 600,109,Henle,
44190741,2202081,,TL 600,63,,15.0
44190740,2202081,,TL 600,55,,11.0
44190739,2202081,,TL 600,114,600,15.0
44190732,2202080,,TL 600,154,"2,5 - 3,8",19.0
44190731,2202080,,TL 600,110,QC03,
44190730,2202080,,TL 600,26,600,15.0
44190729,2202080,,TL 600,65,"0,116",16.0
44190728,2202080,,TL 600,73,760,15.0
44190727,2202080,,TL 600,147,Mini-Z 2,
44190726,2202080,,TL 600,12,4,18.0
44190725,2202080,,TL 600,109,Henle,
44190724,2202080,,TL 600,63,610,15.0
44190723,2202080,,TL 600,55,100,11.0
44190722,2202080,,TL 600,114,600,15.0
44190716,2202077,,TL 400,154,"2,5 - 3,8",19.0
44190715,2202077,,TL 400,110,QC03,
44190714,2202077,,TL 400,26,400,15.0
44190713,2202077,,TL 400,65,"0,070",16.0
44190712,2202077,,TL 400,73,760,15.0
44190711,2202077,,TL 400,147,Mini-Z 2,
44190710,2202077,,TL 400,12,3,18.0
44190709,2202077,,TL 400,109,Henle,
44190708,2202077,,TL 400,63,610,15.0
44190707,2202077,,TL 400,55,70,11.0
44190706,2202077,,TL 400,114,400,15.0
44190701,2202078,,TL 400,154,"2,5 - 3,8",19.0
44190700,2202078,,TL 400,110,QC03,
44190699,2202078,,TL 400,26,400,15.0
44190698,2202078,,TL 400,65,"0,070",16.0
44190697,2202078,,TL 400,73,,15.0
44190696,2202078,,TL 400,147,Mini-Z 2,
44190695,2202078,,TL 400,12,0,18.0
44190694,2202078,,TL 400,109,Henle,
44190693,2202078,,TL 400,63,,15.0
44190692,2202078,,TL 400,55,,11.0
44190691,2202078,,TL 400,114,400,15.0
44190684,2202076,,TL 400,154,"2,5 - 3,8",19.0
44190683,2202076,,TL 400,110,QC03,
44190682,2202076,,TL 400,26,400,15.0
44190681,2202076,,TL 400,65,"0,070",16.0
44190680,2202076,,TL 400,73,770,15.0
44190679,2202076,,TL 400,147,Mini-Z 2,
44190678,2202076,,TL 400,12,3,18.0
44190677,2202076,,TL 400,109,Henle,
44190676,2202076,,TL 400,63,610,15.0
44190675,2202076,,TL 400,55,70,11.0
44190674,2202076,,TL 400,114,400,15.0
44190670,2202075,,TL 400,154,"2,5 - 3,8",19.0
44190669,2202075,,TL 400,110,QC03,
44190668,2202075,,TL 400,26,400,15.0
44190667,2202075,,TL 400,65,"0,070",16.0
44190666,2202075,,TL 400,73,,15.0
44190665,2202075,,TL 400,147,Mini-Z 2,
44190664,2202075,,TL 400,12,0,18.0
44190663,2202075,,TL 400,109,Henle,
44190662,2202075,,TL 400,63,,15.0
44190661,2202075,,TL 400,55,,11.0
44190660,2202075,,TL 400,114,400,15.0
44190653,2202074,,TL 400,154,"2,5 - 3,8",19.0
44190652,2202074,,TL 400,110,QC03,
44190651,2202074,,TL 400,26,400,15.0
44190650,2202074,,TL 400,65,"0,070",16.0
44190649,2202074,,TL 400,73,,15.0
44190648,2202074,,TL 400,147,Mini-Z 2,
44190647,2202074,,TL 400,12,3,18.0
44190646,2202074,,TL 400,109,Henle,
44190645,2202074,,TL 400,63,,15.0
44190644,2202074,,TL 400,55,,11.0
44190643,2202074,,TL 400,114,400,15.0
44190639,2202073,,TL 400,154,"2,5 - 3,8",19.0
44190638,2202073,,TL 400,110,QC03,
44190637,2202073,,TL 400,26,400,15.0
44190636,2202073,,TL 400,65,"0,070",16.0
44190635,2202073,,TL 400,73,,15.0
44190634,2202073,,TL 400,147,Mini-Z 2,
44190633,2202073,,TL 400,12,3,18.0
44190632,2202073,,TL 400,109,Henle,
44190631,2202073,,TL 400,63,,15.0
44190630,2202073,,TL 400,55,,11.0
44190629,2202073,,TL 400,114,400,15.0
44190622,2202072,,SL 600,147,Mini-Z 1,
44190621,2202072,,SL 600,114,600,15.0
44190620,2202072,,SL 600,110,QC01,
44190619,2202072,,SL 600,65,"0,063",16.0
44190617,2202072,,SL 600,26,600,15.0
44190616,2202072,,SL 600,12,4,18.0
44190609,2202067,,GRL 1200 starr,154,"1,8 - 2,5",19.0
44190608,2202067,,GRL 1200 starr,114,1200,15.0
44190607,2202067,,GRL 1200 starr,55,,11.0
44190606,2202067,,GRL 1200 starr,63,,15.0
44190605,2202067,,GRL 1200 starr,65,"0,093",16.0
44190604,2202067,,GRL 1200 starr,23,,
44190603,2202067,,GRL 1200 starr,73,,15.0
44190602,2202067,,GRL 1200 starr,26,1200,15.0
44190601,2202067,,GRL 1200 starr,109,Henle,
44190600,2202067,,GRL 1200 starr,110,QC01,
44190596,2202068,,GRL 1200 starr,154,"1,0 - 2,0",19.0
44190595,2202068,,GRL 1200 starr,114,1200,15.0
44190594,2202068,,GRL 1200 starr,55,,11.0
44190593,2202068,,GRL 1200 starr,63,,15.0
44190592,2202068,,GRL 1200 starr,65,"0,093",16.0
44190591,2202068,,GRL 1200 starr,23,,
44190590,2202068,,GRL 1200 starr,73,,15.0
44190589,2202068,,GRL 1200 starr,26,1200,15.0
44190588,2202068,,GRL 1200 starr,109,Henle,
44190587,2202068,,GRL 1200 starr,110,QC01,
44190583,2202069,,GRL 1200 starr,154,"1,8 - 2,5",19.0
44190582,2202069,,GRL 1200 starr,114,1200,15.0
44190581,2202069,,GRL 1200 starr,55,,11.0
44190580,2202069,,GRL 1200 starr,63,,15.0
44190579,2202069,,GRL 1200 starr,65,"0,093",16.0
44190578,2202069,,GRL 1200 starr,23,,
44190577,2202069,,GRL 1200 starr,73,,15.0
44190576,2202069,,GRL 1200 starr,26,1200,15.0
44190575,2202069,,GRL 1200 starr,109,Henle,
44190574,2202069,,GRL 1200 starr,110,QC01,
44190567,2202070,,GRL 1200 starr,154,"1,8 - 2,5",19.0
44190566,2202070,,GRL 1200 starr,114,1200,15.0
44190565,2202070,,GRL 1200 starr,55,70,11.0
44190564,2202070,,GRL 1200 starr,63,390,15.0
44190563,2202070,,GRL 1200 starr,65,"0,093",16.0
44190561,2202070,,GRL 1200 starr,73,430,15.0
44190560,2202070,,GRL 1200 starr,26,1200,15.0
44190559,2202070,,GRL 1200 starr,109,Henle,
44190558,2202070,,GRL 1200 starr,110,QC01,
44190554,2202071,,GRL 1200 starr,154,"1,0 - 2,0",19.0
44190553,2202071,,GRL 1200 starr,114,1200,15.0
44190552,2202071,,GRL 1200 starr,55,,11.0
44190551,2202071,,GRL 1200 starr,63,,15.0
44190550,2202071,,GRL 1200 starr,65,"0,093",16.0
44190549,2202071,,GRL 1200 starr,23,,
44190548,2202071,,GRL 1200 starr,73,,15.0
44190547,2202071,,GRL 1200 starr,26,1200,15.0
44190546,2202071,,GRL 1200 starr,109,Henle,
44190545,2202071,,GRL 1200 starr,110,QC01,
44190538,2202066,,TL 800,154,"1,0 - 2,0",19.0
44190537,2202066,,TL 800,110,QC01,
44190536,2202066,,TL 800,26,800,15.0
44190535,2202066,,TL 800,65,"0,083",16.0
44190534,2202066,,TL 800,73,,15.0
44190533,2202066,,TL 800,147,Mini-Z 1,
44190532,2202066,,TL 800,12,5,18.0
44190531,2202066,,TL 800,109,Henle,
44190530,2202066,,TL 800,63,,15.0
44190529,2202066,,TL 800,55,,11.0
44190528,2202066,,TL 800,114,800,15.0
44190521,2202065,,TL 600,154,"1,0 - 2,0",19.0
44190520,2202065,,TL 600,110,QC01,
44190519,2202065,,TL 600,26,600,15.0
44190518,2202065,,TL 600,65,"0,063",16.0
44190517,2202065,,TL 600,73,560,15.0
44190516,2202065,,TL 600,147,Mini-Z 1,
44190515,2202065,,TL 600,12,4,18.0
44190514,2202065,,TL 600,109,Henle,
44190513,2202065,,TL 600,63,450,15.0
44190512,2202065,,TL 600,55,30,11.0
44190511,2202065,,TL 600,114,570,15.0
44190504,2202064,,TL 400,154,"1,0 - 2,0",19.0
44190503,2202064,,TL 400,110,QC01,
44190502,2202064,,TL 400,26,400,15.0
44190501,2202064,,TL 400,65,"0,039",16.0
44190500,2202064,,TL 400,73,560,15.0
44190499,2202064,,TL 400,147,Mini-Z 1,
44190498,2202064,,TL 400,12,3,18.0
44190497,2202064,,TL 400,109,Henle,
44190496,2202064,,TL 400,63,450,15.0
44190495,2202064,,TL 400,55,30,11.0
44190494,2202064,,TL 400,114,400,15.0
44190490,2202062,,TL 500,154,"1,0 - 2,0",19.0
44190488,2202062,,TL 500,26,500,15.0
44190487,2202062,,TL 500,65,"0,051",16.0
44190486,2202062,,TL 500,73,,15.0
44190485,2202062,,TL 500,147,Mini-Z 1,
44190484,2202062,,TL 500,12,4,18.0
44190483,2202062,,TL 500,109,Henle,
44190482,2202062,,TL 500,63,,15.0
44190481,2202062,,TL 500,55,,11.0
44190480,2202062,,TL 500,114,500,15.0
44190473,2202061,,TL 500,154,"1,0 - 2,0",19.0
44190471,2202061,,TL 500,26,500,15.0
44190470,2202061,,TL 500,65,"0,051",16.0
44190469,2202061,,TL 500,73,,15.0
44190468,2202061,,TL 500,147,Mini-Z 1,
44190467,2202061,,TL 500,12,4,18.0
44190466,2202061,,TL 500,109,Henle,
44190465,2202061,,TL 500,63,,15.0
44190464,2202061,,TL 500,55,,11.0
44190463,2202061,,TL 500,114,500,15.0
44190456,2202063,,TL 500,154,"1,0 - 2,0",19.0
44190454,2202063,,TL 500,26,500,15.0
44190453,2202063,,TL 500,65,"0,051",16.0
44190452,2202063,,TL 500,73,,15.0
44190451,2202063,,TL 500,147,Mini-Z 1,
44190450,2202063,,TL 500,12,4,18.0
44190449,2202063,,TL 500,109,Henle,
44190448,2202063,,TL 500,63,,15.0
44190447,2202063,,TL 500,55,,11.0
44190446,2202063,,TL 500,114,500,15.0
44190442,2202060,,TL 500,154,"1,0 - 2,0",19.0
44190440,2202060,,TL 500,26,500,15.0
44190439,2202060,,TL 500,65,"0,051",16.0
44190438,2202060,,TL 500,73,500,15.0
44190437,2202060,,TL 500,147,Mini-Z 1,
44190436,2202060,,TL 500,12,4,18.0
44190435,2202060,,TL 500,109,Henle,
44190434,2202060,,TL 500,63,450,15.0
44190433,2202060,,TL 500,55,30,11.0
44190432,2202060,,TL 500,114,500,15.0
44190425,2202059,,TL 500,154,"1,0 - 2,0",19.0
44190423,2202059,,TL 500,26,500,15.0
44190422,2202059,,TL 500,65,"0,051",16.0
44190421,2202059,,TL 500,73,550,15.0
44190420,2202059,,TL 500,147,Mini-Z 1,
44190419,2202059,,TL 500,12,4,18.0
44190418,2202059,,TL 500,109,Henle,
44190417,2202059,,TL 500,63,450,15.0
44190416,2202059,,TL 500,55,30,11.0
44190415,2202059,,TL 500,114,500,15.0
44190408,2202057,,TL 300,154,"1,0 - 2,0",19.0
44190407,2202057,,TL 300,65,"0,027",16.0
44190406,2202057,,TL 300,114,300,15.0
44190405,2202057,,TL 300,147,Mini-Z 1,
44190404,2202057,,TL 300,12,3,
44190402,2202057,,TL 300,109,Henle,
44190399,2202057,,TL 300,26,300,15.0
44190391,2202058,,TL 300,154,"1,0 - 2,0",19.0
44190390,2202058,,TL 300,65,"0,027",16.0
44190389,2202058,,TL 300,114,300,15.0
44190388,2202058,,TL 300,147,Mini-Z 1,
44190387,2202058,,TL 300,12,3,
44190386,2202058,,TL 300,110,QC01,
44190385,2202058,,TL 300,109,Henle,
44190384,2202058,,TL 300,55,30,11.0
44190383,2202058,,TL 300,63,450,15.0
44190382,2202058,,TL 300,26,300,15.0
44190381,2202058,,TL 300,73,550,15.0
44190377,2202056,,TL 300,154,"1,0 - 2,0",19.0
44190376,2202056,,TL 300,65,"0,027",16.0
44190375,2202056,,TL 300,114,300,15.0
44190374,2202056,,TL 300,147,Mini-Z 1,
44190373,2202056,,TL 300,12,3,
44190371,2202056,,TL 300,109,Henle,
44190368,2202056,,TL 300,26,300,15.0
44190360,2202055,,TL 300,154,"1,0 - 2,0",19.0
44190359,2202055,,TL 300,65,"0,027",16.0
44190358,2202055,,TL 300,114,300,15.0
44190357,2202055,,TL 300,147,Mini-Z 1,
44190356,2202055,,TL 300,12,0,
44190355,2202055,,TL 300,110,QC01,
44190354,2202055,,TL 300,109,Henle,
44190351,2202055,,TL 300,26,300,15.0
44190343,2202054,,TL 300,154,"1,0 - 2,0",19.0
44190342,2202054,,TL 300,65,"0,027",16.0
44190341,2202054,,TL 300,114,300,15.0
44190340,2202054,,TL 300,147,Mini-Z 1,
44190339,2202054,,TL 300,12,3,
44190338,2202054,,TL 300,110,QC01,
44190337,2202054,,TL 300,109,Henle,
44190336,2202054,,TL 300,55,,11.0
44190334,2202054,,TL 300,26,300,15.0
44190326,2202050,,TL 500,154,"1,0 - 2,0",19.0
44190324,2202050,,TL 500,26,500,15.0
44190323,2202050,,TL 500,65,"0,038",16.0
44190322,2202050,,TL 500,73,490,15.0
44190321,2202050,,TL 500,147,Mini-Z 1,
44190320,2202050,,TL 500,12,4,18.0
44190319,2202050,,TL 500,109,Henle,
44190318,2202050,,TL 500,63,400,15.0
44190317,2202050,,TL 500,55,60,11.0
44190316,2202050,,TL 500,114,500,15.0
44190309,2202049,,TL 500,154,"1,0 - 2,0",19.0
44190307,2202049,,TL 500,26,500,15.0
44190306,2202049,,TL 500,65,"0,038",16.0
44190305,2202049,,TL 500,73,940,15.0
44190304,2202049,,TL 500,147,Mini-Z 1,
44190303,2202049,,TL 500,12,4,18.0
44190302,2202049,,TL 500,109,Henle,
44190301,2202049,,TL 500,63,740,15.0
44190300,2202049,,TL 500,55,50,11.0
44190299,2202049,,TL 500,114,500,15.0
44190295,2202048,,TL 500,154,"1,0 - 2,0",19.0
44190293,2202048,,TL 500,26,500,15.0
44190292,2202048,,TL 500,65,"0,038",16.0
44190291,2202048,,TL 500,73,,15.0
44190290,2202048,,TL 500,147,Mini-Z 1,
44190289,2202048,,TL 500,12,4,18.0
44190288,2202048,,TL 500,109,Henle,
44190287,2202048,,TL 500,63,,15.0
44190286,2202048,,TL 500,55,,11.0
44190285,2202048,,TL 500,114,500,15.0
44190278,2202046,,TL 300,154,"0,1 - 1,0",19.0
44190276,2202046,,TL 300,26,300,15.0
44190275,2202046,,TL 300,65,"0,020",16.0
44190274,2202046,,TL 300,73,,15.0
44190273,2202046,,TL 300,147,Mini-Z 1,
44190272,2202046,,TL 300,12,3,
44190271,2202046,,TL 300,109,Henle,
44190270,2202046,,TL 300,63,,15.0
44190269,2202046,,TL 300,55,,11.0
44190268,2202046,,TL 300,114,300,15.0
44190261,2202047,,TL 300,154,"0,1 - 1,0",19.0
44190259,2202047,,TL 300,26,300,15.0
44190258,2202047,,TL 300,65,"0,020",16.0
44190257,2202047,,TL 300,73,,15.0
44190256,2202047,,TL 300,147,Mini-Z 1,
44190255,2202047,,TL 300,12,3,
44190254,2202047,,TL 300,109,Henle,
44190253,2202047,,TL 300,63,,15.0
44190252,2202047,,TL 300,55,,11.0
44190251,2202047,,TL 300,114,300,15.0
44190247,2202045,,TL 300,154,"0,1 - 1,0",19.0
44190246,2202045,,TL 300,110,QC01,
44190245,2202045,,TL 300,26,300,15.0
44190244,2202045,,TL 300,65,"0,020",16.0
44190243,2202045,,TL 300,73,500,15.0
44190242,2202045,,TL 300,147,Mini-Z 1,
44190241,2202045,,TL 300,12,0,
44190240,2202045,,TL 300,109,Henle,
44190239,2202045,,TL 300,63,,15.0
44190238,2202045,,TL 300,55,20,11.0
44190237,2202045,,TL 300,114,300,15.0
44173939,101880581094,,BW 100 AC-5,148,Nein,
44173938,101880581094,,BW 100 AC-5,96,Nein,
44173937,101880581094,,BW 100 AC-5,89,D1803,
44173936,101880581094,,BW 100 AC-5,88,"24,6",10.0
44173935,101880581094,,BW 100 AC-5,87,Kubota,
44173934,101880581094,,BW 100 AC-5,73,2529,15.0
44173933,101880581094,,BW 100 AC-5,70,Ja,
44173932,101880581094,,BW 100 AC-5,69,Nein,
44173931,101880581094,,BW 100 AC-5,67,1,18.0
44173930,101880581094,,BW 100 AC-5,63,1808,15.0
44173929,101880581094,,BW 100 AC-5,55,2400,11.0
44173928,101880581094,,BW 100 AC-5,54,Nein,
44173927,101880581094,,BW 100 AC-5,30,Ja,
44173926,101880581094,,BW 100 AC-5,26,1072,15.0
44173925,101880581094,,BW 100 AC-5,23,Nein,
44173924,101880581094,,BW 100 AC-5,16,Nein,
44173923,101880581094,,BW 100 AC-5,13,1000,15.0
44173922,101880581094,,BW 100 AC-5,7,Tier 4f,
44173921,101880581094,,BW 100 AC-5,6,Stufe V,
44157751,WLHZ1192PZK078131,17942,A 918 Compact,69,,
44157750,WLHZ1192PZK078131,17942,A 918 Compact,83,,
44157749,WLHZ1192PZK078131,17942,A 918 Compact,23,,
44157748,WLHZ1192PZK078131,17942,A 918 Compact,78,,15.0
44157747,WLHZ1192PZK078131,17942,A 918 Compact,26,,15.0
44157746,WLHZ1192PZK078131,17942,A 918 Compact,113,,
44157745,WLHZ1192PZK078131,17942,A 918 Compact,40,,12.0
44157744,WLHZ1192PZK078131,17942,A 918 Compact,87,,
44157743,WLHZ1192PZK078131,17942,A 918 Compact,128,Ja,
44157742,WLHZ1192PZK078131,17942,A 918 Compact,73,,15.0
44157741,WLHZ1192PZK078131,17942,A 918 Compact,141,,
44157740,WLHZ1192PZK078131,17942,A 918 Compact,6,,
44157739,WLHZ1192PZK078131,17942,A 918 Compact,11,,
44157738,WLHZ1192PZK078131,17942,A 918 Compact,111,,
44157737,WLHZ1192PZK078131,17942,A 918 Compact,112,,
44157736,WLHZ1192PZK078131,17942,A 918 Compact,109,,
44157735,WLHZ1192PZK078131,17942,A 918 Compact,55,,11.0
44157734,WLHZ1192PZK078131,17942,A 918 Compact,110,,
44157733,WLHZ1192PZK078131,17942,A 918 Compact,56,,15.0
44157732,WLHZ1192PZK078131,17942,A 918 Compact,30,,
44157731,WLHZ1192PZK078131,17942,A 918 Compact,89,,
44157730,WLHZ1192PZK078131,17942,A 918 Compact,148,,
44157729,WLHZ1192PZK078131,17942,A 918 Compact,57,,
44157728,WLHZ1192PZK078131,17942,A 918 Compact,120,,
44157727,WLHZ1192PZK078131,17942,A 918 Compact,88,,10.0
44157726,WLHZ1192PZK078131,17942,A 918 Compact,7,,
44157725,WLHZ1192PZK078131,17942,A 918 Compact,137,,
44157724,WLHZ1192PZK078131,17942,A 918 Compact,101,,
44157723,WLHZ1192PZK078131,17942,A 918 Compact,58,,
44157722,WLHZ1192PZK078131,17942,A 918 Compact,140,,
44157721,WLHZ1192PZK078131,17942,A 918 Compact,107,,
44157720,WLHZ1192PZK078131,17942,A 918 Compact,63,,15.0
44157719,WLHZ1192PZK078131,17942,A 918 Compact,106,,
44157718,WLHZ1192PZK078131,17942,A 918 Compact,60,,
44145013,20064566,,CR 9-II MDM,87,Hatz,
44145011,20064566,,CR 9-II MDM,88,11,10.0
44145009,20064566,,CR 9-II MDM,39,Ja,
44145008,20064566,,CR 9-II MDM,29,Ja,
44145007,20064566,,CR 9-II MDM,55,740,11.0
44145006,20064566,,CR 9-II MDM,89,1 D 90,
44145005,20064566,,CR 9-II MDM,73,1867,15.0
44145004,20064566,,CR 9-II MDM,13,750,15.0
44145003,20064566,,CR 9-II MDM,85,Ja,
44145002,20064566,,CR 9-II MDM,26,750,15.0
44145001,20064566,,CR 9-II MDM,138,Ja,
44145000,20064566,,CR 9-II MDM,104,Ja,
44144998,20064566,,CR 9-II MDM,63,1167,15.0
44144997,20064566,,CR 9-II MDM,84,Nein,
44144996,20064566,,CR 9-II MDM,139,Ja,
44144947,101870602163,17941,BW 154 AP-4 AM,69,,
44144946,101870602163,17941,BW 154 AP-4 AM,88,,10.0
44144945,101870602163,17941,BW 154 AP-4 AM,54,,
44144944,101870602163,17941,BW 154 AP-4 AM,30,,
44144943,101870602163,17941,BW 154 AP-4 AM,13,,15.0
44144942,101870602163,17941,BW 154 AP-4 AM,23,,
44144941,101870602163,17941,BW 154 AP-4 AM,73,,15.0
44144940,101870602163,17941,BW 154 AP-4 AM,63,,15.0
44144939,101870602163,17941,BW 154 AP-4 AM,135,,11.0
44144938,101870602163,17941,BW 154 AP-4 AM,70,,
44144937,101870602163,17941,BW 154 AP-4 AM,67,,18.0
44144936,101870602163,17941,BW 154 AP-4 AM,87,,
44144935,101870602163,17941,BW 154 AP-4 AM,96,,
44144934,101870602163,17941,BW 154 AP-4 AM,26,,15.0
44144933,101870602163,17941,BW 154 AP-4 AM,89,,
44144932,101870602163,17941,BW 154 AP-4 AM,55,"7,3",11.0
44144931,101870602163,17941,BW 154 AP-4 AM,6,,
44144930,101870602163,17941,BW 154 AP-4 AM,148,,
44144929,101870602163,17941,BW 154 AP-4 AM,7,,
44144928,101870602163,17941,BW 154 AP-4 AM,16,,
44144927,101870602163,17941,BW 154 AP-4 AM,136,,
44144744,101870602144,17940,BW 154 AP-4 AM,69,,
44144743,101870602144,17940,BW 154 AP-4 AM,88,,10.0
44144742,101870602144,17940,BW 154 AP-4 AM,54,,
44144741,101870602144,17940,BW 154 AP-4 AM,30,,
44144740,101870602144,17940,BW 154 AP-4 AM,13,,15.0
44144739,101870602144,17940,BW 154 AP-4 AM,23,,
44144738,101870602144,17940,BW 154 AP-4 AM,73,,15.0
44144737,101870602144,17940,BW 154 AP-4 AM,63,,15.0
44144736,101870602144,17940,BW 154 AP-4 AM,135,,11.0
44144735,101870602144,17940,BW 154 AP-4 AM,70,,
44144734,101870602144,17940,BW 154 AP-4 AM,67,,18.0
44144733,101870602144,17940,BW 154 AP-4 AM,87,Kubota,
44144732,101870602144,17940,BW 154 AP-4 AM,96,,
44144731,101870602144,17940,BW 154 AP-4 AM,26,,15.0
44144730,101870602144,17940,BW 154 AP-4 AM,89,V 3307 DI-T,
44144729,101870602144,17940,BW 154 AP-4 AM,55,"7,3",11.0
44144728,101870602144,17940,BW 154 AP-4 AM,6,,
44144727,101870602144,17940,BW 154 AP-4 AM,148,,
44144726,101870602144,17940,BW 154 AP-4 AM,7,,
44144725,101870602144,17940,BW 154 AP-4 AM,16,,
44144724,101870602144,17940,BW 154 AP-4 AM,136,,
44107044,100826,,Gabel - 5040,73,800,15.0
44107043,100826,,Gabel - 5040,113,,
44107042,100826,,Gabel - 5040,63,,15.0
44107041,100826,,Gabel - 5040,95,900,11.0
44107040,100826,,Gabel - 5040,110,,
44107039,100826,,Gabel - 5040,112,,
44107038,100826,,Gabel - 5040,111,,
44107037,100826,,Gabel - 5040,26,,15.0
44107036,100826,,Gabel - 5040,109,,
44107035,100826,,Gabel - 5040,55,,11.0
44107031,100825,,Gabel - 5040,73,800,15.0
44107030,100825,,Gabel - 5040,113,,
44107029,100825,,Gabel - 5040,63,,15.0
44107028,100825,,Gabel - 5040,95,900,11.0
44107027,100825,,Gabel - 5040,110,,
44107026,100825,,Gabel - 5040,112,,
44107025,100825,,Gabel - 5040,111,,
44107024,100825,,Gabel - 5040,26,,15.0
44107023,100825,,Gabel - 5040,109,,
44107022,100825,,Gabel - 5040,55,,11.0
44107018,933301220066,,Standardschaufel - 5040,55,,11.0
44107017,933301220066,,Standardschaufel - 5040,73,1400,15.0
44107016,933301220066,,Standardschaufel - 5040,113,,
44107015,933301220066,,Standardschaufel - 5040,109,,
44107014,933301220066,,Standardschaufel - 5040,63,,15.0
44107013,933301220066,,Standardschaufel - 5040,112,,
44107012,933301220066,,Standardschaufel - 5040,110,,
44107011,933301220066,,Standardschaufel - 5040,111,,
44107010,933301220066,,Standardschaufel - 5040,65,,16.0
44107009,933301220066,,Standardschaufel - 5040,114,1400,15.0
44107008,933301220066,,Standardschaufel - 5040,26,,15.0
44107007,933301220066,,Standardschaufel - 5040,23,,
44107003,933301220179,,Standardschaufel - 5040,55,120,11.0
44107002,933301220179,,Standardschaufel - 5040,73,1400,15.0
44106999,933301220179,,Standardschaufel - 5040,63,,15.0
44106995,933301220179,,Standardschaufel - 5040,65,"0,36",16.0
44106994,933301220179,,Standardschaufel - 5040,114,1400,15.0
44106993,933301220179,,Standardschaufel - 5040,26,1400,15.0
44106992,933301220179,,Standardschaufel - 5040,23,Nein,
44106988,WNK35801VN0000726,,5040,110,,
44106987,WNK35801VN0000726,,5040,73,4090,15.0
44106986,WNK35801VN0000726,,5040,89,3 TNV 86 CT,
44106985,WNK35801VN0000726,,5040,112,,
44106984,WNK35801VN0000726,,5040,63,2170,15.0
44106983,WNK35801VN0000726,,5040,40,20,12.0
44106982,WNK35801VN0000726,,5040,95,900,11.0
44106981,WNK35801VN0000726,,5040,26,1260,15.0
44106980,WNK35801VN0000726,,5040,7,,
44106979,WNK35801VN0000726,,5040,30,Ja,
44106978,WNK35801VN0000726,,5040,126,Nein,
44106977,WNK35801VN0000726,,5040,148,Nein,
44106976,WNK35801VN0000726,,5040,113,,
44106975,WNK35801VN0000726,,5040,111,,
44106974,WNK35801VN0000726,,5040,70,Nein,
44106973,WNK35801VN0000726,,5040,11,Ja,
44106972,WNK35801VN0000726,,5040,23,,
44106971,WNK35801VN0000726,,5040,87,Yanmar,
44106970,WNK35801VN0000726,,5040,55,2070,11.0
44106969,WNK35801VN0000726,,5040,69,,
44106968,WNK35801VN0000726,,5040,109,,
44106967,WNK35801VN0000726,,5040,88,"28,5",10.0
44106966,WNK35801VN0000726,,5040,6,Stufe V,
44106962,WNK35801HN0000729,,5040,110,,
44106961,WNK35801HN0000729,,5040,73,4090,15.0
44106960,WNK35801HN0000729,,5040,89,3 TNV 86 CT,
44106959,WNK35801HN0000729,,5040,112,,
44106958,WNK35801HN0000729,,5040,63,2170,15.0
44106957,WNK35801HN0000729,,5040,40,20,12.0
44106956,WNK35801HN0000729,,5040,95,900,11.0
44106955,WNK35801HN0000729,,5040,26,1260,15.0
44106954,WNK35801HN0000729,,5040,7,,
44106953,WNK35801HN0000729,,5040,30,Ja,
44106952,WNK35801HN0000729,,5040,126,Nein,
44106951,WNK35801HN0000729,,5040,148,Nein,
44106950,WNK35801HN0000729,,5040,113,,
44106949,WNK35801HN0000729,,5040,111,Ja,
44106948,WNK35801HN0000729,,5040,70,Nein,
44106947,WNK35801HN0000729,,5040,11,Ja,
44106946,WNK35801HN0000729,,5040,23,Nein,
44106945,WNK35801HN0000729,,5040,87,Yanmar,
44106944,WNK35801HN0000729,,5040,55,2070,11.0
44106943,WNK35801HN0000729,,5040,69,Nein,
44106942,WNK35801HN0000729,,5040,109,,
44106941,WNK35801HN0000729,,5040,88,"28,5",10.0
44106940,WNK35801HN0000729,,5040,6,Stufe V,
44105376,20066112,,CR 9-II MDM,87,Hatz,
44105374,20066112,,CR 9-II MDM,88,11,10.0
44105372,20066112,,CR 9-II MDM,39,Ja,
44105371,20066112,,CR 9-II MDM,29,Ja,
44105370,20066112,,CR 9-II MDM,55,740,11.0
44105369,20066112,,CR 9-II MDM,89,1 D 90,
44105368,20066112,,CR 9-II MDM,73,1867,15.0
44105367,20066112,,CR 9-II MDM,13,750,15.0
44105366,20066112,,CR 9-II MDM,85,Ja,
44105365,20066112,,CR 9-II MDM,26,750,15.0
44105364,20066112,,CR 9-II MDM,138,Ja,
44105363,20066112,,CR 9-II MDM,104,Ja,
44105361,20066112,,CR 9-II MDM,63,1167,15.0
44105360,20066112,,CR 9-II MDM,84,Nein,
44105359,20066112,,CR 9-II MDM,139,Ja,
44103924,KBCAZ16BTM3J10954,,U10-5,128,Nein,
44103923,KBCAZ16BTM3J10954,,U10-5,60,Ja,
44103922,KBCAZ16BTM3J10954,,U10-5,110,,
44103921,KBCAZ16BTM3J10954,,U10-5,78,,
44103920,KBCAZ16BTM3J10954,,U10-5,141,Nein,
44103919,KBCAZ16BTM3J10954,,U10-5,26,990,
44103918,KBCAZ16BTM3J10954,,U10-5,73,2980,
44103917,KBCAZ16BTM3J10954,,U10-5,58,,
44103916,KBCAZ16BTM3J10954,,U10-5,106,Nein,
44103915,KBCAZ16BTM3J10954,,U10-5,23,Nein,
44103914,KBCAZ16BTM3J10954,,U10-5,137,Nein,
44103913,KBCAZ16BTM3J10954,,U10-5,63,2260,
44103912,KBCAZ16BTM3J10954,,U10-5,145,Nein,
44103911,KBCAZ16BTM3J10954,,U10-5,111,Nein,
44103910,KBCAZ16BTM3J10954,,U10-5,56,1800,
44103909,KBCAZ16BTM3J10954,,U10-5,7,,
44103908,KBCAZ16BTM3J10954,,U10-5,140,Nein,
44103907,KBCAZ16BTM3J10954,,U10-5,87,Kubota,
44103906,KBCAZ16BTM3J10954,,U10-5,6,,
44103905,KBCAZ16BTM3J10954,,U10-5,66,Nein,
44103904,KBCAZ16BTM3J10954,,U10-5,112,Ja,
44103903,KBCAZ16BTM3J10954,,U10-5,148,Nein,
44103902,KBCAZ16BTM3J10954,,U10-5,120,Ja,
44103901,KBCAZ16BTM3J10954,,U10-5,30,Nein,
44103900,KBCAZ16BTM3J10954,,U10-5,113,,
44103899,KBCAZ16BTM3J10954,,U10-5,109,Lehnhoff,
44103898,KBCAZ16BTM3J10954,,U10-5,108,Ja,
44103897,KBCAZ16BTM3J10954,,U10-5,69,Nein,
44103896,KBCAZ16BTM3J10954,,U10-5,88,"7,6",
44103895,KBCAZ16BTM3J10954,,U10-5,89,D722-E4-BH-5,
44103894,KBCAZ16BTM3J10954,,U10-5,57,Nein,
44103893,KBCAZ16BTM3J10954,,U10-5,55,1200,
44095620,47JK1,,KC70SL-4,6,,
44095619,47JK1,,KC70SL-4,69,Nein,
44095618,47JK1,,KC70SL-4,70,Nein,
44095617,47JK1,,KC70SL-4,95,700,11.0
44095616,47JK1,,KC70SL-4,73,2110,15.0
44095615,47JK1,,KC70SL-4,87,Kubota,
44095614,47JK1,,KC70SL-4,90,Nein,
44095613,47JK1,,KC70SL-4,30,,
44095612,47JK1,,KC70SL-4,92,"0,34",
44095611,47JK1,,KC70SL-4,89,OC95,
44095610,47JK1,,KC70SL-4,55,655,11.0
44095609,47JK1,,KC70SL-4,10,Nein,
44095608,47JK1,,KC70SL-4,40,,
44095607,47JK1,,KC70SL-4,148,Nein,
44095606,47JK1,,KC70SL-4,26,758,15.0
44095605,47JK1,,KC70SL-4,91,Nein,
44095604,47JK1,,KC70SL-4,88,"7,1",
44095603,47JK1,,KC70SL-4,7,,
44095602,47JK1,,KC70SL-4,63,1563,15.0
44095601,47JK1,,KC70SL-4,23,Nein,
43997528,2202097,,SL 1200,154,21 - 26,19.0
43997527,2202097,,SL 1200,114,1200,15.0
43997526,2202097,,SL 1200,109,OilQuick,
43997525,2202097,,SL 1200,147,CAT J350,
43997524,2202097,,SL 1200,65,"0,990",16.0
43997523,2202097,,SL 1200,12,5,18.0
43997522,2202097,,SL 1200,26,1200,15.0
43997521,2202097,,SL 1200,113,OQ 70/55,
43997520,2202097,,SL 1200,63,,15.0
43997519,2202097,,SL 1200,55,,11.0
43997518,2202097,,SL 1200,73,,15.0
43997517,2202097,,SL 1200,71,,15.0
43997513,2202096,,TL 1200,154,21 - 26,19.0
43997512,2202096,,TL 1200,26,1200,15.0
43997511,2202096,,TL 1200,65,"0,990",16.0
43997510,2202096,,TL 1200,73,,15.0
43997509,2202096,,TL 1200,147,CAT J350,
43997508,2202096,,TL 1200,12,5,18.0
43997507,2202096,,TL 1200,113,OQ 70/55,
43997506,2202096,,TL 1200,109,OilQuick,
43997505,2202096,,TL 1200,63,,15.0
43997504,2202096,,TL 1200,55,,11.0
43997503,2202096,,TL 1200,114,1200,15.0
43997499,2202095,,SL 1200,154,16 - 21,19.0
43997498,2202095,,SL 1200,114,1200,15.0
43997497,2202095,,SL 1200,109,OilQuick,
43997496,2202095,,SL 1200,147,CAT J300,
43997495,2202095,,SL 1200,65,"0,925",16.0
43997494,2202095,,SL 1200,12,5,18.0
43997493,2202095,,SL 1200,26,1200,15.0
43997492,2202095,,SL 1200,113,OQ 70/55,
43997491,2202095,,SL 1200,63,,15.0
43997490,2202095,,SL 1200,55,,11.0
43997489,2202095,,SL 1200,73,,15.0
43997484,2203188,,GRL 1800,154,12 - 16,19.0
43997483,2203188,,GRL 1800,114,1800,15.0
43997482,2203188,,GRL 1800,55,,11.0
43997481,2203188,,GRL 1800,63,,15.0
43997480,2203188,,GRL 1800,65,"0,520",16.0
43997479,2203188,,GRL 1800,23,,
43997478,2203188,,GRL 1800,73,,15.0
43997477,2203188,,GRL 1800,26,1800,15.0
43997476,2203188,,GRL 1800,109,OilQuick,
43997475,2203188,,GRL 1800,113,OQ 60-5,
43997471,2202093,,TL 1000,154,12 - 16,19.0
43997470,2202093,,TL 1000,73,,15.0
43997469,2202093,,TL 1000,109,OilQuick,
43997468,2202093,,TL 1000,63,,15.0
43997467,2202093,,TL 1000,114,1000,15.0
43997466,2202093,,TL 1000,147,CAT J300,
43997465,2202093,,TL 1000,113,OQ 60-5,
43997464,2202093,,TL 1000,65,"0,610",16.0
43997463,2202093,,TL 1000,55,400,11.0
43997462,2202093,,TL 1000,26,1000,15.0
43997461,2202093,,TL 1000,12,4,18.0
43997457,2202094,,TL 1000,154,12 - 16,19.0
43997456,2202094,,TL 1000,73,,15.0
43997455,2202094,,TL 1000,109,OilQuick,
43997454,2202094,,TL 1000,63,,15.0
43997453,2202094,,TL 1000,114,1000,15.0
43997452,2202094,,TL 1000,147,CAT J300,
43997451,2202094,,TL 1000,113,OQ 60-5,
43997450,2202094,,TL 1000,65,"0,610",16.0
43997449,2202094,,TL 1000,55,400,11.0
43997448,2202094,,TL 1000,26,1000,15.0
43997447,2202094,,TL 1000,12,4,18.0
43993751,101880581092,,BW 100 AC-5,148,Nein,
43993750,101880581092,,BW 100 AC-5,96,Nein,
43993749,101880581092,,BW 100 AC-5,89,D1803,
43993748,101880581092,,BW 100 AC-5,88,"24,6",10.0
43993747,101880581092,,BW 100 AC-5,87,Kubota,
43993746,101880581092,,BW 100 AC-5,73,2529,15.0
43993745,101880581092,,BW 100 AC-5,70,Ja,
43993744,101880581092,,BW 100 AC-5,69,Nein,
43993743,101880581092,,BW 100 AC-5,67,1,18.0
43993742,101880581092,,BW 100 AC-5,63,1808,15.0
43993741,101880581092,,BW 100 AC-5,55,2400,11.0
43993740,101880581092,,BW 100 AC-5,54,Nein,
43993739,101880581092,,BW 100 AC-5,30,Ja,
43993738,101880581092,,BW 100 AC-5,26,1072,15.0
43993737,101880581092,,BW 100 AC-5,23,Nein,
43993736,101880581092,,BW 100 AC-5,16,Nein,
43993735,101880581092,,BW 100 AC-5,13,1000,15.0
43993734,101880581092,,BW 100 AC-5,7,Tier 4f,
43993733,101880581092,,BW 100 AC-5,6,Stufe V,
43979203,LE20942,17931,130 EC-B 8 Fr.tronic,53,,19.0
43979202,LE20942,17931,130 EC-B 8 Fr.tronic,146,,
43979201,LE20942,17931,130 EC-B 8 Fr.tronic,69,,
43979200,LE20942,17931,130 EC-B 8 Fr.tronic,19,,14.0
43979199,LE20942,17931,130 EC-B 8 Fr.tronic,148,,
43979198,LE20942,17931,130 EC-B 8 Fr.tronic,48,,3.0
43979197,LE20942,17931,130 EC-B 8 Fr.tronic,93,,5.0
43979196,LE20942,17931,130 EC-B 8 Fr.tronic,18,,14.0
43979195,LE20942,17931,130 EC-B 8 Fr.tronic,131,,11.0
43979194,LE20942,17931,130 EC-B 8 Fr.tronic,59,,14.0
43979193,LE20942,17931,130 EC-B 8 Fr.tronic,66,,
43979192,LE20942,17931,130 EC-B 8 Fr.tronic,94,,2.0
43979191,LE20942,17931,130 EC-B 8 Fr.tronic,130,,11.0
43979190,LE20942,17931,130 EC-B 8 Fr.tronic,76,,10.0
43979189,LE20942,17931,130 EC-B 8 Fr.tronic,133,,
43979188,LE20942,17931,130 EC-B 8 Fr.tronic,5,,
43979187,LE20942,17931,130 EC-B 8 Fr.tronic,50,,
43978974,52692,17932,81 K,131,,11.0
43978973,52692,17932,81 K,53,,19.0
43978972,52692,17932,81 K,93,,5.0
43978971,52692,17932,81 K,148,,
43978970,52692,17932,81 K,146,,
43978969,52692,17932,81 K,76,,10.0
43978968,52692,17932,81 K,94,,2.0
43978967,52692,17932,81 K,66,,
43978966,52692,17932,81 K,59,26,14.0
43978965,52692,17932,81 K,18,,14.0
43978964,52692,17932,81 K,130,,11.0
43978963,52692,17932,81 K,50,Ja,
43978962,52692,17932,81 K,69,,
43978961,52692,17932,81 K,48,,3.0
43978960,52692,17932,81 K,5,,
43978959,52692,17932,81 K,19,45,14.0
43978958,52692,17932,81 K,133,,
43969121,101587061545,,BW 177 D-5,96,Nein,
43969120,101587061545,,BW 177 D-5,136,Nein,
43969119,101587061545,,BW 177 D-5,73,4550,15.0
43969118,101587061545,,BW 177 D-5,7,Tier 4f,
43969117,101587061545,,BW 177 D-5,63,2800,15.0
43969116,101587061545,,BW 177 D-5,148,Nein,
43969115,101587061545,,BW 177 D-5,55,6600,11.0
43969114,101587061545,,BW 177 D-5,88,"55,4",10.0
43969113,101587061545,,BW 177 D-5,6,Stufe V,
43969112,101587061545,,BW 177 D-5,30,Nein,
43969111,101587061545,,BW 177 D-5,69,Ja,
43969110,101587061545,,BW 177 D-5,26,1820,15.0
43969109,101587061545,,BW 177 D-5,123,49,1.0
43969108,101587061545,,BW 177 D-5,135,,11.0
43969107,101587061545,,BW 177 D-5,13,1690,15.0
43969106,101587061545,,BW 177 D-5,23,Nein,
43969105,101587061545,,BW 177 D-5,87,Kubota,
43969104,101587061545,,BW 177 D-5,89,V3307 CR-T,
43918879,20065861,,CR 5-II,87,Hatz,
43918877,20065861,,CR 5-II,88,"4,6",10.0
43918875,20065861,,CR 5-II,39,Nein,
43918874,20065861,,CR 5-II,29,Ja,
43918873,20065861,,CR 5-II,55,296,11.0
43918872,20065861,,CR 5-II,89,1 B 30,
43918871,20065861,,CR 5-II,73,1545,15.0
43918870,20065861,,CR 5-II,13,550,15.0
43918869,20065861,,CR 5-II,85,Ja,
43918868,20065861,,CR 5-II,26,550,15.0
43918867,20065861,,CR 5-II,138,Ja,
43918866,20065861,,CR 5-II,104,Ja,
43918864,20065861,,CR 5-II,63,1065,15.0
43918863,20065861,,CR 5-II,84,Nein,
43918862,20065861,,CR 5-II,139,Ja,
43918858,20065865,,CR 5-II,87,Hatz,
43918856,20065865,,CR 5-II,88,"4,6",10.0
43918853,20065865,,CR 5-II,29,Ja,
43918852,20065865,,CR 5-II,55,196,11.0
43918851,20065865,,CR 5-II,89,1 B 30,
43918850,20065865,,CR 5-II,73,1545,15.0
43918849,20065865,,CR 5-II,13,550,15.0
43918848,20065865,,CR 5-II,85,Ja,
43918847,20065865,,CR 5-II,26,550,15.0
43918846,20065865,,CR 5-II,138,Ja,
43918845,20065865,,CR 5-II,104,Ja,
43918843,20065865,,CR 5-II,63,1065,15.0
43918842,20065865,,CR 5-II,84,Nein,
43918841,20065865,,CR 5-II,139,Ja,
43918834,20067734,,CR 3-II,87,Hatz,
43918832,20067734,,CR 3-II,88,"3,1",10.0
43918829,20067734,,CR 3-II,29,Ja,
43918828,20067734,,CR 3-II,55,206,11.0
43918827,20067734,,CR 3-II,89,1 B 20,
43918826,20067734,,CR 3-II,73,1350,15.0
43918825,20067734,,CR 3-II,13,500,15.0
43918824,20067734,,CR 3-II,85,Ja,
43918823,20067734,,CR 3-II,26,500,15.0
43918822,20067734,,CR 3-II,138,Ja,
43918821,20067734,,CR 3-II,104,Ja,
43918819,20067734,,CR 3-II,63,1060,15.0
43918818,20067734,,CR 3-II,84,Nein,
43918817,20067734,,CR 3-II,139,Ja,
43918810,20066573,,CF 2-II Hd,87,Honda,
43918808,20066573,,CF 2-II Hd,88,"2,7",10.0
43918807,20066573,,CF 2-II Hd,136,Nein,
43918806,20066573,,CF 2-II Hd,39,Nein,
43918805,20066573,,CF 2-II Hd,55,83,11.0
43918804,20066573,,CF 2-II Hd,89,GX 160,
43918803,20066573,,CF 2-II Hd,73,1130,15.0
43918802,20066573,,CF 2-II Hd,13,450,15.0
43918801,20066573,,CF 2-II Hd,85,Nein,
43918800,20066573,,CF 2-II Hd,26,450,15.0
43918799,20066573,,CF 2-II Hd,138,Nein,
43918798,20066573,,CF 2-II Hd,104,Nein,
43918796,20066573,,CF 2-II Hd,63,550,15.0
43918795,20066573,,CF 2-II Hd,84,Ja,
43918794,20066573,,CF 2-II Hd,139,Ja,
43903299,0705120031060395,17930,W 600 DC,45,,15.0
43903298,0705120031060395,17930,W 600 DC,23,,
43903297,0705120031060395,17930,W 600 DC,8,,
43903296,0705120031060395,17930,W 600 DC,6,,
43903295,0705120031060395,17930,W 600 DC,142,,
43903294,0705120031060395,17930,W 600 DC,69,,
43903293,0705120031060395,17930,W 600 DC,26,,15.0
43903292,0705120031060395,17930,W 600 DC,89,,
43903291,0705120031060395,17930,W 600 DC,143,,
43903290,0705120031060395,17930,W 600 DC,46,,18.0
43903289,0705120031060395,17930,W 600 DC,87,,
43903288,0705120031060395,17930,W 600 DC,55,,11.0
43903287,0705120031060395,17930,W 600 DC,30,,
43903286,0705120031060395,17930,W 600 DC,77,,
43903285,0705120031060395,17930,W 600 DC,148,,
43903284,0705120031060395,17930,W 600 DC,9,,
43903283,0705120031060395,17930,W 600 DC,47,,15.0
43903282,0705120031060395,17930,W 600 DC,41,,
43903281,0705120031060395,17930,W 600 DC,73,,15.0
43903280,0705120031060395,17930,W 600 DC,63,,15.0
43903279,0705120031060395,17930,W 600 DC,144,,
43903278,0705120031060395,17930,W 600 DC,122,,
43903277,0705120031060395,17930,W 600 DC,88,,10.0
43903276,0705120031060395,17930,W 600 DC,61,,
43903275,0705120031060395,17930,W 600 DC,7,,
43903274,0705120031060395,17930,W 600 DC,55,,11.0
43829339,47109,17916,200 EC-H 10 Litronic,53,,19.0
43829338,47109,17916,200 EC-H 10 Litronic,146,,
43829337,47109,17916,200 EC-H 10 Litronic,69,,
43829336,47109,17916,200 EC-H 10 Litronic,19,,14.0
43829335,47109,17916,200 EC-H 10 Litronic,148,,
43829334,47109,17916,200 EC-H 10 Litronic,48,,3.0
43829333,47109,17916,200 EC-H 10 Litronic,93,,5.0
43829332,47109,17916,200 EC-H 10 Litronic,18,,14.0
43829331,47109,17916,200 EC-H 10 Litronic,131,,11.0
43829330,47109,17916,200 EC-H 10 Litronic,59,,14.0
43829329,47109,17916,200 EC-H 10 Litronic,66,,
43829328,47109,17916,200 EC-H 10 Litronic,94,,2.0
43829327,47109,17916,200 EC-H 10 Litronic,130,,11.0
43829326,47109,17916,200 EC-H 10 Litronic,76,,10.0
43829325,47109,17916,200 EC-H 10 Litronic,133,,
43829324,47109,17916,200 EC-H 10 Litronic,5,,
43829323,47109,17916,200 EC-H 10 Litronic,50,,
43829057,45159,17914,280 EC-H 12 Litronic,53,,19.0
43829056,45159,17914,280 EC-H 12 Litronic,146,,
43829055,45159,17914,280 EC-H 12 Litronic,69,,
43829054,45159,17914,280 EC-H 12 Litronic,19,,14.0
43829053,45159,17914,280 EC-H 12 Litronic,148,,
43829052,45159,17914,280 EC-H 12 Litronic,48,,3.0
43829051,45159,17914,280 EC-H 12 Litronic,93,,5.0
43829050,45159,17914,280 EC-H 12 Litronic,18,,14.0
43829049,45159,17914,280 EC-H 12 Litronic,131,,11.0
43829048,45159,17914,280 EC-H 12 Litronic,59,,14.0
43829047,45159,17914,280 EC-H 12 Litronic,66,,
43829046,45159,17914,280 EC-H 12 Litronic,94,,2.0
43829045,45159,17914,280 EC-H 12 Litronic,130,,11.0
43829044,45159,17914,280 EC-H 12 Litronic,76,,10.0
43829043,45159,17914,280 EC-H 12 Litronic,133,,
43829042,45159,17914,280 EC-H 12 Litronic,5,,
43829041,45159,17914,280 EC-H 12 Litronic,50,,
43819288,45058,17913,280 EC-H 12 Litronic,53,,19.0
43819287,45058,17913,280 EC-H 12 Litronic,146,,
43819286,45058,17913,280 EC-H 12 Litronic,69,,
43819285,45058,17913,280 EC-H 12 Litronic,19,,14.0
43819284,45058,17913,280 EC-H 12 Litronic,148,,
43819283,45058,17913,280 EC-H 12 Litronic,48,,3.0
43819282,45058,17913,280 EC-H 12 Litronic,93,,5.0
43819281,45058,17913,280 EC-H 12 Litronic,18,,14.0
43819280,45058,17913,280 EC-H 12 Litronic,131,,11.0
43819279,45058,17913,280 EC-H 12 Litronic,59,,14.0
43819278,45058,17913,280 EC-H 12 Litronic,66,,
43819277,45058,17913,280 EC-H 12 Litronic,94,,2.0
43819276,45058,17913,280 EC-H 12 Litronic,130,,11.0
43819275,45058,17913,280 EC-H 12 Litronic,76,,10.0
43819274,45058,17913,280 EC-H 12 Litronic,133,,
43819273,45058,17913,280 EC-H 12 Litronic,5,,
43819272,45058,17913,280 EC-H 12 Litronic,50,,
43818963,44213,17912,280 EC-H 12 Litronic,53,,19.0
43818962,44213,17912,280 EC-H 12 Litronic,146,,
43818961,44213,17912,280 EC-H 12 Litronic,69,,
43818960,44213,17912,280 EC-H 12 Litronic,19,,14.0
43818959,44213,17912,280 EC-H 12 Litronic,148,,
43818958,44213,17912,280 EC-H 12 Litronic,48,,3.0
43818957,44213,17912,280 EC-H 12 Litronic,93,,5.0
43818956,44213,17912,280 EC-H 12 Litronic,18,,14.0
43818955,44213,17912,280 EC-H 12 Litronic,131,,11.0
43818954,44213,17912,280 EC-H 12 Litronic,59,,14.0
43818953,44213,17912,280 EC-H 12 Litronic,66,,
43818952,44213,17912,280 EC-H 12 Litronic,94,,2.0
43818951,44213,17912,280 EC-H 12 Litronic,130,,11.0
43818950,44213,17912,280 EC-H 12 Litronic,76,,10.0
43818949,44213,17912,280 EC-H 12 Litronic,133,,
43818948,44213,17912,280 EC-H 12 Litronic,5,,
43818947,44213,17912,280 EC-H 12 Litronic,50,,
43815384,101870871016,,BW 154 ACP-4v,135,,11.0
43815383,101870871016,,BW 154 ACP-4v,26,1665,15.0
43815382,101870871016,,BW 154 ACP-4v,7,Tier 4f,
43815381,101870871016,,BW 154 ACP-4v,88,"55,4",10.0
43815380,101870871016,,BW 154 ACP-4v,6,Stufe V,
43815379,101870871016,,BW 154 ACP-4v,54,Ja,
43815378,101870871016,,BW 154 ACP-4v,30,Ja,
43815377,101870871016,,BW 154 ACP-4v,63,2955,15.0
43815376,101870871016,,BW 154 ACP-4v,73,3990,15.0
43815375,101870871016,,BW 154 ACP-4v,13,1500,15.0
43815374,101870871016,,BW 154 ACP-4v,148,Nein,
43815373,101870871016,,BW 154 ACP-4v,16,Nein,
43815372,101870871016,,BW 154 ACP-4v,70,Nein,
43815371,101870871016,,BW 154 ACP-4v,136,Nein,
43815370,101870871016,,BW 154 ACP-4v,23,Nein,
43815369,101870871016,,BW 154 ACP-4v,69,Ja,
43815368,101870871016,,BW 154 ACP-4v,89,V3307 CR-T,
43815367,101870871016,,BW 154 ACP-4v,87,Kubota,
43815366,101870871016,,BW 154 ACP-4v,96,Nein,
43815365,101870871016,,BW 154 ACP-4v,55,7200,11.0
43815364,101870871016,,BW 154 ACP-4v,67,1,18.0
43804570,43870,17911,280 EC-H 12 Litronic,53,,19.0
43804569,43870,17911,280 EC-H 12 Litronic,146,,
43804568,43870,17911,280 EC-H 12 Litronic,69,,
43804567,43870,17911,280 EC-H 12 Litronic,19,,14.0
43804566,43870,17911,280 EC-H 12 Litronic,148,,
43804565,43870,17911,280 EC-H 12 Litronic,48,,3.0
43804564,43870,17911,280 EC-H 12 Litronic,93,,5.0
43804563,43870,17911,280 EC-H 12 Litronic,18,,14.0
43804562,43870,17911,280 EC-H 12 Litronic,131,,11.0
43804561,43870,17911,280 EC-H 12 Litronic,59,,14.0
43804560,43870,17911,280 EC-H 12 Litronic,66,,
43804559,43870,17911,280 EC-H 12 Litronic,94,,2.0
43804558,43870,17911,280 EC-H 12 Litronic,130,,11.0
43804557,43870,17911,280 EC-H 12 Litronic,76,,10.0
43804556,43870,17911,280 EC-H 12 Litronic,133,,
43804555,43870,17911,280 EC-H 12 Litronic,5,,
43804554,43870,17911,280 EC-H 12 Litronic,50,,
43803546,43763,17915,280 EC-H 16 Litronic,53,,19.0
43803545,43763,17915,280 EC-H 16 Litronic,146,,
43803544,43763,17915,280 EC-H 16 Litronic,69,,
43803543,43763,17915,280 EC-H 16 Litronic,19,,14.0
43803542,43763,17915,280 EC-H 16 Litronic,148,,
43803541,43763,17915,280 EC-H 16 Litronic,48,,3.0
43803540,43763,17915,280 EC-H 16 Litronic,93,,5.0
43803539,43763,17915,280 EC-H 16 Litronic,18,,14.0
43803538,43763,17915,280 EC-H 16 Litronic,131,,11.0
43803537,43763,17915,280 EC-H 16 Litronic,59,,14.0
43803536,43763,17915,280 EC-H 16 Litronic,66,,
43803535,43763,17915,280 EC-H 16 Litronic,94,,2.0
43803534,43763,17915,280 EC-H 16 Litronic,130,,11.0
43803533,43763,17915,280 EC-H 16 Litronic,76,,10.0
43803532,43763,17915,280 EC-H 16 Litronic,133,,
43803531,43763,17915,280 EC-H 16 Litronic,5,,
43803530,43763,17915,280 EC-H 16 Litronic,50,,
43790861,635355,17922,F 121 C,152,,15.0
43790860,635355,17922,F 121 C,52,,
43790859,635355,17922,F 121 C,38,,14.0
43790858,635355,17922,F 121 C,37,,14.0
43790857,635355,17922,F 121 C,36,,14.0
43790856,635355,17922,F 121 C,149,,
43790855,635355,17922,F 121 C,73,,15.0
43790854,635355,17922,F 121 C,89,,
43790853,635355,17922,F 121 C,88,,10.0
43790851,635355,17922,F 121 C,35,,
43790850,635355,17922,F 121 C,127,,
43790849,635355,17922,F 121 C,148,,
43790848,635355,17922,F 121 C,8,,
43790847,635355,17922,F 121 C,26,,15.0
43790846,635355,17922,F 121 C,7,,
43790845,635355,17922,F 121 C,63,,15.0
43790844,635355,17922,F 121 C,87,,
43790843,635355,17922,F 121 C,27,,
43790842,635355,17922,F 121 C,23,,
43790841,635355,17922,F 121 C,132,,
43790840,635355,17922,F 121 C,34,,20.0
43790839,635355,17922,F 121 C,30,,
43790838,635355,17922,F 121 C,6,,
43790837,635355,17922,F 121 C,55,,11.0
43743467,50419,17921,160 EC-B 8 Litronic,133,,
43743466,50419,17921,160 EC-B 8 Litronic,53,,19.0
43743465,50419,17921,160 EC-B 8 Litronic,148,,
43743464,50419,17921,160 EC-B 8 Litronic,69,,
43743463,50419,17921,160 EC-B 8 Litronic,59,,14.0
43743462,50419,17921,160 EC-B 8 Litronic,66,,
43743461,50419,17921,160 EC-B 8 Litronic,50,,
43743460,50419,17921,160 EC-B 8 Litronic,19,60,14.0
43694647,JCB409POV01780925,20390,409 B,126,Nein,
43694646,JCB409POV01780925,20390,409 B,148,Nein,
43694645,JCB409POV01780925,20390,409 B,109,JCB,
43694644,JCB409POV01780925,20390,409 B,111,Ja,
43694643,JCB409POV01780925,20390,409 B,95,2200,11.0
43694642,JCB409POV01780925,20390,409 B,89,TCD 2011 L 04 I,
43694641,JCB409POV01780925,20390,409 B,88,"56,5",10.0
43694640,JCB409POV01780925,20390,409 B,87,Deutz,
43694639,JCB409POV01780925,20390,409 B,73,6200,15.0
43694638,JCB409POV01780925,20390,409 B,70,Ja,
43694637,JCB409POV01780925,20390,409 B,69,Nein,
43694636,JCB409POV01780925,20390,409 B,63,2750,15.0
43694635,JCB409POV01780925,20390,409 B,55,6000,11.0
43694634,JCB409POV01780925,20390,409 B,40,20,12.0
43694633,JCB409POV01780925,20390,409 B,30,Nein,
43694632,JCB409POV01780925,20390,409 B,26,2020,15.0
43694631,JCB409POV01780925,20390,409 B,11,Nein,
43694630,JCB409POV01780925,20390,409 B,7,Tier 2,
43694629,JCB409POV01780925,20390,409 B,6,Stufe III A,
43694628,JCB409POV01780925,20390,409 B,126,Nein,
43694627,JCB409POV01780925,20390,409 B,148,Nein,
43694626,JCB409POV01780925,20390,409 B,109,JCB,
43694625,JCB409POV01780925,20390,409 B,111,Ja,
43694624,JCB409POV01780925,20390,409 B,95,2200,11.0
43694623,JCB409POV01780925,20390,409 B,89,TCD 2011 L 04 I,
43694622,JCB409POV01780925,20390,409 B,88,"56,5",10.0
43694621,JCB409POV01780925,20390,409 B,87,Deutz,
43694620,JCB409POV01780925,20390,409 B,73,6200,15.0
43694619,JCB409POV01780925,20390,409 B,70,Ja,
43694618,JCB409POV01780925,20390,409 B,69,Nein,
43694617,JCB409POV01780925,20390,409 B,63,2750,15.0
43694616,JCB409POV01780925,20390,409 B,55,6000,11.0
43694615,JCB409POV01780925,20390,409 B,40,20,12.0
43694614,JCB409POV01780925,20390,409 B,30,Nein,
43694613,JCB409POV01780925,20390,409 B,26,2020,15.0
43694612,JCB409POV01780925,20390,409 B,11,Nein,
43694611,JCB409POV01780925,20390,409 B,7,Tier 2,
43694610,JCB409POV01780925,20390,409 B,6,Stufe III A,
43692268,GT1000020405254,,Gabel - 1245,73,,15.0
43692267,GT1000020405254,,Gabel - 1245,113,,
43692266,GT1000020405254,,Gabel - 1245,63,,15.0
43692265,GT1000020405254,,Gabel - 1245,95,2500,11.0
43692264,GT1000020405254,,Gabel - 1245,110,,
43692263,GT1000020405254,,Gabel - 1245,112,,
43692262,GT1000020405254,,Gabel - 1245,111,,
43692261,GT1000020405254,,Gabel - 1245,26,,15.0
43692260,GT1000020405254,,Gabel - 1245,109,,
43692259,GT1000020405254,,Gabel - 1245,55,187,11.0
43692255,0743301190326,,Standardschaufel - 1245,55,250,11.0
43692254,0743301190326,,Standardschaufel - 1245,73,,15.0
43692253,0743301190326,,Standardschaufel - 1245,113,,
43692252,0743301190326,,Standardschaufel - 1245,109,,
43692251,0743301190326,,Standardschaufel - 1245,63,,15.0
43692250,0743301190326,,Standardschaufel - 1245,112,,
43692249,0743301190326,,Standardschaufel - 1245,110,,
43692248,0743301190326,,Standardschaufel - 1245,111,Ja,
43692247,0743301190326,,Standardschaufel - 1245,65,"0,50",16.0
43692246,0743301190326,,Standardschaufel - 1245,114,1600,15.0
43692245,0743301190326,,Standardschaufel - 1245,26,1600,15.0
43692244,0743301190326,,Standardschaufel - 1245,23,Nein,
43692240,3056770,,1245,6,Stufe III A,
43692239,3056770,,1245,30,,
43692238,3056770,,1245,55,2700,11.0
43692237,3056770,,1245,7,,
43692236,3056770,,1245,148,Nein,
43692235,3056770,,1245,50,Nein,
43692234,3056770,,1245,26,1560,15.0
43692233,3056770,,1245,40,20,12.0
43692232,3056770,,1245,88,"22,6",10.0
43692231,3056770,,1245,63,1940,15.0
43692230,3056770,,1245,5,Nein,
43692229,3056770,,1245,32,Nein,
43692228,3056770,,1245,64,4123,15.0
43692227,3056770,,1245,87,Yanmar,
43692226,3056770,,1245,89,3TNV82A,
43692225,3056770,,1245,131,1200,11.0
43692224,3056770,,1245,18,"2,3",14.0
43692223,3056770,,1245,23,Nein,
43692222,3056770,,1245,73,2916,15.0
43692221,3056770,,1245,69,Nein,
43691738,W092662F7MGW88038,,Muldy 3500cargo,102,Nein,
43691737,W092662F7MGW88038,,Muldy 3500cargo,26,1680,15.0
43691736,W092662F7MGW88038,,Muldy 3500cargo,73,4150,15.0
43691735,W092662F7MGW88038,,Muldy 3500cargo,2,Ja,
43691734,W092662F7MGW88038,,Muldy 3500cargo,1,Nein,
43691733,W092662F7MGW88038,,Muldy 3500cargo,63,1400,15.0
43691732,W092662F7MGW88038,,Muldy 3500cargo,3,Nein,
43691731,W092662F7MGW88038,,Muldy 3500cargo,55,830 - 910,11.0
43691730,W092662F7MGW88038,,Muldy 3500cargo,95,2590 - 2670,11.0
43691729,W092662F7MGW88038,,Muldy 3500cargo,103,Nein,
43691728,W092662F7MGW88038,,Muldy 3500cargo,4,Nein,
43691721,W092662F5MGW88037,,Muldy 3500cargo,102,Nein,
43691720,W092662F5MGW88037,,Muldy 3500cargo,26,1680,15.0
43691719,W092662F5MGW88037,,Muldy 3500cargo,73,4150,15.0
43691718,W092662F5MGW88037,,Muldy 3500cargo,2,Ja,
43691717,W092662F5MGW88037,,Muldy 3500cargo,1,Nein,
43691716,W092662F5MGW88037,,Muldy 3500cargo,63,1400,15.0
43691715,W092662F5MGW88037,,Muldy 3500cargo,3,Nein,
43691714,W092662F5MGW88037,,Muldy 3500cargo,55,830 - 910,11.0
43691713,W092662F5MGW88037,,Muldy 3500cargo,95,2590 - 2670,11.0
43691712,W092662F5MGW88037,,Muldy 3500cargo,103,Nein,
43691711,W092662F5MGW88037,,Muldy 3500cargo,4,Nein,
43443886,20020653,300647,CR 3,87,Hatz,
43443885,20020653,300647,CR 3,117,,15.0
43443884,20020653,300647,CR 3,88,"3,1",10.0
43443883,20020653,300647,CR 3,136,,
43443882,20020653,300647,CR 3,39,,
43443881,20020653,300647,CR 3,29,Ja,
43443880,20020653,300647,CR 3,55,206,11.0
43443879,20020653,300647,CR 3,89,1 B 20,
43443878,20020653,300647,CR 3,73,1350,15.0
43443877,20020653,300647,CR 3,13,500,15.0
43443876,20020653,300647,CR 3,85,Ja,
43443875,20020653,300647,CR 3,26,500,15.0
43443874,20020653,300647,CR 3,138,Ja,
43443873,20020653,300647,CR 3,104,Ja,
43443872,20020653,300647,CR 3,135,,11.0
43443871,20020653,300647,CR 3,63,1060,15.0
43443870,20020653,300647,CR 3,84,Nein,
43443869,20020653,300647,CR 3,139,Ja,
43406622,43541,17904,180 EC-H 10 Litronic,53,,19.0
43406621,43541,17904,180 EC-H 10 Litronic,146,,
43406620,43541,17904,180 EC-H 10 Litronic,69,,
43406619,43541,17904,180 EC-H 10 Litronic,19,60,14.0
43406618,43541,17904,180 EC-H 10 Litronic,148,,
43406617,43541,17904,180 EC-H 10 Litronic,48,,3.0
43406616,43541,17904,180 EC-H 10 Litronic,93,,5.0
43406615,43541,17904,180 EC-H 10 Litronic,18,,14.0
43406614,43541,17904,180 EC-H 10 Litronic,131,,11.0
43406613,43541,17904,180 EC-H 10 Litronic,59,,14.0
43406612,43541,17904,180 EC-H 10 Litronic,66,,
43406611,43541,17904,180 EC-H 10 Litronic,94,,2.0
43406610,43541,17904,180 EC-H 10 Litronic,130,,11.0
43406609,43541,17904,180 EC-H 10 Litronic,76,,10.0
43406608,43541,17904,180 EC-H 10 Litronic,133,,
43406607,43541,17904,180 EC-H 10 Litronic,5,,
43406606,43541,17904,180 EC-H 10 Litronic,50,,
43356763,40938,17908,132 EC-H 8 Litronic,53,,19.0
43356762,40938,17908,132 EC-H 8 Litronic,146,,
43356761,40938,17908,132 EC-H 8 Litronic,69,,
43356760,40938,17908,132 EC-H 8 Litronic,19,,14.0
43356759,40938,17908,132 EC-H 8 Litronic,148,,
43356758,40938,17908,132 EC-H 8 Litronic,48,,3.0
43356757,40938,17908,132 EC-H 8 Litronic,93,,5.0
43356756,40938,17908,132 EC-H 8 Litronic,18,,14.0
43356755,40938,17908,132 EC-H 8 Litronic,131,,11.0
43356754,40938,17908,132 EC-H 8 Litronic,59,,14.0
43356753,40938,17908,132 EC-H 8 Litronic,66,,
43356752,40938,17908,132 EC-H 8 Litronic,94,,2.0
43356751,40938,17908,132 EC-H 8 Litronic,130,,11.0
43356750,40938,17908,132 EC-H 8 Litronic,76,,10.0
43356749,40938,17908,132 EC-H 8 Litronic,133,,
43356748,40938,17908,132 EC-H 8 Litronic,5,,
43356747,40938,17908,132 EC-H 8 Litronic,50,,
43305283,DEQ216607,,MG 1000,111,Ja,
43305281,DEQ216607,,MG 1000,26,810,15.0
43305280,DEQ216607,,MG 1000,55,"1.312,00",11.0
43305278,DEQ216607,,MG 1000,109,OilQuick,
43305277,DEQ216607,,MG 1000,113,OQ 70/55,
43305276,DEQ216607,,MG 1000,73,1900,15.0
43305275,DEQ216607,,MG 1000,63,1275,15.0
43296218,H1850481,17906,HD + 90 VO,69,,
43296217,H1850481,17906,HD + 90 VO,88,,10.0
43296216,H1850481,17906,HD + 90 VO,54,,
43296215,H1850481,17906,HD + 90 VO,30,,
43296214,H1850481,17906,HD + 90 VO,13,,15.0
43296213,H1850481,17906,HD + 90 VO,23,,
43296212,H1850481,17906,HD + 90 VO,73,,15.0
43296211,H1850481,17906,HD + 90 VO,63,,15.0
43296210,H1850481,17906,HD + 90 VO,135,,11.0
43296209,H1850481,17906,HD + 90 VO,70,,
43296208,H1850481,17906,HD + 90 VO,67,,18.0
43296207,H1850481,17906,HD + 90 VO,87,,
43296206,H1850481,17906,HD + 90 VO,96,,
43296205,H1850481,17906,HD + 90 VO,26,,15.0
43296204,H1850481,17906,HD + 90 VO,89,,
43296203,H1850481,17906,HD + 90 VO,55,,11.0
43296202,H1850481,17906,HD + 90 VO,6,,
43296201,H1850481,17906,HD + 90 VO,148,,
43296200,H1850481,17906,HD + 90 VO,7,,
43296199,H1850481,17906,HD + 90 VO,16,,
43296198,H1850481,17906,HD + 90 VO,136,,
43282584,65VB/0380R,,Verbreiterung - AB 220-3 TV - 500R,149,AB 220-3 TV,
43282583,65VB/0380R,,Verbreiterung - AB 220-3 TV - 500R,26,500,15.0
43282577,65VB/0380L,,Verbreiterung - AB 220-3 TV - 500L,149,AB 220-3 TV,
43282576,65VB/0380L,,Verbreiterung - AB 220-3 TV - 500L,26,500,15.0
43267672,CMWR15T3VB0000204,17894,RT 115 H,89,,
43267671,CMWR15T3VB0000204,17894,RT 115 H,7,,
43267670,CMWR15T3VB0000204,17894,RT 115 H,73,,15.0
43267669,CMWR15T3VB0000204,17894,RT 115 H,30,,
43267668,CMWR15T3VB0000204,17894,RT 115 H,23,,
43267667,CMWR15T3VB0000204,17894,RT 115 H,69,,
43267666,CMWR15T3VB0000204,17894,RT 115 H,45,,15.0
43267665,CMWR15T3VB0000204,17894,RT 115 H,46,,18.0
43267664,CMWR15T3VB0000204,17894,RT 115 H,6,,
43267663,CMWR15T3VB0000204,17894,RT 115 H,63,,15.0
43267662,CMWR15T3VB0000204,17894,RT 115 H,55,,11.0
43267661,CMWR15T3VB0000204,17894,RT 115 H,26,,15.0
43267660,CMWR15T3VB0000204,17894,RT 115 H,148,,
43267659,CMWR15T3VB0000204,17894,RT 115 H,88,,10.0
43267658,CMWR15T3VB0000204,17894,RT 115 H,47,,15.0
43267657,CMWR15T3VB0000204,17894,RT 115 H,87,,
43267653,100662,,Klappschaufel,114,,15.0
43267652,100662,,Klappschaufel,109,Atlas,
43267651,100662,,Klappschaufel,73,,15.0
43267650,100662,,Klappschaufel,65,,16.0
43267649,100662,,Klappschaufel,63,,15.0
43267648,100662,,Klappschaufel,55,,11.0
43267647,100662,,Klappschaufel,26,,15.0
43267646,100662,,Klappschaufel,23,,
43267642,100661,,Gabel,73,,15.0
43267641,100661,,Gabel,113,,
43267640,100661,,Gabel,63,,15.0
43267639,100661,,Gabel,95,,11.0
43267638,100661,,Gabel,110,,
43267637,100661,,Gabel,112,,
43267636,100661,,Gabel,111,,
43267635,100661,,Gabel,26,,15.0
43267634,100661,,Gabel,109,,
43267633,100661,,Gabel,55,,11.0
43267629,114000,17893,AR 60,110,,
43267628,114000,17893,AR 60,73,,15.0
43267627,114000,17893,AR 60,89,,
43267626,114000,17893,AR 60,112,,
43267625,114000,17893,AR 60,63,,15.0
43267624,114000,17893,AR 60,40,,12.0
43267623,114000,17893,AR 60,95,,11.0
43267622,114000,17893,AR 60,26,,15.0
43267621,114000,17893,AR 60,7,,
43267620,114000,17893,AR 60,30,,
43267619,114000,17893,AR 60,126,,
43267618,114000,17893,AR 60,148,,
43267617,114000,17893,AR 60,113,,
43267616,114000,17893,AR 60,111,,
43267615,114000,17893,AR 60,70,,
43267614,114000,17893,AR 60,11,,
43267613,114000,17893,AR 60,23,,
43267612,114000,17893,AR 60,87,,
43267611,114000,17893,AR 60,55,,11.0
43267610,114000,17893,AR 60,69,,
43267609,114000,17893,AR 60,109,,
43267608,114000,17893,AR 60,88,,10.0
43267607,114000,17893,AR 60,6,,
43267603,100659,,Klappschaufel,114,,15.0
43267602,100659,,Klappschaufel,109,Atlas,
43267601,100659,,Klappschaufel,73,,15.0
43267600,100659,,Klappschaufel,65,,16.0
43267599,100659,,Klappschaufel,63,,15.0
43267598,100659,,Klappschaufel,55,,11.0
43267597,100659,,Klappschaufel,26,,15.0
43267596,100659,,Klappschaufel,23,,
43267592,100658,,Gabel,73,,15.0
43267591,100658,,Gabel,113,,
43267590,100658,,Gabel,63,,15.0
43267589,100658,,Gabel,95,,11.0
43267588,100658,,Gabel,110,,
43267587,100658,,Gabel,112,,
43267586,100658,,Gabel,111,,
43267585,100658,,Gabel,26,,15.0
43267584,100658,,Gabel,109,,
43267583,100658,,Gabel,55,,11.0
43267579,113015,17892,AR 60,110,,
43267578,113015,17892,AR 60,73,,15.0
43267577,113015,17892,AR 60,89,,
43267576,113015,17892,AR 60,112,,
43267575,113015,17892,AR 60,63,,15.0
43267574,113015,17892,AR 60,40,,12.0
43267573,113015,17892,AR 60,95,,11.0
43267572,113015,17892,AR 60,26,,15.0
43267571,113015,17892,AR 60,7,,
43267570,113015,17892,AR 60,30,,
43267569,113015,17892,AR 60,126,,
43267568,113015,17892,AR 60,148,,
43267567,113015,17892,AR 60,113,,
43267566,113015,17892,AR 60,111,,
43267565,113015,17892,AR 60,70,,
43267564,113015,17892,AR 60,11,,
43267563,113015,17892,AR 60,23,,
43267562,113015,17892,AR 60,87,,
43267561,113015,17892,AR 60,55,,11.0
43267560,113015,17892,AR 60,69,,
43267559,113015,17892,AR 60,109,,
43267558,113015,17892,AR 60,88,,10.0
43267557,113015,17892,AR 60,6,,
43267553,100656,,Klappschaufel,114,,15.0
43267552,100656,,Klappschaufel,109,Atlas,
43267551,100656,,Klappschaufel,73,,15.0
43267550,100656,,Klappschaufel,65,,16.0
43267549,100656,,Klappschaufel,63,,15.0
43267548,100656,,Klappschaufel,55,,11.0
43267547,100656,,Klappschaufel,26,,15.0
43267546,100656,,Klappschaufel,23,,
43267542,100655,,Gabel,73,,15.0
43267541,100655,,Gabel,113,,
43267540,100655,,Gabel,63,,15.0
43267539,100655,,Gabel,95,,11.0
43267538,100655,,Gabel,110,,
43267537,100655,,Gabel,112,,
43267536,100655,,Gabel,111,,
43267535,100655,,Gabel,26,,15.0
43267534,100655,,Gabel,109,,
43267533,100655,,Gabel,55,,11.0
43267529,112378,17891,AR 60,110,,
43267528,112378,17891,AR 60,73,,15.0
43267527,112378,17891,AR 60,89,,
43267526,112378,17891,AR 60,112,,
43267525,112378,17891,AR 60,63,,15.0
43267524,112378,17891,AR 60,40,,12.0
43267523,112378,17891,AR 60,95,,11.0
43267522,112378,17891,AR 60,26,,15.0
43267521,112378,17891,AR 60,7,,
43267520,112378,17891,AR 60,30,,
43267519,112378,17891,AR 60,126,,
43267518,112378,17891,AR 60,148,,
43267517,112378,17891,AR 60,113,,
43267516,112378,17891,AR 60,111,,
43267515,112378,17891,AR 60,70,,
43267514,112378,17891,AR 60,11,,
43267513,112378,17891,AR 60,23,,
43267512,112378,17891,AR 60,87,,
43267511,112378,17891,AR 60,55,,11.0
43267510,112378,17891,AR 60,69,,
43267509,112378,17891,AR 60,109,,
43267508,112378,17891,AR 60,88,,10.0
43267507,112378,17891,AR 60,6,,
43267500,100652,,Verbreiterung - VDT - V 88 ETC - 750R,154,,19.0
43267499,100652,,Verbreiterung - VDT - V 88 ETC - 750R,116,,15.0
43267498,100652,,Verbreiterung - VDT - V 88 ETC - 750R,149,VDT - V 88 ETC,
43267497,100652,,Verbreiterung - VDT - V 88 ETC - 750R,111,,
43267496,100652,,Verbreiterung - VDT - V 88 ETC - 750R,112,,
43267495,100652,,Verbreiterung - VDT - V 88 ETC - 750R,26,750,15.0
43267494,100652,,Verbreiterung - VDT - V 88 ETC - 750R,55,,11.0
43267493,100652,,Verbreiterung - VDT - V 88 ETC - 750R,110,,
43267492,100652,,Verbreiterung - VDT - V 88 ETC - 750R,109,,
43267491,100652,,Verbreiterung - VDT - V 88 ETC - 750R,23,,
43267490,100652,,Verbreiterung - VDT - V 88 ETC - 750R,113,,
43267489,100652,,Verbreiterung - VDT - V 88 ETC - 750R,73,,15.0
43267488,100652,,Verbreiterung - VDT - V 88 ETC - 750R,63,,15.0
43267484,100651,,Verbreiterung - VDT - V 88 ETC - 750R,154,,19.0
43267483,100651,,Verbreiterung - VDT - V 88 ETC - 750R,116,,15.0
43267482,100651,,Verbreiterung - VDT - V 88 ETC - 750R,149,VDT - V 88 ETC,
43267481,100651,,Verbreiterung - VDT - V 88 ETC - 750R,111,,
43267480,100651,,Verbreiterung - VDT - V 88 ETC - 750R,112,,
43267479,100651,,Verbreiterung - VDT - V 88 ETC - 750R,26,750,15.0
43267478,100651,,Verbreiterung - VDT - V 88 ETC - 750R,55,,11.0
43267477,100651,,Verbreiterung - VDT - V 88 ETC - 750R,110,,
43267476,100651,,Verbreiterung - VDT - V 88 ETC - 750R,109,,
43267475,100651,,Verbreiterung - VDT - V 88 ETC - 750R,23,,
43267474,100651,,Verbreiterung - VDT - V 88 ETC - 750R,113,,
43267473,100651,,Verbreiterung - VDT - V 88 ETC - 750R,73,,15.0
43267472,100651,,Verbreiterung - VDT - V 88 ETC - 750R,63,,15.0
43267468,100650,,Verbreiterung - VDT - V 88 ETC - 750L,154,,19.0
43267467,100650,,Verbreiterung - VDT - V 88 ETC - 750L,116,,15.0
43267466,100650,,Verbreiterung - VDT - V 88 ETC - 750L,149,VDT - V 88 ETC,
43267465,100650,,Verbreiterung - VDT - V 88 ETC - 750L,111,,
43267464,100650,,Verbreiterung - VDT - V 88 ETC - 750L,112,,
43267463,100650,,Verbreiterung - VDT - V 88 ETC - 750L,26,750,15.0
43267462,100650,,Verbreiterung - VDT - V 88 ETC - 750L,55,,11.0
43267461,100650,,Verbreiterung - VDT - V 88 ETC - 750L,110,,
43267460,100650,,Verbreiterung - VDT - V 88 ETC - 750L,109,,
43267459,100650,,Verbreiterung - VDT - V 88 ETC - 750L,23,,
43267458,100650,,Verbreiterung - VDT - V 88 ETC - 750L,113,,
43267457,100650,,Verbreiterung - VDT - V 88 ETC - 750L,73,,15.0
43267456,100650,,Verbreiterung - VDT - V 88 ETC - 750L,63,,15.0
43267452,100649,,Verbreiterung - VDT - V 88 ETC - 750L,154,,19.0
43267451,100649,,Verbreiterung - VDT - V 88 ETC - 750L,116,,15.0
43267450,100649,,Verbreiterung - VDT - V 88 ETC - 750L,149,VDT - V 88 ETC,
43267449,100649,,Verbreiterung - VDT - V 88 ETC - 750L,111,,
43267448,100649,,Verbreiterung - VDT - V 88 ETC - 750L,112,,
43267447,100649,,Verbreiterung - VDT - V 88 ETC - 750L,26,750,15.0
43267446,100649,,Verbreiterung - VDT - V 88 ETC - 750L,55,,11.0
43267445,100649,,Verbreiterung - VDT - V 88 ETC - 750L,110,,
43267444,100649,,Verbreiterung - VDT - V 88 ETC - 750L,109,,
43267443,100649,,Verbreiterung - VDT - V 88 ETC - 750L,23,,
43267442,100649,,Verbreiterung - VDT - V 88 ETC - 750L,113,,
43267441,100649,,Verbreiterung - VDT - V 88 ETC - 750L,73,,15.0
43267440,100649,,Verbreiterung - VDT - V 88 ETC - 750L,63,,15.0
43267436,710111,17889,P 8820 C,152,,15.0
43267435,710111,17889,P 8820 C,52,,
43267434,710111,17889,P 8820 C,38,,14.0
43267433,710111,17889,P 8820 C,37,,14.0
43267432,710111,17889,P 8820 C,36,,14.0
43267431,710111,17889,P 8820 C,149,,
43267430,710111,17889,P 8820 C,73,,15.0
43267429,710111,17889,P 8820 C,89,,
43267428,710111,17889,P 8820 C,88,,10.0
43267426,710111,17889,P 8820 C,35,,
43267425,710111,17889,P 8820 C,127,,
43267424,710111,17889,P 8820 C,148,,
43267423,710111,17889,P 8820 C,8,,
43267422,710111,17889,P 8820 C,26,,15.0
43267421,710111,17889,P 8820 C,7,,
43267420,710111,17889,P 8820 C,63,,15.0
43267419,710111,17889,P 8820 C,87,,
43267418,710111,17889,P 8820 C,27,,
43267417,710111,17889,P 8820 C,23,,
43267416,710111,17889,P 8820 C,132,,
43267415,710111,17889,P 8820 C,34,,20.0
43267414,710111,17889,P 8820 C,30,,
43267413,710111,17889,P 8820 C,6,,
43267412,710111,17889,P 8820 C,55,,11.0
43267405,WLHZ1179HZK073263,17888,A 920,69,,
43267404,WLHZ1179HZK073263,17888,A 920,83,,
43267403,WLHZ1179HZK073263,17888,A 920,23,,
43267402,WLHZ1179HZK073263,17888,A 920,78,,15.0
43267401,WLHZ1179HZK073263,17888,A 920,26,,15.0
43267400,WLHZ1179HZK073263,17888,A 920,113,,
43267399,WLHZ1179HZK073263,17888,A 920,40,,12.0
43267398,WLHZ1179HZK073263,17888,A 920,87,,
43267397,WLHZ1179HZK073263,17888,A 920,128,,
43267396,WLHZ1179HZK073263,17888,A 920,73,,15.0
43267395,WLHZ1179HZK073263,17888,A 920,141,,
43267394,WLHZ1179HZK073263,17888,A 920,6,,
43267393,WLHZ1179HZK073263,17888,A 920,11,,
43267392,WLHZ1179HZK073263,17888,A 920,111,,
43267391,WLHZ1179HZK073263,17888,A 920,112,,
43267390,WLHZ1179HZK073263,17888,A 920,109,,
43267389,WLHZ1179HZK073263,17888,A 920,55,,11.0
43267388,WLHZ1179HZK073263,17888,A 920,110,,
43267387,WLHZ1179HZK073263,17888,A 920,56,,15.0
43267386,WLHZ1179HZK073263,17888,A 920,30,,
43267385,WLHZ1179HZK073263,17888,A 920,89,,
43267384,WLHZ1179HZK073263,17888,A 920,148,,
43267383,WLHZ1179HZK073263,17888,A 920,57,,
43267382,WLHZ1179HZK073263,17888,A 920,120,,
43267381,WLHZ1179HZK073263,17888,A 920,88,,10.0
43267380,WLHZ1179HZK073263,17888,A 920,7,,
43267379,WLHZ1179HZK073263,17888,A 920,137,,
43267378,WLHZ1179HZK073263,17888,A 920,101,,
43267377,WLHZ1179HZK073263,17888,A 920,58,,
43267376,WLHZ1179HZK073263,17888,A 920,140,,
43267375,WLHZ1179HZK073263,17888,A 920,107,,
43267374,WLHZ1179HZK073263,17888,A 920,63,,15.0
43267373,WLHZ1179HZK073263,17888,A 920,106,,
43267372,WLHZ1179HZK073263,17888,A 920,60,,
43267365,WLHZ1179AZK067945,17887,A 920,69,,
43267364,WLHZ1179AZK067945,17887,A 920,83,,
43267363,WLHZ1179AZK067945,17887,A 920,23,,
43267362,WLHZ1179AZK067945,17887,A 920,78,,15.0
43267361,WLHZ1179AZK067945,17887,A 920,26,,15.0
43267360,WLHZ1179AZK067945,17887,A 920,113,,
43267359,WLHZ1179AZK067945,17887,A 920,40,,12.0
43267358,WLHZ1179AZK067945,17887,A 920,87,,
43267357,WLHZ1179AZK067945,17887,A 920,128,,
43267356,WLHZ1179AZK067945,17887,A 920,73,,15.0
43267355,WLHZ1179AZK067945,17887,A 920,141,,
43267354,WLHZ1179AZK067945,17887,A 920,6,,
43267353,WLHZ1179AZK067945,17887,A 920,11,,
43267352,WLHZ1179AZK067945,17887,A 920,111,,
43267351,WLHZ1179AZK067945,17887,A 920,112,,
43267350,WLHZ1179AZK067945,17887,A 920,109,,
43267349,WLHZ1179AZK067945,17887,A 920,55,,11.0
43267348,WLHZ1179AZK067945,17887,A 920,110,,
43267347,WLHZ1179AZK067945,17887,A 920,56,,15.0
43267346,WLHZ1179AZK067945,17887,A 920,30,,
43267345,WLHZ1179AZK067945,17887,A 920,89,,
43267344,WLHZ1179AZK067945,17887,A 920,148,,
43267343,WLHZ1179AZK067945,17887,A 920,57,,
43267342,WLHZ1179AZK067945,17887,A 920,120,,
43267341,WLHZ1179AZK067945,17887,A 920,88,,10.0
43267340,WLHZ1179AZK067945,17887,A 920,7,,
43267339,WLHZ1179AZK067945,17887,A 920,137,,
43267338,WLHZ1179AZK067945,17887,A 920,101,,
43267337,WLHZ1179AZK067945,17887,A 920,58,,
43267336,WLHZ1179AZK067945,17887,A 920,140,,
43267335,WLHZ1179AZK067945,17887,A 920,107,,
43267334,WLHZ1179AZK067945,17887,A 920,63,,15.0
43267333,WLHZ1179AZK067945,17887,A 920,106,,
43267332,WLHZ1179AZK067945,17887,A 920,60,,
43267325,WLHZ1179LZK068191,17886,A 920,69,,
43267324,WLHZ1179LZK068191,17886,A 920,83,,
43267323,WLHZ1179LZK068191,17886,A 920,23,,
43267322,WLHZ1179LZK068191,17886,A 920,78,,15.0
43267321,WLHZ1179LZK068191,17886,A 920,26,,15.0
43267320,WLHZ1179LZK068191,17886,A 920,113,,
43267319,WLHZ1179LZK068191,17886,A 920,40,,12.0
43267318,WLHZ1179LZK068191,17886,A 920,87,,
43267317,WLHZ1179LZK068191,17886,A 920,128,,
43267316,WLHZ1179LZK068191,17886,A 920,73,,15.0
43267315,WLHZ1179LZK068191,17886,A 920,141,,
43267314,WLHZ1179LZK068191,17886,A 920,6,,
43267313,WLHZ1179LZK068191,17886,A 920,11,,
43267312,WLHZ1179LZK068191,17886,A 920,111,,
43267311,WLHZ1179LZK068191,17886,A 920,112,,
43267310,WLHZ1179LZK068191,17886,A 920,109,,
43267309,WLHZ1179LZK068191,17886,A 920,55,,11.0
43267308,WLHZ1179LZK068191,17886,A 920,110,,
43267307,WLHZ1179LZK068191,17886,A 920,56,,15.0
43267306,WLHZ1179LZK068191,17886,A 920,30,,
43267305,WLHZ1179LZK068191,17886,A 920,89,,
43267304,WLHZ1179LZK068191,17886,A 920,148,,
43267303,WLHZ1179LZK068191,17886,A 920,57,,
43267302,WLHZ1179LZK068191,17886,A 920,120,,
43267301,WLHZ1179LZK068191,17886,A 920,88,,10.0
43267300,WLHZ1179LZK068191,17886,A 920,7,,
43267299,WLHZ1179LZK068191,17886,A 920,137,,
43267298,WLHZ1179LZK068191,17886,A 920,101,,
43267297,WLHZ1179LZK068191,17886,A 920,58,,
43267296,WLHZ1179LZK068191,17886,A 920,140,,
43267295,WLHZ1179LZK068191,17886,A 920,107,,
43267294,WLHZ1179LZK068191,17886,A 920,63,,15.0
43267293,WLHZ1179LZK068191,17886,A 920,106,,
43267292,WLHZ1179LZK068191,17886,A 920,60,,
43267285,WLHZ1178EZK079105,17885,A 918,69,,
43267284,WLHZ1178EZK079105,17885,A 918,83,,
43267283,WLHZ1178EZK079105,17885,A 918,23,,
43267282,WLHZ1178EZK079105,17885,A 918,78,,15.0
43267281,WLHZ1178EZK079105,17885,A 918,26,,15.0
43267280,WLHZ1178EZK079105,17885,A 918,113,,
43267279,WLHZ1178EZK079105,17885,A 918,40,,12.0
43267278,WLHZ1178EZK079105,17885,A 918,87,,
43267277,WLHZ1178EZK079105,17885,A 918,128,,
43267276,WLHZ1178EZK079105,17885,A 918,73,,15.0
43267275,WLHZ1178EZK079105,17885,A 918,141,,
43267274,WLHZ1178EZK079105,17885,A 918,6,,
43267273,WLHZ1178EZK079105,17885,A 918,11,,
43267272,WLHZ1178EZK079105,17885,A 918,111,,
43267271,WLHZ1178EZK079105,17885,A 918,112,,
43267270,WLHZ1178EZK079105,17885,A 918,109,,
43267269,WLHZ1178EZK079105,17885,A 918,55,,11.0
43267268,WLHZ1178EZK079105,17885,A 918,110,,
43267267,WLHZ1178EZK079105,17885,A 918,56,,15.0
43267266,WLHZ1178EZK079105,17885,A 918,30,,
43267265,WLHZ1178EZK079105,17885,A 918,89,,
43267264,WLHZ1178EZK079105,17885,A 918,148,,
43267263,WLHZ1178EZK079105,17885,A 918,57,,
43267262,WLHZ1178EZK079105,17885,A 918,120,,
43267261,WLHZ1178EZK079105,17885,A 918,88,,10.0
43267260,WLHZ1178EZK079105,17885,A 918,7,,
43267259,WLHZ1178EZK079105,17885,A 918,137,,
43267258,WLHZ1178EZK079105,17885,A 918,101,,
43267257,WLHZ1178EZK079105,17885,A 918,58,,
43267256,WLHZ1178EZK079105,17885,A 918,140,,
43267255,WLHZ1178EZK079105,17885,A 918,107,,
43267254,WLHZ1178EZK079105,17885,A 918,63,,15.0
43267253,WLHZ1178EZK079105,17885,A 918,106,,
43267252,WLHZ1178EZK079105,17885,A 918,60,,
43229187,M76308,17898,EC226,63,,15.0
43229186,M76308,17898,EC226,26,,15.0
43229185,M76308,17898,EC226,73,,15.0
43229184,M76308,17898,EC226,151,,13.0
43229183,M76308,17898,EC226,154,,19.0
43229182,M76308,17898,EC226,55,,11.0
43229181,M76308,17898,EC226,153,,8.0
43229180,M76308,17898,EC226,14,,6.0
43229179,M76308,17898,EC226,113,,
43229178,M76308,17898,EC226,112,,
43229177,M76308,17898,EC226,111,,
43229176,M76308,17898,EC226,110,,
43229172,M67611,17897,EC226,63,,15.0
43229171,M67611,17897,EC226,26,,15.0
43229170,M67611,17897,EC226,73,,15.0
43229169,M67611,17897,EC226,151,,13.0
43229168,M67611,17897,EC226,154,,19.0
43229167,M67611,17897,EC226,55,,11.0
43229166,M67611,17897,EC226,153,,8.0
43229165,M67611,17897,EC226,14,,6.0
43229164,M67611,17897,EC226,113,,
43229163,M67611,17897,EC226,112,,
43229162,M67611,17897,EC226,111,,
43229161,M67611,17897,EC226,110,,
43229157,M67610,17896,EC226,63,,15.0
43229156,M67610,17896,EC226,26,,15.0
43229155,M67610,17896,EC226,73,,15.0
43229154,M67610,17896,EC226,151,,13.0
43229153,M67610,17896,EC226,154,,19.0
43229152,M67610,17896,EC226,55,,11.0
43229151,M67610,17896,EC226,153,,8.0
43229150,M67610,17896,EC226,14,,6.0
43229149,M67610,17896,EC226,113,,
43229148,M67610,17896,EC226,112,,
43229147,M67610,17896,EC226,111,,
43229146,M67610,17896,EC226,110,,
43229142,M67609,17895,EC226,63,,15.0
43229141,M67609,17895,EC226,26,,15.0
43229140,M67609,17895,EC226,73,,15.0
43229139,M67609,17895,EC226,151,,13.0
43229138,M67609,17895,EC226,154,,19.0
43229137,M67609,17895,EC226,55,,11.0
43229136,M67609,17895,EC226,153,,8.0
43229135,M67609,17895,EC226,14,,6.0
43229134,M67609,17895,EC226,113,,
43229133,M67609,17895,EC226,112,,
43229132,M67609,17895,EC226,111,,
43229131,M67609,17895,EC226,110,,
43218769,5820 18293,17903,Titan 5820,152,,15.0
43218768,5820 18293,17903,Titan 5820,52,,
43218767,5820 18293,17903,Titan 5820,38,,14.0
43218766,5820 18293,17903,Titan 5820,37,,14.0
43218765,5820 18293,17903,Titan 5820,36,"2,50 - 5,0",14.0
43218764,5820 18293,17903,Titan 5820,149,VB 78,
43218763,5820 18293,17903,Titan 5820,73,,15.0
43218762,5820 18293,17903,Titan 5820,89,BF4M1013EC,
43218761,5820 18293,17903,Titan 5820,88,112,10.0
43218759,5820 18293,17903,Titan 5820,35,,
43218758,5820 18293,17903,Titan 5820,127,,
43218757,5820 18293,17903,Titan 5820,148,,
43218756,5820 18293,17903,Titan 5820,8,,
43218755,5820 18293,17903,Titan 5820,26,,15.0
43218754,5820 18293,17903,Titan 5820,7,,
43218753,5820 18293,17903,Titan 5820,63,,15.0
43218752,5820 18293,17903,Titan 5820,87,Deutz,
43218751,5820 18293,17903,Titan 5820,27,,
43218750,5820 18293,17903,Titan 5820,23,,
43218749,5820 18293,17903,Titan 5820,132,,
43218748,5820 18293,17903,Titan 5820,34,,20.0
43218747,5820 18293,17903,Titan 5820,30,,
43218746,5820 18293,17903,Titan 5820,6,,
43218745,5820 18293,17903,Titan 5820,55,17500,11.0
43218741,582020983,17902,5820,152,,15.0
43218740,582020983,17902,5820,52,,
43218739,582020983,17902,5820,38,,14.0
43218738,582020983,17902,5820,37,,14.0
43218737,582020983,17902,5820,36,"2,50 - 5,0",14.0
43218736,582020983,17902,5820,149,VB 78,
43218735,582020983,17902,5820,73,,15.0
43218734,582020983,17902,5820,89,,
43218733,582020983,17902,5820,88,112,10.0
43218731,582020983,17902,5820,35,Ja,
43218730,582020983,17902,5820,127,,
43218729,582020983,17902,5820,148,,
43218728,582020983,17902,5820,8,,
43218727,582020983,17902,5820,26,,15.0
43218726,582020983,17902,5820,7,,
43218725,582020983,17902,5820,63,,15.0
43218724,582020983,17902,5820,87,Deutz,
43218723,582020983,17902,5820,27,,
43218722,582020983,17902,5820,23,,
43218721,582020983,17902,5820,132,,
43218720,582020983,17902,5820,34,,20.0
43218719,582020983,17902,5820,30,,
43218718,582020983,17902,5820,6,,
43188325,766798,,MRT 2150,6,,
43188324,766798,,MRT 2150,30,,
43188323,766798,,MRT 2150,55,17930,11.0
43188322,766798,,MRT 2150,7,,
43188321,766798,,MRT 2150,148,,
43188320,766798,,MRT 2150,50,,
43188319,766798,,MRT 2150,26,2490,
43188318,766798,,MRT 2150,40,20-36,12.0
43188317,766798,,MRT 2150,88,115,10.0
43188316,766798,,MRT 2150,63,3050,
43188315,766798,,MRT 2150,5,Nein,
43188314,766798,,MRT 2150,32,Ja,
43188313,766798,,MRT 2150,64,20700,
43188312,766798,,MRT 2150,87,mercedes,
43188311,766798,,MRT 2150,89,OM934E4-5,
43188310,766798,,MRT 2150,131,5000,11.0
43188309,766798,,MRT 2150,18,13500,15.0
43188308,766798,,MRT 2150,23,,
43188307,766798,,MRT 2150,73,6760,15.0
43188306,766798,,MRT 2150,69,,
43188305,766798,,MRT 2150,6,,
43188304,766798,,MRT 2150,30,,
43188303,766798,,MRT 2150,55,17930,11.0
43188302,766798,,MRT 2150,7,,
43188301,766798,,MRT 2150,148,,
43188300,766798,,MRT 2150,50,,
43188299,766798,,MRT 2150,26,2490,
43188298,766798,,MRT 2150,40,20-36,12.0
43188297,766798,,MRT 2150,88,115,10.0
43188296,766798,,MRT 2150,63,3050,
43188295,766798,,MRT 2150,5,Nein,
43188294,766798,,MRT 2150,32,Ja,
43188293,766798,,MRT 2150,64,20700,
43188292,766798,,MRT 2150,87,mercedes,
43188291,766798,,MRT 2150,89,OM934E4-5,
43188290,766798,,MRT 2150,131,5000,11.0
43188289,766798,,MRT 2150,18,13500,15.0
43188288,766798,,MRT 2150,23,,
43188287,766798,,MRT 2150,73,6760,15.0
43188286,766798,,MRT 2150,69,,
43186612,0703.0042,17883,W 35 Ri,45,,15.0
43186611,0703.0042,17883,W 35 Ri,23,,
43186610,0703.0042,17883,W 35 Ri,8,,
43186609,0703.0042,17883,W 35 Ri,6,,
43186608,0703.0042,17883,W 35 Ri,142,,
43186607,0703.0042,17883,W 35 Ri,69,,
43186606,0703.0042,17883,W 35 Ri,26,,15.0
43186605,0703.0042,17883,W 35 Ri,89,,
43186604,0703.0042,17883,W 35 Ri,143,,
43186603,0703.0042,17883,W 35 Ri,46,,18.0
43186602,0703.0042,17883,W 35 Ri,87,,
43186601,0703.0042,17883,W 35 Ri,55,,11.0
43186600,0703.0042,17883,W 35 Ri,30,,
43186599,0703.0042,17883,W 35 Ri,77,,
43186598,0703.0042,17883,W 35 Ri,148,,
43186597,0703.0042,17883,W 35 Ri,9,,
43186596,0703.0042,17883,W 35 Ri,47,,15.0
43186595,0703.0042,17883,W 35 Ri,41,,
43186594,0703.0042,17883,W 35 Ri,73,,15.0
43186593,0703.0042,17883,W 35 Ri,63,,15.0
43186592,0703.0042,17883,W 35 Ri,144,,
43186591,0703.0042,17883,W 35 Ri,122,,
43186590,0703.0042,17883,W 35 Ri,88,,10.0
43186589,0703.0042,17883,W 35 Ri,61,,
43186588,0703.0042,17883,W 35 Ri,7,,
43186587,0703.0042,17883,W 35 Ri,55,,11.0
43186539,12050081,17882,W 50 DCi,45,,15.0
43186538,12050081,17882,W 50 DCi,23,,
43186537,12050081,17882,W 50 DCi,8,,
43186536,12050081,17882,W 50 DCi,6,,
43186535,12050081,17882,W 50 DCi,142,,
43186534,12050081,17882,W 50 DCi,69,,
43186533,12050081,17882,W 50 DCi,26,,15.0
43186532,12050081,17882,W 50 DCi,89,,
43186531,12050081,17882,W 50 DCi,143,,
43186530,12050081,17882,W 50 DCi,46,,18.0
43186529,12050081,17882,W 50 DCi,87,,
43186528,12050081,17882,W 50 DCi,55,,11.0
43186527,12050081,17882,W 50 DCi,30,,
43186526,12050081,17882,W 50 DCi,77,,
43186525,12050081,17882,W 50 DCi,148,,
43186524,12050081,17882,W 50 DCi,9,,
43186523,12050081,17882,W 50 DCi,47,,15.0
43186522,12050081,17882,W 50 DCi,41,,
43186521,12050081,17882,W 50 DCi,73,,15.0
43186520,12050081,17882,W 50 DCi,63,,15.0
43186519,12050081,17882,W 50 DCi,144,,
43186518,12050081,17882,W 50 DCi,122,,
43186517,12050081,17882,W 50 DCi,88,,10.0
43186516,12050081,17882,W 50 DCi,61,,
43186515,12050081,17882,W 50 DCi,7,,
43186514,12050081,17882,W 50 DCi,55,,11.0
43186321,1205.0002,17881,W 50 DCi,45,,15.0
43186320,1205.0002,17881,W 50 DCi,23,,
43186319,1205.0002,17881,W 50 DCi,8,,
43186318,1205.0002,17881,W 50 DCi,6,,
43186317,1205.0002,17881,W 50 DCi,142,,
43186316,1205.0002,17881,W 50 DCi,69,,
43186315,1205.0002,17881,W 50 DCi,26,,15.0
43186314,1205.0002,17881,W 50 DCi,89,,
43186313,1205.0002,17881,W 50 DCi,143,,
43186312,1205.0002,17881,W 50 DCi,46,,18.0
43186311,1205.0002,17881,W 50 DCi,87,,
43186310,1205.0002,17881,W 50 DCi,55,,11.0
43186309,1205.0002,17881,W 50 DCi,30,,
43186308,1205.0002,17881,W 50 DCi,77,,
43186307,1205.0002,17881,W 50 DCi,148,,
43186306,1205.0002,17881,W 50 DCi,9,,
43186305,1205.0002,17881,W 50 DCi,47,,15.0
43186304,1205.0002,17881,W 50 DCi,41,,
43186303,1205.0002,17881,W 50 DCi,73,,15.0
43186302,1205.0002,17881,W 50 DCi,63,,15.0
43186301,1205.0002,17881,W 50 DCi,144,,
43186300,1205.0002,17881,W 50 DCi,122,,
43186299,1205.0002,17881,W 50 DCi,88,,10.0
43186298,1205.0002,17881,W 50 DCi,61,,
43186297,1205.0002,17881,W 50 DCi,7,,
43186296,1205.0002,17881,W 50 DCi,55,,11.0
43136717,TR22210275,,TR22,63,780,15.0
43136716,TR22210275,,TR22,26,640,15.0
43136715,TR22210275,,TR22,73,890,15.0
43136714,TR22210275,,TR22,151,80,13.0
43136713,TR22210275,,TR22,154,16 - 22,19.0
43136712,TR22210275,,TR22,55,730,11.0
43136711,TR22210275,,TR22,153,150,8.0
43136710,TR22210275,,TR22,14,250,6.0
43136709,TR22210275,,TR22,113,OQ 70/55,
43136708,TR22210275,,TR22,112,Ja,
43136707,TR22210275,,TR22,111,Nein,
43136632,7001050,,Spatenlöffel - OQ70/55,111,Ja,
43136631,7001050,,Spatenlöffel - OQ70/55,26,650,15.0
43136630,7001050,,Spatenlöffel - OQ70/55,55,425,11.0
43136629,7001050,,Spatenlöffel - OQ70/55,113,OQ 70/55,
43136628,7001050,,Spatenlöffel - OQ70/55,73,2000,15.0
43136627,7001050,,Spatenlöffel - OQ70/55,63,1140,15.0
43041884,56VB0994R,,Verbreiterung - AB 220-3 TV - 500R,149,AB 220-3 TV,
43041883,56VB0994R,,Verbreiterung - AB 220-3 TV - 500R,26,500,15.0
43041865,56VB0994L,,Verbreiterung - AB 220-3 TV - 500L,149,AB 220-3 TV,
43041864,56VB0994L,,Verbreiterung - AB 220-3 TV - 500L,26,500,15.0
43041731,26VB1061R,,Verbreiterung - AB 200 TV - 600R,149,AB 200 TV,
43041730,26VB1061R,,Verbreiterung - AB 200 TV - 600R,26,600,15.0
43041709,26VB1061L,,Verbreiterung - AB 200 TV - 600L,149,AB 200 TV,
43041708,26VB1061L,,Verbreiterung - AB 200 TV - 600L,26,600,15.0
43026605,52859,17869,53 K,131,,11.0
43026604,52859,17869,53 K,53,,19.0
43026603,52859,17869,53 K,93,,5.0
43026602,52859,17869,53 K,148,,
43026601,52859,17869,53 K,146,,
43026600,52859,17869,53 K,76,,10.0
43026599,52859,17869,53 K,94,,2.0
43026598,52859,17869,53 K,66,,
43026597,52859,17869,53 K,59,,14.0
43026596,52859,17869,53 K,18,,14.0
43026595,52859,17869,53 K,130,,11.0
43026594,52859,17869,53 K,50,Ja,
43026593,52859,17869,53 K,69,,
43026592,52859,17869,53 K,48,,3.0
43026591,52859,17869,53 K,5,,
43026590,52859,17869,53 K,19,"40,00",14.0
43026589,52859,17869,53 K,133,,
43000185,101650391073,,BW 135 AD-5,69,,
43000184,101650391073,,BW 135 AD-5,88,,10.0
43000183,101650391073,,BW 135 AD-5,54,,
43000182,101650391073,,BW 135 AD-5,30,,
43000181,101650391073,,BW 135 AD-5,13,,15.0
43000180,101650391073,,BW 135 AD-5,23,,
43000179,101650391073,,BW 135 AD-5,73,2840,15.0
43000178,101650391073,,BW 135 AD-5,63,2700,15.0
43000177,101650391073,,BW 135 AD-5,135,,11.0
43000176,101650391073,,BW 135 AD-5,70,,
43000175,101650391073,,BW 135 AD-5,67,,18.0
43000174,101650391073,,BW 135 AD-5,87,Kubota,
43000173,101650391073,,BW 135 AD-5,96,,
43000172,101650391073,,BW 135 AD-5,26,1390,15.0
43000171,101650391073,,BW 135 AD-5,89,V2403,
43000170,101650391073,,BW 135 AD-5,55,3950,11.0
43000169,101650391073,,BW 135 AD-5,6,Stage V / TIER4f,
43000168,101650391073,,BW 135 AD-5,148,,
43000167,101650391073,,BW 135 AD-5,7,,
43000166,101650391073,,BW 135 AD-5,16,,
43000165,101650391073,,BW 135 AD-5,136,,
43000157,SLCM20802102F2132,,MACH2080,6,,
43000156,SLCM20802102F2132,,MACH2080,69,Nein,
43000155,SLCM20802102F2132,,MACH2080,70,Ja,
43000154,SLCM20802102F2132,,MACH2080,95,3000,11.0
43000153,SLCM20802102F2132,,MACH2080,73,4100,15.0
43000152,SLCM20802102F2132,,MACH2080,87,Yammar,
43000151,SLCM20802102F2132,,MACH2080,90,Nein,
43000150,SLCM20802102F2132,,MACH2080,30,Nein,
43000149,SLCM20802102F2132,,MACH2080,92,"3,0",16.0
43000148,SLCM20802102F2132,,MACH2080,89,3TNV88-BWWA,
43000147,SLCM20802102F2132,,MACH2080,55,2250,11.0
43000146,SLCM20802102F2132,,MACH2080,10,,
43000145,SLCM20802102F2132,,MACH2080,40,"16,1",12.0
43000144,SLCM20802102F2132,,MACH2080,148,Nein,
43000143,SLCM20802102F2132,,MACH2080,26,1638,15.0
43000142,SLCM20802102F2132,,MACH2080,91,Nein,
43000141,SLCM20802102F2132,,MACH2080,88,"18,1",10.0
43000140,SLCM20802102F2132,,MACH2080,7,,
43000139,SLCM20802102F2132,,MACH2080,63,3180,15.0
43000138,SLCM20802102F2132,,MACH2080,23,Nein,
42949164,D77682,,TL 300,110,,
42949163,D77682,,TL 300,26,300,15.0
42949162,D77682,,TL 300,65,,16.0
42949161,D77682,,TL 300,73,,15.0
42949160,D77682,,TL 300,147,,
42949159,D77682,,TL 300,12,3,
42949158,D77682,,TL 300,109,Pro-Lok,
42949157,D77682,,TL 300,63,,15.0
42949156,D77682,,TL 300,55,,11.0
42949155,D77682,,TL 300,114,300,15.0
42949028,D42433,,TL 600,110,,
42949027,D42433,,TL 600,26,600,15.0
42949026,D42433,,TL 600,65,,16.0
42949025,D42433,,TL 600,73,,15.0
42949024,D42433,,TL 600,147,,
42949023,D42433,,TL 600,12,4,
42949022,D42433,,TL 600,109,Pro-Lok,
42949021,D42433,,TL 600,63,,15.0
42949020,D42433,,TL 600,55,,11.0
42949019,D42433,,TL 600,114,600,15.0
42948998,100610,,GRL 1000,110,,
42948997,100610,,GRL 1000,26,1000,15.0
42948996,100610,,GRL 1000,65,,16.0
42948995,100610,,GRL 1000,73,,15.0
42948994,100610,,GRL 1000,147,,
42948993,100610,,GRL 1000,12,,
42948992,100610,,GRL 1000,109,Pro-Lok,
42948991,100610,,GRL 1000,63,,15.0
42948990,100610,,GRL 1000,55,,11.0
42948989,100610,,GRL 1000,114,1000,15.0
42923056,WHLT2300100036399,,Terrax-2 3000,102,Nein,
42923055,WHLT2300100036399,,Terrax-2 3000,26,2000,15.0
42923054,WHLT2300100036399,,Terrax-2 3000,73,4800,15.0
42923053,WHLT2300100036399,,Terrax-2 3000,2,Ja,
42923052,WHLT2300100036399,,Terrax-2 3000,1,Nein,
42923051,WHLT2300100036399,,Terrax-2 3000,63,600,15.0
42923050,WHLT2300100036399,,Terrax-2 3000,3,Nein,
42923049,WHLT2300100036399,,Terrax-2 3000,55,685,11.0
42923048,WHLT2300100036399,,Terrax-2 3000,95,2315,11.0
42923047,WHLT2300100036399,,Terrax-2 3000,103,Ja,
42923046,WHLT2300100036399,,Terrax-2 3000,4,Nein,
42923042,WHLT2300100036395,,Terrax-2 3000,102,Nein,
42923041,WHLT2300100036395,,Terrax-2 3000,26,2000,15.0
42923040,WHLT2300100036395,,Terrax-2 3000,73,4800,15.0
42923039,WHLT2300100036395,,Terrax-2 3000,2,Ja,
42923038,WHLT2300100036395,,Terrax-2 3000,1,Nein,
42923037,WHLT2300100036395,,Terrax-2 3000,63,600,15.0
42923036,WHLT2300100036395,,Terrax-2 3000,3,Nein,
42923035,WHLT2300100036395,,Terrax-2 3000,55,685,11.0
42923034,WHLT2300100036395,,Terrax-2 3000,95,2315,11.0
42923033,WHLT2300100036395,,Terrax-2 3000,103,Ja,
42923032,WHLT2300100036395,,Terrax-2 3000,4,Nein,
42923028,WHLT2300100036394,,Terrax-2 3000,102,Nein,
42923027,WHLT2300100036394,,Terrax-2 3000,26,2000,15.0
42923026,WHLT2300100036394,,Terrax-2 3000,73,4800,15.0
42923025,WHLT2300100036394,,Terrax-2 3000,2,Ja,
42923024,WHLT2300100036394,,Terrax-2 3000,1,Nein,
42923023,WHLT2300100036394,,Terrax-2 3000,63,600,15.0
42923022,WHLT2300100036394,,Terrax-2 3000,3,Nein,
42923021,WHLT2300100036394,,Terrax-2 3000,55,685,11.0
42923020,WHLT2300100036394,,Terrax-2 3000,95,2315,11.0
42923019,WHLT2300100036394,,Terrax-2 3000,103,Ja,
42923018,WHLT2300100036394,,Terrax-2 3000,4,Nein,
42912457,1451162,,JS 160 W,69,Ja,
42912456,1451162,,JS 160 W,83,Nein,
42912455,1451162,,JS 160 W,23,Nein,
42912454,1451162,,JS 160 W,78,,15.0
42912453,1451162,,JS 160 W,26,,15.0
42912452,1451162,,JS 160 W,113,Nein,
42912451,1451162,,JS 160 W,40,20,12.0
42912450,1451162,,JS 160 W,87,Isuzu,
42912449,1451162,,JS 160 W,128,Nein,
42912448,1451162,,JS 160 W,73,,15.0
42912447,1451162,,JS 160 W,141,Nein,
42912446,1451162,,JS 160 W,6,Stufe III A,
42912445,1451162,,JS 160 W,11,Nein,
42912444,1451162,,JS 160 W,111,Nein,
42912443,1451162,,JS 160 W,112,Ja,
42912442,1451162,,JS 160 W,109,Lehnhoff,
42912441,1451162,,JS 160 W,55,16500,11.0
42912440,1451162,,JS 160 W,110,QC10,
42912439,1451162,,JS 160 W,56,,15.0
42912438,1451162,,JS 160 W,30,Nein,
42912437,1451162,,JS 160 W,89,,
42912436,1451162,,JS 160 W,148,Ja,
42912435,1451162,,JS 160 W,57,,
42912434,1451162,,JS 160 W,120,Nein,
42912433,1451162,,JS 160 W,88,,10.0
42912432,1451162,,JS 160 W,7,Tier 2,
42912431,1451162,,JS 160 W,137,Ja,
42912430,1451162,,JS 160 W,101,Nein,
42912429,1451162,,JS 160 W,58,Nein,
42912428,1451162,,JS 160 W,140,Nein,
42912427,1451162,,JS 160 W,107,,
42912426,1451162,,JS 160 W,63,,15.0
42912425,1451162,,JS 160 W,106,,
42912424,1451162,,JS 160 W,60,,
42858871,MAN00000A01066095,,MT 625 H,6,Stufe V,
42858870,MAN00000A01066095,,MT 625 H,30,Ja,
42858869,MAN00000A01066095,,MT 625 H,55,4800,11.0
42858868,MAN00000A01066095,,MT 625 H,7,,
42858867,MAN00000A01066095,,MT 625 H,148,Nein,
42858866,MAN00000A01066095,,MT 625 H,50,Nein,
42858865,MAN00000A01066095,,MT 625 H,26,1810,15.0
42858864,MAN00000A01066095,,MT 625 H,40,20,12.0
42858863,MAN00000A01066095,,MT 625 H,88,"55,4",10.0
42858862,MAN00000A01066095,,MT 625 H,63,1920,15.0
42858861,MAN00000A01066095,,MT 625 H,5,Nein,
42858860,MAN00000A01066095,,MT 625 H,32,Nein,
42858859,MAN00000A01066095,,MT 625 H,64,5850,15.0
42858858,MAN00000A01066095,,MT 625 H,87,Kubota,
42858857,MAN00000A01066095,,MT 625 H,89,V 3307,
42858856,MAN00000A01066095,,MT 625 H,131,2500,11.0
42858855,MAN00000A01066095,,MT 625 H,18,"3,40",14.0
42858854,MAN00000A01066095,,MT 625 H,23,,
42858853,MAN00000A01066095,,MT 625 H,73,3900,15.0
42858852,MAN00000A01066095,,MT 625 H,69,,
42858848,MAN00000T01066279,,MT 625 H,6,Stufe V,
42858847,MAN00000T01066279,,MT 625 H,30,Ja,
42858846,MAN00000T01066279,,MT 625 H,55,4800,11.0
42858845,MAN00000T01066279,,MT 625 H,7,,
42858844,MAN00000T01066279,,MT 625 H,148,Nein,
42858843,MAN00000T01066279,,MT 625 H,50,Nein,
42858842,MAN00000T01066279,,MT 625 H,26,1810,15.0
42858841,MAN00000T01066279,,MT 625 H,40,20,12.0
42858840,MAN00000T01066279,,MT 625 H,88,"55,4",10.0
42858839,MAN00000T01066279,,MT 625 H,63,1920,15.0
42858838,MAN00000T01066279,,MT 625 H,5,Nein,
42858837,MAN00000T01066279,,MT 625 H,32,Nein,
42858836,MAN00000T01066279,,MT 625 H,64,5850,15.0
42858835,MAN00000T01066279,,MT 625 H,87,Kubota,
42858834,MAN00000T01066279,,MT 625 H,89,V 3307,
42858833,MAN00000T01066279,,MT 625 H,131,2500,11.0
42858832,MAN00000T01066279,,MT 625 H,18,"3,40",14.0
42858831,MAN00000T01066279,,MT 625 H,23,Nein,
42858830,MAN00000T01066279,,MT 625 H,73,3900,15.0
42858829,MAN00000T01066279,,MT 625 H,69,Nein,
42836491,101541321172,,BT 65,73,,15.0
42836490,101541321172,,BT 65,88,"2,8",10.0
42836489,101541321172,,BT 65,117,,15.0
42836488,101541321172,,BT 65,63,,15.0
42836487,101541321172,,BT 65,87,Honda,
42836486,101541321172,,BT 65,26,,15.0
42836485,101541321172,,BT 65,89,GXR 120,
42836484,101541321172,,BT 65,13,,15.0
42836483,101541321172,,BT 65,84,Ja,
42836482,101541321172,,BT 65,85,Nein,
42836481,101541321172,,BT 65,135,,11.0
42836480,101541321172,,BT 65,55,8,11.0
42836075,149520,,AVP 3520,87,Hatz,
42836074,149520,,AVP 3520,117,,15.0
42836073,149520,,AVP 3520,88,"4,6",10.0
42836072,149520,,AVP 3520,136,Nein,
42836071,149520,,AVP 3520,39,Nein,
42836070,149520,,AVP 3520,29,Ja,
42836069,149520,,AVP 3520,55,264,11.0
42836068,149520,,AVP 3520,89,1B30-6,
42836067,149520,,AVP 3520,73,,15.0
42836066,149520,,AVP 3520,13,,15.0
42836065,149520,,AVP 3520,85,Ja,
42836064,149520,,AVP 3520,26,,15.0
42836063,149520,,AVP 3520,138,Ja,
42836062,149520,,AVP 3520,104,Ja,
42836061,149520,,AVP 3520,135,,11.0
42836060,149520,,AVP 3520,63,,15.0
42836059,149520,,AVP 3520,84,Nein,
42836058,149520,,AVP 3520,139,Ja,
42821772,KBCGB22BCLZK71204,17862,KX016-4,128,,
42821771,KBCGB22BCLZK71204,17862,KX016-4,60,,
42821770,KBCGB22BCLZK71204,17862,KX016-4,110,,
42821769,KBCGB22BCLZK71204,17862,KX016-4,78,,15.0
42821768,KBCGB22BCLZK71204,17862,KX016-4,141,,
42821767,KBCGB22BCLZK71204,17862,KX016-4,26,,15.0
42821766,KBCGB22BCLZK71204,17862,KX016-4,73,,15.0
42821765,KBCGB22BCLZK71204,17862,KX016-4,58,,
42821764,KBCGB22BCLZK71204,17862,KX016-4,106,,
42821763,KBCGB22BCLZK71204,17862,KX016-4,23,,
42821762,KBCGB22BCLZK71204,17862,KX016-4,137,,
42821761,KBCGB22BCLZK71204,17862,KX016-4,63,,15.0
42821760,KBCGB22BCLZK71204,17862,KX016-4,145,,
42821759,KBCGB22BCLZK71204,17862,KX016-4,111,,
42821758,KBCGB22BCLZK71204,17862,KX016-4,56,,15.0
42821757,KBCGB22BCLZK71204,17862,KX016-4,7,,
42821756,KBCGB22BCLZK71204,17862,KX016-4,140,,
42821755,KBCGB22BCLZK71204,17862,KX016-4,87,,
42821754,KBCGB22BCLZK71204,17862,KX016-4,6,,
42821753,KBCGB22BCLZK71204,17862,KX016-4,66,,
42821752,KBCGB22BCLZK71204,17862,KX016-4,112,,
42821751,KBCGB22BCLZK71204,17862,KX016-4,148,,
42821750,KBCGB22BCLZK71204,17862,KX016-4,120,,
42821749,KBCGB22BCLZK71204,17862,KX016-4,30,,
42821748,KBCGB22BCLZK71204,17862,KX016-4,113,,
42821747,KBCGB22BCLZK71204,17862,KX016-4,109,Pro-Lok,
42821746,KBCGB22BCLZK71204,17862,KX016-4,108,,
42821745,KBCGB22BCLZK71204,17862,KX016-4,69,,
42821744,KBCGB22BCLZK71204,17862,KX016-4,88,,10.0
42821743,KBCGB22BCLZK71204,17862,KX016-4,89,,
42821742,KBCGB22BCLZK71204,17862,KX016-4,57,,
42821741,KBCGB22BCLZK71204,17862,KX016-4,55,,11.0
42821737,WGH0H201CHAA04505,17861,HD 13 VV,69,,
42821736,WGH0H201CHAA04505,17861,HD 13 VV,88,,10.0
42821735,WGH0H201CHAA04505,17861,HD 13 VV,54,,
42821734,WGH0H201CHAA04505,17861,HD 13 VV,30,,
42821733,WGH0H201CHAA04505,17861,HD 13 VV,13,,15.0
42821732,WGH0H201CHAA04505,17861,HD 13 VV,23,,
42821731,WGH0H201CHAA04505,17861,HD 13 VV,73,2860,15.0
42821730,WGH0H201CHAA04505,17861,HD 13 VV,63,2590,15.0
42821729,WGH0H201CHAA04505,17861,HD 13 VV,135,,11.0
42821728,WGH0H201CHAA04505,17861,HD 13 VV,70,,
42821727,WGH0H201CHAA04505,17861,HD 13 VV,67,,18.0
42821726,WGH0H201CHAA04505,17861,HD 13 VV,87,Kubota,
42821725,WGH0H201CHAA04505,17861,HD 13 VV,96,,
42821724,WGH0H201CHAA04505,17861,HD 13 VV,26,1426,15.0
42821723,WGH0H201CHAA04505,17861,HD 13 VV,89,V2203-M-E3B,
42821722,WGH0H201CHAA04505,17861,HD 13 VV,55,3970,11.0
42821721,WGH0H201CHAA04505,17861,HD 13 VV,6,,
42821720,WGH0H201CHAA04505,17861,HD 13 VV,148,,
42821719,WGH0H201CHAA04505,17861,HD 13 VV,7,,
42821718,WGH0H201CHAA04505,17861,HD 13 VV,16,,
42821717,WGH0H201CHAA04505,17861,HD 13 VV,136,,
42766636,MG003934,,MF 2500CS STG V 2019,26,2550,15.0
42766635,MG003934,,MF 2500CS STG V 2019,69,Nein,
42766634,MG003934,,MF 2500CS STG V 2019,62,Ja,
42766633,MG003934,,MF 2500CS STG V 2019,31,Ja,
42766632,MG003934,,MF 2500CS STG V 2019,148,Ja,
42766631,MG003934,,MF 2500CS STG V 2019,43,4000,20.0
42766630,MG003934,,MF 2500CS STG V 2019,30,Ja,
42766629,MG003934,,MF 2500CS STG V 2019,89,QSB 6.7-C225,
42766628,MG003934,,MF 2500CS STG V 2019,22,1200,15.0
42766627,MG003934,,MF 2500CS STG V 2019,73,9200,15.0
42766626,MG003934,,MF 2500CS STG V 2019,8,Nein,
42766625,MG003934,,MF 2500CS STG V 2019,88,168,10.0
42766624,MG003934,,MF 2500CS STG V 2019,6,Stufe IV,
42766623,MG003934,,MF 2500CS STG V 2019,7,Tier 4f,
42766622,MG003934,,MF 2500CS STG V 2019,63,3100,15.0
42766621,MG003934,,MF 2500CS STG V 2019,87,Cummins,
42766620,MG003934,,MF 2500CS STG V 2019,23,Nein,
42766619,MG003934,,MF 2500CS STG V 2019,132,Ja,
42766618,MG003934,,MF 2500CS STG V 2019,55,21000,11.0
42738904,07901666,300132,Super 800,26,,15.0
42738903,07901666,300132,Super 800,36,,14.0
42738902,07901666,300132,Super 800,38,,14.0
42738901,07901666,300132,Super 800,37,,14.0
42738900,07901666,300132,Super 800,55,,11.0
42738899,07901666,300132,Super 800,63,,15.0
42738898,07901666,300132,Super 800,73,,15.0
42738897,07901666,300132,Super 800,149,,
42685426,,,Verbreiterung - AB 600-3 TP2 - 750R,149,AB 600-3 TP 2,
42685423,,,Verbreiterung - AB 600-3 TP2 - 750R,26,750,15.0
42685417,58VB952R,,Verbreiterung - AB 600-3 TP2 - 750R,149,AB 600-3 TP 2,
42685414,58VB952R,,Verbreiterung - AB 600-3 TP2 - 750R,26,750,15.0
42685409,,,Verbreiterung - AB 600-3 TP2 - 750L,149,AB 600-3 TP 2,
42685408,,,Verbreiterung - AB 600-3 TP2 - 750L,26,750,15.0
42685400,58VB952L,,Verbreiterung - AB 600-3 TP2 - 750L,149,AB 600-3 TP 2,
42685399,58VB952L,,Verbreiterung - AB 600-3 TP2 - 750L,26,750,15.0
42685390,54VB2314R,,Verbreiterung - AB 600-3 TP2 - 250R,149,AB 600-3 TP 2,
42685387,54VB2314R,,Verbreiterung - AB 600-3 TP2 - 250R,26,250,15.0
42685381,54VB2314L,,Verbreiterung - AB 600-3 TP2 - 250L,149,AB 600-3 TP 2,
42685378,54VB2314L,,Verbreiterung - AB 600-3 TP2 - 250L,26,250,15.0
42673304,2118157,,TL 800,147,CAT J300,
42673303,2118157,,TL 800,114,800,15.0
42673302,2118157,,TL 800,113,OQ 60-5,
42673301,2118157,,TL 800,65,"0,49",16.0
42673300,2118157,,TL 800,55,300,11.0
42673299,2118157,,TL 800,26,800,15.0
42673298,2118157,,TL 800,12,4,18.0
42673294,2118156,,TL 600,147,CAT J300,
42673293,2118156,,TL 600,114,600,15.0
42673292,2118156,,TL 600,113,OQ 60-5,
42673291,2118156,,TL 600,65,"0,37",16.0
42673290,2118156,,TL 600,26,600,15.0
42673289,2118156,,TL 600,55,250,11.0
42673288,2118156,,TL 600,12,3,18.0
42673284,2118155,,TL 400,26,400,15.0
42673283,2118155,,TL 400,65,"0,19",16.0
42673282,2118155,,TL 400,73,,15.0
42673281,2118155,,TL 400,147,CombiParts C1,
42673280,2118155,,TL 400,12,3,
42673279,2118155,,TL 400,113,OQ 60-5,
42673278,2118155,,TL 400,109,OilQuick,
42673277,2118155,,TL 400,63,,15.0
42673276,2118155,,TL 400,55,,11.0
42673275,2118155,,TL 400,114,400,15.0
42673271,2118154,,TL 300,110,QC01,
42673270,2118154,,TL 300,26,300,15.0
42673269,2118154,,TL 300,65,"0,020",16.0
42673268,2118154,,TL 300,73,,15.0
42673267,2118154,,TL 300,147,Mini-Z 1,
42673266,2118154,,TL 300,12,3,
42673265,2118154,,TL 300,109,Henle,
42673264,2118154,,TL 300,63,,15.0
42673263,2118154,,TL 300,55,,11.0
42673262,2118154,,TL 300,114,300,15.0
42673258,2118153,,GRL 750,26,,15.0
42673257,2118153,,GRL 750,55,,11.0
42673256,2118153,,GRL 750,110,QC01,
42673255,2118153,,GRL 750,109,Henle,
42673254,2118153,,GRL 750,73,750,15.0
42673253,2118153,,GRL 750,63,,15.0
42510462,33435,17858,112 K,131,,
42510461,33435,17858,112 K,53,,
42510460,33435,17858,112 K,93,,
42510459,33435,17858,112 K,148,,
42510458,33435,17858,112 K,146,,
42510457,33435,17858,112 K,76,,
42510456,33435,17858,112 K,94,,
42510455,33435,17858,112 K,66,,
42510454,33435,17858,112 K,59,,
42510453,33435,17858,112 K,18,,
42510452,33435,17858,112 K,130,,
42510451,33435,17858,112 K,50,,
42510450,33435,17858,112 K,69,,
42510449,33435,17858,112 K,48,,
42510448,33435,17858,112 K,5,,
42510447,33435,17858,112 K,19,,
42510446,33435,17858,112 K,133,,
42484743,49952,17857,160 EC-B 8 Litronic,133,,
42484742,49952,17857,160 EC-B 8 Litronic,53,,19.0
42484741,49952,17857,160 EC-B 8 Litronic,148,,
42484740,49952,17857,160 EC-B 8 Litronic,69,,
42484739,49952,17857,160 EC-B 8 Litronic,59,,14.0
42484738,49952,17857,160 EC-B 8 Litronic,66,,
42484737,49952,17857,160 EC-B 8 Litronic,50,,
42484736,49952,17857,160 EC-B 8 Litronic,19,,14.0
42441170,100551,,Verbreiterung - AB 200 TV - 350R,149,AB 200 TV,
42441169,100551,,Verbreiterung - AB 200 TV - 350R,26,350,15.0
42441165,100550,,Verbreiterung - AB 200 TV - 350L,149,AB 200 TV,
42441164,100550,,Verbreiterung - AB 200 TV - 350L,26,350,15.0
42333831,48146,17849,112 EC-H 8 Litronic,53,,19.0
42333830,48146,17849,112 EC-H 8 Litronic,59,"43,2",14.0
42333828,48146,17849,112 EC-H 8 Litronic,19,"55,00",14.0
42320181,BES146011,,HC 850,111,Ja,
42320180,BES146011,,HC 850,112,Nein,
42320179,BES146011,,HC 850,26,710,15.0
42320178,BES146011,,HC 850,55,972,11.0
42320175,BES146011,,HC 850,113,OQ 60-5,
42320174,BES146011,,HC 850,73,1272,15.0
42320173,BES146011,,HC 850,63,764,15.0
42263891,100527,,Verbreiterung - AB 200 TV - 600R,73,500,15.0
42263890,100527,,Verbreiterung - AB 200 TV - 600R,149,AB 200 TV,
42263886,100526,,Verbreiterung - AB 200 TV - 600L,26,600,15.0
42263885,100526,,Verbreiterung - AB 200 TV - 600L,149,AB 200 TV,
42263881,07901268,17851,Super 800,26,,15.0
42263880,07901268,17851,Super 800,36,,14.0
42263879,07901268,17851,Super 800,38,,14.0
42263878,07901268,17851,Super 800,37,,14.0
42263877,07901268,17851,Super 800,55,,11.0
42263876,07901268,17851,Super 800,63,,15.0
42263875,07901268,17851,Super 800,73,,15.0
42263874,07901268,17851,Super 800,149,,
42257501,WGH0H274LHAA00037,300778,HD+ 140i VO,69,,
42257500,WGH0H274LHAA00037,300778,HD+ 140i VO,88,,
42257499,WGH0H274LHAA00037,300778,HD+ 140i VO,54,,
42257498,WGH0H274LHAA00037,300778,HD+ 140i VO,30,,
42257497,WGH0H274LHAA00037,300778,HD+ 140i VO,13,,
42257496,WGH0H274LHAA00037,300778,HD+ 140i VO,23,,
42257495,WGH0H274LHAA00037,300778,HD+ 140i VO,73,,
42257494,WGH0H274LHAA00037,300778,HD+ 140i VO,63,,
42257493,WGH0H274LHAA00037,300778,HD+ 140i VO,135,,
42257492,WGH0H274LHAA00037,300778,HD+ 140i VO,70,,
42257491,WGH0H274LHAA00037,300778,HD+ 140i VO,67,,
42257490,WGH0H274LHAA00037,300778,HD+ 140i VO,87,,
42257489,WGH0H274LHAA00037,300778,HD+ 140i VO,96,,
42257488,WGH0H274LHAA00037,300778,HD+ 140i VO,26,,
42257487,WGH0H274LHAA00037,300778,HD+ 140i VO,89,,
42257486,WGH0H274LHAA00037,300778,HD+ 140i VO,55,,
42257485,WGH0H274LHAA00037,300778,HD+ 140i VO,6,,
42257484,WGH0H274LHAA00037,300778,HD+ 140i VO,148,,
42257483,WGH0H274LHAA00037,300778,HD+ 140i VO,7,,
42257482,WGH0H274LHAA00037,300778,HD+ 140i VO,16,,
42257481,WGH0H274LHAA00037,300778,HD+ 140i VO,136,,
42094310,766843,,MRT 2150,6,,
42094309,766843,,MRT 2150,30,,
42094308,766843,,MRT 2150,55,17930,11.0
42094307,766843,,MRT 2150,7,,
42094306,766843,,MRT 2150,148,,
42094305,766843,,MRT 2150,50,,
42094304,766843,,MRT 2150,26,2490,
42094303,766843,,MRT 2150,40,20-36,12.0
42094302,766843,,MRT 2150,88,115,10.0
42094301,766843,,MRT 2150,63,3050,
42094300,766843,,MRT 2150,5,Nein,
42094299,766843,,MRT 2150,32,Ja,
42094298,766843,,MRT 2150,64,20700,
42094297,766843,,MRT 2150,87,mercedes,
42094296,766843,,MRT 2150,89,OM934E4-5,
42094295,766843,,MRT 2150,131,5000,11.0
42094294,766843,,MRT 2150,18,13500,15.0
42094293,766843,,MRT 2150,23,,
42094292,766843,,MRT 2150,73,6760,15.0
42094291,766843,,MRT 2150,69,,
42091092,DGR215617,,ER 250-4,73,450,15.0
42091091,DGR215617,,ER 250-4,14,max. 350,6.0
42091090,DGR215617,,ER 250-4,46,44,18.0
42091089,DGR215617,,ER 250-4,151,60 - 85,13.0
42091088,DGR215617,,ER 250-4,23,Nein,
42091087,DGR215617,,ER 250-4,150,90,4.0
42091086,DGR215617,,ER 250-4,112,Nein,
42091085,DGR215617,,ER 250-4,111,Ja,
42091084,DGR215617,,ER 250-4,113,OQ 60-5,
42091082,DGR215617,,ER 250-4,109,OilQuick,
42091081,DGR215617,,ER 250-4,55,570,11.0
42091080,DGR215617,,ER 250-4,63,965,15.0
42091079,DGR215617,,ER 250-4,26,685,15.0
42080933,DE219032,,BC 2500,111,Ja,
42080932,DE219032,,BC 2500,112,Nein,
42080931,DE219032,,BC 2500,26,900,15.0
42080930,DE219032,,BC 2500,55,2870,11.0
42080928,DE219032,,BC 2500,109,OilQuick,
42080927,DE219032,,BC 2500,113,OQ 70/55,
42080926,DE219032,,BC 2500,73,2465,15.0
42080925,DE219032,,BC 2500,63,1500,15.0
42021711,RM0037,,GB 2500,111,Ja,
42021710,RM0037,,GB 2500,112,Nein,
42021709,RM0037,,GB 2500,26,1320,15.0
42021708,RM0037,,GB 2500,55,500,11.0
42021706,RM0037,,GB 2500,109,OilQuick,
42021705,RM0037,,GB 2500,113,OQ 60-5,
42021704,RM0037,,GB 2500,73,2500,15.0
42021703,RM0037,,GB 2500,63,374,15.0
42010368,10910052,,DTS 400 Pro Plus,116,130,15.0
42010367,10910052,,DTS 400 Pro Plus,115,600,15.0
42010366,10910052,,DTS 400 Pro Plus,93,230,5.0
42010365,10910052,,DTS 400 Pro Plus,76,"2,2",10.0
42010364,10910052,,DTS 400 Pro Plus,118,,
42010363,10910052,,DTS 400 Pro Plus,73,1160,15.0
42010362,10910052,,DTS 400 Pro Plus,55,65,11.0
42010361,10910052,,DTS 400 Pro Plus,48,,3.0
42010360,10910052,,DTS 400 Pro Plus,94,,2.0
42010359,10910052,,DTS 400 Pro Plus,63,1255,15.0
42010358,10910052,,DTS 400 Pro Plus,26,735,15.0
42008668,101870622074,17844,BW 154 ACP-4 AM,135,,11.0
42008667,101870622074,17844,BW 154 ACP-4 AM,26,,15.0
42008666,101870622074,17844,BW 154 ACP-4 AM,7,,
42008665,101870622074,17844,BW 154 ACP-4 AM,88,,10.0
42008664,101870622074,17844,BW 154 ACP-4 AM,6,,
42008663,101870622074,17844,BW 154 ACP-4 AM,54,,
42008662,101870622074,17844,BW 154 ACP-4 AM,30,,
42008661,101870622074,17844,BW 154 ACP-4 AM,63,,15.0
42008660,101870622074,17844,BW 154 ACP-4 AM,73,,15.0
42008659,101870622074,17844,BW 154 ACP-4 AM,13,,15.0
42008658,101870622074,17844,BW 154 ACP-4 AM,148,,
42008657,101870622074,17844,BW 154 ACP-4 AM,16,,
42008656,101870622074,17844,BW 154 ACP-4 AM,70,,
42008655,101870622074,17844,BW 154 ACP-4 AM,136,,
42008654,101870622074,17844,BW 154 ACP-4 AM,23,,
42008653,101870622074,17844,BW 154 ACP-4 AM,69,,
42008652,101870622074,17844,BW 154 ACP-4 AM,89,,
42008651,101870622074,17844,BW 154 ACP-4 AM,87,,
42008650,101870622074,17844,BW 154 ACP-4 AM,96,,
42008649,101870622074,17844,BW 154 ACP-4 AM,55,,11.0
42008648,101870622074,17844,BW 154 ACP-4 AM,67,,18.0
41996564,ZG-4403159,,EgliMag 920A,109,OilQuick,
41996563,ZG-4403159,,EgliMag 920A,113,OQ 70/55,
41996562,ZG-4403159,,EgliMag 920A,112,Nein,
41996561,ZG-4403159,,EgliMag 920A,111,Ja,
41996559,ZG-4403159,,EgliMag 920A,63,865,15.0
41996558,ZG-4403159,,EgliMag 920A,55,1650,11.0
41996557,ZG-4403159,,EgliMag 920A,26,1000,15.0
41996556,ZG-4403159,,EgliMag 920A,23,Nein,
41988136,EDM400257,,Kernbohrgerät - OQ70/55,111,Ja,
41988135,EDM400257,,Kernbohrgerät - OQ70/55,112,Nein,
41988134,EDM400257,,Kernbohrgerät - OQ70/55,26,450,15.0
41988133,EDM400257,,Kernbohrgerät - OQ70/55,55,572,11.0
41988130,EDM400257,,Kernbohrgerät - OQ70/55,23,Nein,
41988129,EDM400257,,Kernbohrgerät - OQ70/55,113,OQ 70/55,
41988128,EDM400257,,Kernbohrgerät - OQ70/55,73,450,15.0
41988127,EDM400257,,Kernbohrgerät - OQ70/55,63,1280,15.0
41939281,10002174EMG003874,,SD 1800 C,152,200,15.0
41939280,10002174EMG003874,,SD 1800 C,52,Nein,
41939279,10002174EMG003874,,SD 1800 C,38,"2,95 - 4,70",14.0
41939278,10002174EMG003874,,SD 1800 C,37,"4,70",14.0
41939277,10002174EMG003874,,SD 1800 C,36,"1,75 - 3,50",14.0
41939276,10002174EMG003874,,SD 1800 C,149,V3500TVE,
41939275,10002174EMG003874,,SD 1800 C,73,5020,15.0
41939274,10002174EMG003874,,SD 1800 C,89,"2,9l TD 4 Zylinder",
41939273,10002174EMG003874,,SD 1800 C,88,54,10.0
41939271,10002174EMG003874,,SD 1800 C,35,Ja,
41939270,10002174EMG003874,,SD 1800 C,127,Nein,
41939269,10002174EMG003874,,SD 1800 C,148,Ja,
41939268,10002174EMG003874,,SD 1800 C,8,Ja,
41939267,10002174EMG003874,,SD 1800 C,26,1800,15.0
41939266,10002174EMG003874,,SD 1800 C,7,Tier 3,
41939265,10002174EMG003874,,SD 1800 C,63,2400,15.0
41939264,10002174EMG003874,,SD 1800 C,87,Deutz,
41939263,10002174EMG003874,,SD 1800 C,27,hydraulisch,
41939262,10002174EMG003874,,SD 1800 C,23,Nein,
41939261,10002174EMG003874,,SD 1800 C,132,Ja,
41939260,10002174EMG003874,,SD 1800 C,34,,20.0
41939259,10002174EMG003874,,SD 1800 C,30,Ja,
41939258,10002174EMG003874,,SD 1800 C,6,Stufe V,
41939257,10002174EMG003874,,SD 1800 C,55,10500,11.0
41852895,MG003902,,MF 2500CS STG V 2019,26,2550,15.0
41852894,MG003902,,MF 2500CS STG V 2019,69,Nein,
41852893,MG003902,,MF 2500CS STG V 2019,62,Ja,
41852892,MG003902,,MF 2500CS STG V 2019,31,Ja,
41852891,MG003902,,MF 2500CS STG V 2019,148,Ja,
41852890,MG003902,,MF 2500CS STG V 2019,43,4000,20.0
41852889,MG003902,,MF 2500CS STG V 2019,30,Ja,
41852888,MG003902,,MF 2500CS STG V 2019,89,QSB 6.7-C225,
41852887,MG003902,,MF 2500CS STG V 2019,22,1200,15.0
41852886,MG003902,,MF 2500CS STG V 2019,73,9200,15.0
41852885,MG003902,,MF 2500CS STG V 2019,8,Nein,
41852884,MG003902,,MF 2500CS STG V 2019,88,168,10.0
41852883,MG003902,,MF 2500CS STG V 2019,6,Stufe IV,
41852882,MG003902,,MF 2500CS STG V 2019,7,Tier 4f,
41852881,MG003902,,MF 2500CS STG V 2019,63,3100,15.0
41852880,MG003902,,MF 2500CS STG V 2019,87,Cummins,
41852879,MG003902,,MF 2500CS STG V 2019,23,Nein,
41852878,MG003902,,MF 2500CS STG V 2019,132,Ja,
41852877,MG003902,,MF 2500CS STG V 2019,55,20000,11.0
41848775,430920321,,XHD 900,111,Ja,
41848773,430920321,,XHD 900,26,1018,15.0
41848772,430920321,,XHD 900,55,486,11.0
41848769,430920321,,XHD 900,113,OQ 60-5,
41848768,430920321,,XHD 900,73,1962,15.0
41848767,430920321,,XHD 900,63,808,15.0
41831547,RM-0025,,S60,116,175,15.0
41828722,RM-0025,,S60,111,Ja,
41828720,RM-0025,,S60,26,400,15.0
41828719,RM-0025,,S60,55,105,11.0
41828717,RM-0025,,S60,113,OQ 60-5,
41828716,RM-0025,,S60,73,600,15.0
41828715,RM-0025,,S60,63,750,15.0
41826312,400228,,Rohrschiebeadapter - OQ 70/55,26,640,15.0
41826311,400228,,Rohrschiebeadapter - OQ 70/55,55,500,11.0
41826310,400228,,Rohrschiebeadapter - OQ 70/55,109,OilQuick,
41826309,400228,,Rohrschiebeadapter - OQ 70/55,23,Nein,
41826308,400228,,Rohrschiebeadapter - OQ 70/55,113,OQ 70/55,
41826307,400228,,Rohrschiebeadapter - OQ 70/55,73,1150,15.0
41826306,400228,,Rohrschiebeadapter - OQ 70/55,63,740,15.0
41814135,100471,,Verbreiterung V 6000 TV Gas - 750R,26,750,15.0
41814134,100471,,Verbreiterung V 6000 TV Gas - 750R,149,V 6000 TV Gas,
41814076,100470,,Verbreiterung V 6000 TV Gas - 750R,26,750,15.0
41814075,100470,,Verbreiterung V 6000 TV Gas - 750R,149,V 6000 TV Gas,
41814053,100469,,Verbreiterung V 6000 TV Gas - 750L,26,750,15.0
41814052,100469,,Verbreiterung V 6000 TV Gas - 750L,149,V 6000 TV Gas,
41814016,100468,,Verbreiterung V 6000 TV Gas - 750L,26,750,15.0
41814015,100468,,Verbreiterung V 6000 TV Gas - 750L,149,V 6000 TV Gas,
41813980,100467,,Verbreiterung V 6000 TV Gas - 350R,26,350,15.0
41813979,100467,,Verbreiterung V 6000 TV Gas - 350R,149,V 6000 TV Gas,
41813944,100466,,Verbreiterung V 6000 TV Gas - 350L,26,350,15.0
41813943,100466,,Verbreiterung V 6000 TV Gas - 350L,149,V 6000 TV Gas,
41809578,100464,,Verbreiterung V 6000 TV Gas - 750L,26,750,15.0
41809577,100464,,Verbreiterung V 6000 TV Gas - 750L,149,V 6000 TV Gas,
41809523,100463,,Verbreiterung V 6000 TV Gas - 750R,26,750,15.0
41809522,100463,,Verbreiterung V 6000 TV Gas - 750R,149,V 6000 TV Gas,
41797583,16628 - 2,16628 - 2,Verbreiterung EB 50 E - 750R,26,750,15.0
41797582,16628 - 2,16628 - 2,Verbreiterung EB 50 E - 750R,149,EB 50 E,
41797562,16628 - 1,16628 - 1,Verbreiterung EB 50 E - 750L,26,750,15.0
41797561,16628 - 1,16628 - 1,Verbreiterung EB 50 E - 750L,149,EB 50 E,
41797503,16627 - 2,16627 - 2,Verbreiterung EB 50 E - 750R,26,750,15.0
41797502,16627 - 2,16627 - 2,Verbreiterung EB 50 E - 750R,149,EB 50 E,
41797467,16627 - 1,16627 - 1,Verbreiterung EB 50 E - 750L,26,750,15.0
41797466,16627 - 1,16627 - 1,Verbreiterung EB 50 E - 750L,149,EB 50 E,
41792361,13100423,17832,W 100 Fi,45,1000,
41792360,13100423,17832,W 100 Fi,23,,
41792359,13100423,17832,W 100 Fi,8,,
41792358,13100423,17832,W 100 Fi,6,Stufe III B,
41792357,13100423,17832,W 100 Fi,142,,
41792356,13100423,17832,W 100 Fi,69,,
41792355,13100423,17832,W 100 Fi,26,2575,
41792354,13100423,17832,W 100 Fi,89,QSL 9,
41792353,13100423,17832,W 100 Fi,143,,
41792352,13100423,17832,W 100 Fi,46,,
41792351,13100423,17832,W 100 Fi,87,,
41792350,13100423,17832,W 100 Fi,55,18700,
41792349,13100423,17832,W 100 Fi,30,,
41792348,13100423,17832,W 100 Fi,77,,
41792347,13100423,17832,W 100 Fi,148,,
41792346,13100423,17832,W 100 Fi,9,,
41792345,13100423,17832,W 100 Fi,47,320,
41792344,13100423,17832,W 100 Fi,41,,
41792343,13100423,17832,W 100 Fi,73,10685,
41792342,13100423,17832,W 100 Fi,63,3000,
41792341,13100423,17832,W 100 Fi,144,,
41792340,13100423,17832,W 100 Fi,122,,
41792339,13100423,17832,W 100 Fi,88,224,
41792338,13100423,17832,W 100 Fi,61,,
41792337,13100423,17832,W 100 Fi,7,Tier 4,
41792290,13100460,17831,W 100 Fi,45,1000,
41792289,13100460,17831,W 100 Fi,23,,
41792288,13100460,17831,W 100 Fi,8,,
41792287,13100460,17831,W 100 Fi,6,Stufe III B,
41792286,13100460,17831,W 100 Fi,142,,
41792285,13100460,17831,W 100 Fi,69,,
41792284,13100460,17831,W 100 Fi,26,2575,
41792283,13100460,17831,W 100 Fi,89,QSL 9,
41792282,13100460,17831,W 100 Fi,143,,
41792281,13100460,17831,W 100 Fi,46,,
41792280,13100460,17831,W 100 Fi,87,,
41792279,13100460,17831,W 100 Fi,55,18700,
41792278,13100460,17831,W 100 Fi,30,,
41792277,13100460,17831,W 100 Fi,77,,
41792276,13100460,17831,W 100 Fi,148,,
41792275,13100460,17831,W 100 Fi,9,,
41792274,13100460,17831,W 100 Fi,47,320,
41792273,13100460,17831,W 100 Fi,41,,
41792272,13100460,17831,W 100 Fi,73,10685,
41792271,13100460,17831,W 100 Fi,63,3000,
41792270,13100460,17831,W 100 Fi,144,,
41792269,13100460,17831,W 100 Fi,122,,
41792268,13100460,17831,W 100 Fi,88,224,
41792267,13100460,17831,W 100 Fi,61,,
41792266,13100460,17831,W 100 Fi,7,Tier 4,
41791745,13100231,17833,W 100 Fi,45,1000,
41791744,13100231,17833,W 100 Fi,23,,
41791743,13100231,17833,W 100 Fi,8,,
41791742,13100231,17833,W 100 Fi,6,Stufe III B,
41791741,13100231,17833,W 100 Fi,142,,
41791740,13100231,17833,W 100 Fi,69,,
41791739,13100231,17833,W 100 Fi,26,2575,
41791738,13100231,17833,W 100 Fi,89,QSL 9,
41791737,13100231,17833,W 100 Fi,143,,
41791736,13100231,17833,W 100 Fi,46,,
41791735,13100231,17833,W 100 Fi,87,,
41791734,13100231,17833,W 100 Fi,55,18700,
41791733,13100231,17833,W 100 Fi,30,,
41791732,13100231,17833,W 100 Fi,77,,
41791731,13100231,17833,W 100 Fi,148,,
41791730,13100231,17833,W 100 Fi,9,,
41791729,13100231,17833,W 100 Fi,47,320,
41791728,13100231,17833,W 100 Fi,41,,
41791727,13100231,17833,W 100 Fi,73,10685,
41791726,13100231,17833,W 100 Fi,63,3000,
41791725,13100231,17833,W 100 Fi,144,,
41791724,13100231,17833,W 100 Fi,122,,
41791723,13100231,17833,W 100 Fi,88,224,
41791722,13100231,17833,W 100 Fi,61,,
41791721,13100231,17833,W 100 Fi,7,Tier 4,
41791357,13100187,17834,W 100 Fi,45,1000,
41791356,13100187,17834,W 100 Fi,23,,
41791355,13100187,17834,W 100 Fi,8,,
41791354,13100187,17834,W 100 Fi,6,Stufe III B,
41791353,13100187,17834,W 100 Fi,142,,
41791352,13100187,17834,W 100 Fi,69,,
41791351,13100187,17834,W 100 Fi,26,2575,
41791350,13100187,17834,W 100 Fi,89,QSL 9,
41791349,13100187,17834,W 100 Fi,143,,
41791348,13100187,17834,W 100 Fi,46,,
41791347,13100187,17834,W 100 Fi,87,,
41791346,13100187,17834,W 100 Fi,55,18700,
41791345,13100187,17834,W 100 Fi,30,,
41791344,13100187,17834,W 100 Fi,77,,
41791343,13100187,17834,W 100 Fi,148,,
41791342,13100187,17834,W 100 Fi,9,,
41791341,13100187,17834,W 100 Fi,47,320,
41791340,13100187,17834,W 100 Fi,41,,
41791339,13100187,17834,W 100 Fi,73,10685,
41791338,13100187,17834,W 100 Fi,63,3000,
41791337,13100187,17834,W 100 Fi,144,,
41791336,13100187,17834,W 100 Fi,122,,
41791335,13100187,17834,W 100 Fi,88,224,
41791334,13100187,17834,W 100 Fi,61,,
41791333,13100187,17834,W 100 Fi,7,Tier 4,
41778711,3001390,,F80W,152,5-100,15.0
41778710,3001390,,F80W,52,Ja,
41778709,3001390,,F80W,148,Nein,
41778708,3001390,,F80W,132,Nein,
41778707,3001390,,F80W,127,Nein,
41778706,3001390,,F80W,89,1B40,
41778705,3001390,,F80W,88,"6,3",10.0
41778704,3001390,,F80W,87,Hatz,
41778703,3001390,,F80W,73,2869,15.0
41778702,3001390,,F80W,63,1652,15.0
41778701,3001390,,F80W,55,1150,11.0
41778700,3001390,,F80W,37,"1,65",14.0
41778699,3001390,,F80W,36,"0,25 - 1,30",14.0
41778698,3001390,,F80W,35,Nein,
41778697,3001390,,F80W,34,35,20.0
41778696,3001390,,F80W,30,Nein,
41778694,3001390,,F80W,27,mechanisch,
41778693,3001390,,F80W,26,1150,15.0
41778692,3001390,,F80W,149,V 1300 V,
41778691,3001390,,F80W,23,Nein,
41778690,3001390,,F80W,8,Nein,
41778689,3001390,,F80W,7,EPA,
41778688,3001390,,F80W,6,Stufe V,
41774586,201609046,100440,Klappschaufel - 906/907/908,114,,15.0
41774585,201609046,100440,Klappschaufel - 906/907/908,109,Caterpillar,
41774584,201609046,100440,Klappschaufel - 906/907/908,73,,15.0
41774583,201609046,100440,Klappschaufel - 906/907/908,65,,16.0
41774582,201609046,100440,Klappschaufel - 906/907/908,63,,15.0
41774581,201609046,100440,Klappschaufel - 906/907/908,55,,11.0
41774580,201609046,100440,Klappschaufel - 906/907/908,26,,15.0
41774579,201609046,100440,Klappschaufel - 906/907/908,23,,
41774463,201609050,100437,Klappschaufel - 906/907/908,114,,15.0
41774462,201609050,100437,Klappschaufel - 906/907/908,109,Caterpillar,
41774461,201609050,100437,Klappschaufel - 906/907/908,73,,15.0
41774460,201609050,100437,Klappschaufel - 906/907/908,65,,16.0
41774459,201609050,100437,Klappschaufel - 906/907/908,63,,15.0
41774458,201609050,100437,Klappschaufel - 906/907/908,55,,11.0
41774457,201609050,100437,Klappschaufel - 906/907/908,26,,15.0
41774456,201609050,100437,Klappschaufel - 906/907/908,23,,
41769085,100429,100429,Klappschaufel - 906/907/908,114,,15.0
41769084,100429,100429,Klappschaufel - 906/907/908,109,Caterpillar,
41769083,100429,100429,Klappschaufel - 906/907/908,73,,15.0
41769082,100429,100429,Klappschaufel - 906/907/908,65,,16.0
41769081,100429,100429,Klappschaufel - 906/907/908,63,,15.0
41769080,100429,100429,Klappschaufel - 906/907/908,55,,11.0
41769079,100429,100429,Klappschaufel - 906/907/908,26,,15.0
41769078,100429,100429,Klappschaufel - 906/907/908,23,,
41768863,DGR655610,,ER 650-3,113,OQ 70/55,
41768862,DGR655610,,ER 650-3,111,Ja,
41768861,DGR655610,,ER 650-3,150,80,4.0
41768860,DGR655610,,ER 650-3,73,585,15.0
41768859,DGR655610,,ER 650-3,63,1250,15.0
41768858,DGR655610,,ER 650-3,55,1200,11.0
41768857,DGR655610,,ER 650-3,46,44,18.0
41768856,DGR655610,,ER 650-3,151,140 - 190,13.0
41768855,DGR655610,,ER 650-3,26,800,15.0
41768854,DGR655610,,ER 650-3,23,Nein,
41768853,DGR655610,,ER 650-3,14,max. 350,6.0
41767055,100428,100428,Verbreiterung S 340-2 - 300L,26,300,15.0
41767054,100428,100428,Verbreiterung S 340-2 - 300L,149,S 340-2,
41767035,100427,100427,Verbreiterung S 340-2 - 300L,26,300,15.0
41767034,100427,100427,Verbreiterung S 340-2 - 300L,149,S 340-2,
41767005,100426,100426,Verbreiterung S 340-2 - 300R,26,300,15.0
41767004,100426,100426,Verbreiterung S 340-2 - 300R,149,S 340-2,
41766997,100425,100425,Verbreiterung S 340-2 - 300R,26,300,15.0
41766996,100425,100425,Verbreiterung S 340-2 - 300R,149,S 340-2,
41766882,821891081002,17796,BF 300 C,55,8200,11.0
41766881,821891081002,17796,BF 300 C,38,"4,0",14.0
41766879,821891081002,17796,BF 300 C,36,"1,7-3,4",14.0
41766878,821891081002,17796,BF 300 C,73,5700,15.0
41766877,821891081002,17796,BF 300 C,63,2800,15.0
41766876,821891081002,17796,BF 300 C,26,2450,15.0
41766875,821891081002,17796,BF 300 C,149,S 340-2,
41766841,821891081001,17816,BF 300 C,55,8200,11.0
41766840,821891081001,17816,BF 300 C,38,"4,0",14.0
41766838,821891081001,17816,BF 300 C,36,"1,70 - 3,40",14.0
41766837,821891081001,17816,BF 300 C,73,5700,15.0
41766836,821891081001,17816,BF 300 C,63,2800,15.0
41766835,821891081001,17816,BF 300 C,26,2450,15.0
41766834,821891081001,17816,BF 300 C,149,S 340-2,
41766477,0216L,,Verbreiterung AB 500-3 TP-2 - 750L,26,750,15.0
41766476,0216L,,Verbreiterung AB 500-3 TP-2 - 750L,149,AB 500-3 TP 2,
41766460,0216R,,Verbreiterung AB 500-3 TP-2 - 750R,26,750,15.0
41766459,0216R,,Verbreiterung AB 500-3 TP-2 - 750R,149,AB 500-3 TP 2,
41766429,0217L,,Verbreiterung AB 500-3 TP-2 - 750L,26,750,15.0
41766428,0217L,,Verbreiterung AB 500-3 TP-2 - 750L,149,AB 500-3 TP 2,
41766410,0217R,,Verbreiterung AB 500-3 TP-2 - 750R,26,750,15.0
41766409,0217R,,Verbreiterung AB 500-3 TP-2 - 750R,149,AB 500-3 TP 2,
41766365,08190566,17787,Super 2100-3i,38,"8,00",14.0
41766363,08190566,17787,Super 2100-3i,36,"2,50 - 5,00",14.0
41766362,08190566,17787,Super 2100-3i,7,Tier 4,
41766361,08190566,17787,Super 2100-3i,8,Nein,
41766360,08190566,17787,Super 2100-3i,23,Nein,
41766359,08190566,17787,Super 2100-3i,26,2550,15.0
41766356,08190566,17787,Super 2100-3i,30,Ja,
41766355,08190566,17787,Super 2100-3i,35,Ja,
41766354,08190566,17787,Super 2100-3i,55,22550,11.0
41766353,08190566,17787,Super 2100-3i,63,3100,15.0
41766352,08190566,17787,Super 2100-3i,73,7200,15.0
41766351,08190566,17787,Super 2100-3i,87,Cummins,
41766350,08190566,17787,Super 2100-3i,88,186,10.0
41766349,08190566,17787,Super 2100-3i,89,QSB 6.7 C 250,
41766348,08190566,17787,Super 2100-3i,127,Nein,
41766347,08190566,17787,Super 2100-3i,132,Nein,
41766346,08190566,17787,Super 2100-3i,148,Ja,
41766345,08190566,17787,Super 2100-3i,149,AB 500-3 TP-2,
41756408,LE22790,317794,L1-24,59,"19,1",14.0
41756407,LE22790,317794,L1-24,19,27,14.0
41750473,20310,20310,"Auffahrrampen 0,8 to.",95,800,11.0
41750472,20310,20310,"Auffahrrampen 0,8 to.",55,7,11.0
41750439,20308,20308,"Auffahrrampen 1,5 to.",55,10,11.0
41750438,20308,20308,"Auffahrrampen 1,5 to.",95,1500,11.0
41744823,101880561056,300757,BW 100 AD-5,148,Ja,
41744822,101880561056,300757,BW 100 AD-5,136,Nein,
41744821,101880561056,300757,BW 100 AD-5,96,Nein,
41744820,101880561056,300757,BW 100 AD-5,89,D1803,
41744819,101880561056,300757,BW 100 AD-5,88,"24,6",10.0
41744818,101880561056,300757,BW 100 AD-5,87,Kubota,
41744817,101880561056,300757,BW 100 AD-5,73,2529,15.0
41744816,101880561056,300757,BW 100 AD-5,70,Ja,
41744815,101880561056,300757,BW 100 AD-5,69,Nein,
41744814,101880561056,300757,BW 100 AD-5,67,1,18.0
41744813,101880561056,300757,BW 100 AD-5,63,1808,15.0
41744812,101880561056,300757,BW 100 AD-5,55,2550,11.0
41744811,101880561056,300757,BW 100 AD-5,54,Nein,
41744810,101880561056,300757,BW 100 AD-5,30,Ja,
41744809,101880561056,300757,BW 100 AD-5,26,1072,15.0
41744808,101880561056,300757,BW 100 AD-5,23,Nein,
41744807,101880561056,300757,BW 100 AD-5,16,Nein,
41744806,101880561056,300757,BW 100 AD-5,13,1000,15.0
41744805,101880561056,300757,BW 100 AD-5,7,Tier 4,
41744804,101880561056,300757,BW 100 AD-5,6,Stufe V,
41744793,101880561052,300756,BW 100 AD-5,148,Ja,
41744792,101880561052,300756,BW 100 AD-5,136,Nein,
41744791,101880561052,300756,BW 100 AD-5,96,Nein,
41744790,101880561052,300756,BW 100 AD-5,89,D1803,
41744789,101880561052,300756,BW 100 AD-5,88,"24,6",10.0
41744788,101880561052,300756,BW 100 AD-5,87,Kubota,
41744787,101880561052,300756,BW 100 AD-5,73,2529,15.0
41744786,101880561052,300756,BW 100 AD-5,70,Ja,
41744785,101880561052,300756,BW 100 AD-5,69,Nein,
41744784,101880561052,300756,BW 100 AD-5,67,1,18.0
41744783,101880561052,300756,BW 100 AD-5,63,1808,15.0
41744782,101880561052,300756,BW 100 AD-5,55,2550,11.0
41744781,101880561052,300756,BW 100 AD-5,54,Nein,
41744780,101880561052,300756,BW 100 AD-5,30,Ja,
41744779,101880561052,300756,BW 100 AD-5,26,1072,15.0
41744778,101880561052,300756,BW 100 AD-5,23,Nein,
41744777,101880561052,300756,BW 100 AD-5,16,Nein,
41744776,101880561052,300756,BW 100 AD-5,13,1000,15.0
41744775,101880561052,300756,BW 100 AD-5,7,Tier 4,
41744774,101880561052,300756,BW 100 AD-5,6,Stufe V,
41744729,101880581066,300753,BW 100 AC-5,148,Nein,
41744728,101880581066,300753,BW 100 AC-5,96,Nein,
41744727,101880581066,300753,BW 100 AC-5,89,D1803,
41744726,101880581066,300753,BW 100 AC-5,88,"24,6",10.0
41744725,101880581066,300753,BW 100 AC-5,87,Kubota,
41744724,101880581066,300753,BW 100 AC-5,73,2529,15.0
41744723,101880581066,300753,BW 100 AC-5,70,Ja,
41744722,101880581066,300753,BW 100 AC-5,69,Nein,
41744721,101880581066,300753,BW 100 AC-5,67,1,18.0
41744720,101880581066,300753,BW 100 AC-5,63,1808,15.0
41744719,101880581066,300753,BW 100 AC-5,55,2400,11.0
41744718,101880581066,300753,BW 100 AC-5,54,Nein,
41744717,101880581066,300753,BW 100 AC-5,30,Ja,
41744716,101880581066,300753,BW 100 AC-5,26,1072,15.0
41744715,101880581066,300753,BW 100 AC-5,23,Nein,
41744714,101880581066,300753,BW 100 AC-5,16,Nein,
41744713,101880581066,300753,BW 100 AC-5,13,1000,15.0
41744712,101880581066,300753,BW 100 AC-5,7,Tier 4,
41744711,101880581066,300753,BW 100 AC-5,6,Stufe V,
41744539,H2109961,500384,TL 600,147,CAT J300,
41744538,H2109961,500384,TL 600,114,600,15.0
41744537,H2109961,500384,TL 600,113,OQ 60-5,
41744536,H2109961,500384,TL 600,65,"0,37",16.0
41744535,H2109961,500384,TL 600,26,600,15.0
41744534,H2109961,500384,TL 600,55,250,11.0
41744533,H2109961,500384,TL 600,12,3,18.0
41744515,H2109960,500385,TL 800,147,CAT J300,
41744514,H2109960,500385,TL 800,114,800,15.0
41744513,H2109960,500385,TL 800,113,OQ 60-5,
41744512,H2109960,500385,TL 800,65,"0,49",16.0
41744511,H2109960,500385,TL 800,55,300,11.0
41744510,H2109960,500385,TL 800,26,800,15.0
41744509,H2109960,500385,TL 800,12,4,18.0
41744493,H2109959,500386,TL 1000,147,CAT J300,
41744492,H2109959,500386,TL 1000,113,OQ 60-5,
41744491,H2109959,500386,TL 1000,65,"0,61",16.0
41744490,H2109959,500386,TL 1000,55,400,11.0
41744489,H2109959,500386,TL 1000,26,1000,15.0
41744488,H2109959,500386,TL 1000,12,4,18.0
41744455,H2109962,500388,SL 600,147,Mini - Z 1,
41744454,H2109962,500388,SL 600,114,600,15.0
41744453,H2109962,500388,SL 600,110,QC01,
41744452,H2109962,500388,SL 600,65,"0,063",16.0
41744451,H2109962,500388,SL 600,55,130,11.0
41744450,H2109962,500388,SL 600,26,600,15.0
41744449,H2109962,500388,SL 600,12,4,18.0
41734772,JCB409POV01780923,20389,409 B,126,Nein,
41734771,JCB409POV01780923,20389,409 B,148,Nein,
41734770,JCB409POV01780923,20389,409 B,109,JCB,
41734769,JCB409POV01780923,20389,409 B,111,Ja,
41734768,JCB409POV01780923,20389,409 B,95,2200,11.0
41734767,JCB409POV01780923,20389,409 B,89,TCD 2011 L 04 I,
41734766,JCB409POV01780923,20389,409 B,88,"56,5",10.0
41734765,JCB409POV01780923,20389,409 B,87,Deutz,
41734764,JCB409POV01780923,20389,409 B,73,6200,15.0
41734763,JCB409POV01780923,20389,409 B,70,Ja,
41734762,JCB409POV01780923,20389,409 B,69,Nein,
41734761,JCB409POV01780923,20389,409 B,63,2750,15.0
41734760,JCB409POV01780923,20389,409 B,55,6000,11.0
41734759,JCB409POV01780923,20389,409 B,40,20,12.0
41734758,JCB409POV01780923,20389,409 B,30,Nein,
41734757,JCB409POV01780923,20389,409 B,26,2020,15.0
41734756,JCB409POV01780923,20389,409 B,11,Nein,
41734755,JCB409POV01780923,20389,409 B,7,Tier 2,
41734754,JCB409POV01780923,20389,409 B,6,Stufe III A,
