equipment_id,designation,serial_number,inventory_number,manufacturer_id,equipment_group_id,billing_group_id,usage_type_id,cost_center_id,status_id,process_id
114400477,W 120 CFi,18100253,18653,121.0,64.0,,4,1.0,3,1.0
114400474,W 60 i,9100366,18655,121.0,63.0,,4,1.0,3,1.0
114400471,W 100 F,8101165,18654,121.0,64.0,,4,1.0,3,1.0
114400468,W 120 Fi,13100455,18652,121.0,64.0,,4,1.0,3,1.0
114400465,W 200i,14201248,18656,121.0,64.0,,4,1.0,3,1.0
114400361,W 200i,14201247,18656,121.0,64.0,,4,1.0,3,1.0
114399869,W 120 F,08100061,17746,121.0,64.0,,4,1.0,3,1.0
114399801,H 90 SG,,,45.0,106.0,227.0,4,,1,1.0
114399668,130 EC-B 8 Fr.tronic,21305,18316,69.0,92.0,,4,1.0,3,1.0
114399210,HC 130i,,,39.0,56.0,146.0,4,,1,1.0
114394905,A 916 Litronic,,,69.0,8.0,,4,,2,1.0
113856870,Materialkübel extern,45rt432,,27.0,69.0,177.0,3,2.0,3,1.0
113856848,MF 2500CS STG V 2019,34532,,27.0,67.0,174.0,3,2.0,3,1.0
113856518,HC 130i,12535521,,39.0,56.0,146.0,3,2.0,3,1.0
113798370,Super 1303-3i,15111158,,116.0,70.0,179.0,3,,3,1.0
113797166,180 EC-H 10 Litronic,42082,2125000598,69.0,92.0,,4,1.0,3,1.0
113796571,TL 1600 hydraulisch schwenkbar,590257,1865,41.0,10.0,39.0,4,1.0,3,1.0
113796534,A 920,1179-91641,18589,69.0,8.0,30.0,4,1.0,3,1.0
113795618,"TS - 256 HC, L=4,14 m",102349,,69.0,93.0,,4,1.0,3,1.0
113795615,"TS - 256 HC, L=4,14 m",102348,,69.0,93.0,,4,1.0,3,1.0
113795612,"TS - 256 HC, L=4,14 m",102347,,69.0,93.0,,4,1.0,3,1.0
113795609,"TS - 256 HC, L=4,14 m",102346,,69.0,93.0,,4,1.0,3,1.0
113795606,"TS - 256 HC, L=4,14 m",102345,,69.0,93.0,,4,1.0,3,1.0
113795603,"TS - 256 HC, L=4,14 m",102344,,69.0,93.0,,4,1.0,3,1.0
113795316,CAR Radlader 950GC,M57701083,,18.0,37.0,,5,,1,
113794790,HC 130i,1234567,,39.0,56.0,146.0,4,2.0,3,1.0
113793667,Verschmälerung - AB 135 V - R,102334,,116.0,74.0,196.0,3,2.0,3,1.0
113793659,Verschmälerung - AB 135 V - L,102333,,116.0,74.0,196.0,3,2.0,3,1.0
113793629,Mini 500,11900213,,116.0,71.0,181.0,3,2.0,3,1.0
113770407,Verbreiterung - AB 500-5 TV - 750R,95VB0360R,,116.0,73.0,195.0,4,2.0,3,1.0
113770399,Verbreiterung - AB 500-5 TV - 750L,95VB0360L,,116.0,73.0,195.0,4,2.0,3,1.0
113770369,Super 1800-5i,23820148,,116.0,71.0,186.0,4,2.0,3,1.0
113770287,Super 1300-3i,14110820,,116.0,71.0,183.0,4,2.0,3,1.0
113725894,W 1000 F,55454545,18513,121.0,64.0,,4,1.0,3,1.0
113707584,TB 235,123502300,,106.0,5.0,13.0,1,,3,2.0
113706982,Verschmälerung - AB 220-3 TV - R,101704,,116.0,74.0,196.0,3,2.0,3,1.0
113706974,Verschmälerung - AB 220-3 TV - L,101705,,116.0,74.0,196.0,3,2.0,3,1.0
113706969,Verbreiterung - AB 220-3 TV - 500R,65VB1315R,,116.0,73.0,195.0,3,2.0,3,1.0
113706964,Verbreiterung - AB 220-3 TV - 500L,65VB1315L,,116.0,73.0,195.0,3,2.0,3,1.0
113706937,Super 800i,09901387,,116.0,71.0,182.0,3,2.0,3,1.0
113706653,Verschmälerung - AB 220-3 TV - R,101702,,116.0,74.0,196.0,3,2.0,3,1.0
113706645,Verschmälerung - AB 220-3 TV - L,101703,,116.0,74.0,196.0,3,2.0,3,1.0
113706640,Verbreiterung - AB 220-3 TV - 500R,65VB1316R,,116.0,73.0,195.0,3,2.0,3,1.0
113706635,Verbreiterung - AB 220-3 TV - 500L,65VB1316L,,116.0,73.0,195.0,3,2.0,3,1.0
113706608,Super 800i,09901392,,116.0,71.0,182.0,3,2.0,3,1.0
113700703,Insignia Sports Tourer,W0VZT8EG2J1083547,,86.0,118.0,,4,3.0,4,1.0
113541906,125 K,56920,18472,69.0,91.0,,4,1.0,3,1.0
113395845,ID.4 Pro,WVGZZZE29RE022554,,115.0,118.0,,2,3.0,1,1.0
113395843,ENYAQ 80,TMBJC9NY3NF043668,,98.0,118.0,,2,3.0,1,1.0
113395841,Arteon,WVWZZZ3HZPK004364,,115.0,118.0,,2,3.0,1,1.0
113395791,Zoe,VF1AG000765936708,,91.0,118.0,,2,3.0,1,1.0
113394238,ID.4 Pro,WVGZZZE2ZPE034699,,115.0,118.0,,2,3.0,1,1.0
113394081,Transit Custom,WF0YXXTTGYNU33326-1,,32.0,119.0,,2,3.0,1,1.0
112849192,Materialkübel extern,1000038804,,27.0,69.0,177.0,3,2.0,3,1.0
112847273,SW 6500,3200193,,27.0,68.0,176.0,3,2.0,3,1.0
112729023,GRL 2000 starr,102310,,69.0,13.0,,4,1.0,3,1.0
112729008,TL 700,102309,,1.0,9.0,,4,1.0,3,1.0
112728989,A 922 Rail Litronic,095597,18503,69.0,8.0,,4,1.0,3,1.0
112719137,BW 138 AD-5,101650371313,18508,14.0,59.0,,4,1.0,3,1.0
112719109,ARX 45-2,3006796,18505,5.0,59.0,155.0,4,1.0,3,1.0
112719067,ARX 45-2,3017578,18506,5.0,59.0,155.0,4,1.0,3,1.0
112719037,ARX 45-2,3017580,18507,5.0,59.0,155.0,4,1.0,3,1.0
112575242,W 100 F,0810 0696,18500,121.0,64.0,,4,1.0,3,1.0
112438223,"TS - 256 HC, L=4,14 m",102296,,69.0,93.0,,4,1.0,3,1.0
112438220,"TS - 256 HC, L=4,14 m",102295,,69.0,93.0,,4,1.0,3,1.0
112438217,"TS - 256 HC, L=4,14 m",102294,,69.0,93.0,,4,1.0,3,1.0
112438214,"GTS - 256 HC , L= 12,42m",102293,,69.0,93.0,,4,1.0,3,1.0
112438194,245 EC-H 12 Litronic,42116,18504,69.0,92.0,,4,1.0,3,1.0
112433579,Pendelgreifer 400,HGOT / GM5B / 33LF / 101344,,69.0,122.0,231.0,3,2.0,3,2.0
112419862,CAT M317 F,CATM317FAF6P00332,18501,18.0,8.0,29.0,4,1.0,3,1.0
111878681,Verbreiterung - AB 600-3 TP1- 750 L,102289,,116.0,73.0,195.0,4,1.0,3,1.0
111878663,Verbreiterung - AB 600-3 TP1- 750 R,102288,,116.0,73.0,195.0,4,1.0,3,1.0
111878635,Super 1900-3i,08191210,18502,116.0,71.0,,4,1.0,3,1.0
111733413,WS250,02AS0157,18499,121.0,36.0,,4,1.0,3,1.0
111733410,TL 1900,268900-1,,92.0,9.0,,4,1.0,3,1.0
111733407,ZX 300 LCN-6,00020382,18498,45.0,7.0,22.0,4,1.0,3,1.0
111733404,TL 1200,0703-203/2,,99.0,9.0,,4,1.0,3,1.0
111733401,ZX 300 LCN-6,00020308,18497,45.0,7.0,22.0,4,1.0,3,1.0
111457974,ARX 110,4182011,18495,5.0,59.0,158.0,4,1.0,3,1.0
111456345,MBU - G 100 A - Grader,G100A155,18496,73.0,46.0,,4,1.0,3,1.0
111334866,Super Ski,MOBA Super-Ski001re,,77.0,75.0,197.0,3,2.0,3,1.0
111334863,Super Ski,MOBA Super-Ski001li,,77.0,75.0,197.0,3,2.0,3,1.0
111330302,BW 174 AP-4i AM,101870751002,18494,14.0,59.0,160.0,4,1.0,3,1.0
110655833,TR18,TR18.25.0385,,78.0,28.0,81.0,3,2.0,3,1.0
110636247,Verbreiterung - AB 500-3 TV - 750R,102275,,116.0,73.0,,4,1.0,3,1.0
110636244,Verbreiterung - AB 500-3 TV - 750L,102274,,116.0,73.0,,4,1.0,3,1.0
110636241,Verbreiterung - AB 500-3 TV - 250R,102273,,116.0,73.0,,4,1.0,3,1.0
110636238,Verbreiterung - AB 500-3 TV - 250L,102272,,116.0,73.0,,4,1.0,2,1.0
110636208,Super 1800-3i Sprayjet,14822775,18491,116.0,71.0,188.0,4,1.0,3,1.0
110488854,TL 1050,102270,,69.0,9.0,231.0,3,2.0,3,2.0
110488851,GRL 2000,102269,,69.0,14.0,231.0,3,2.0,3,2.0
110488848,R 914 Compact K-S,WLHZ1511VZC059332,,69.0,7.0,19.0,3,2.0,3,2.0
110366050,Super 1800-2,11821479,18490,116.0,71.0,185.0,4,1.0,3,1.0
109806996,Sitech - VRS Now + SIM-Karte,99184440,,97.0,,127.0,3,2.0,3,2.0
109806993,Earthworks 3D Dual GNSS,2979J375XT,,111.0,47.0,127.0,3,2.0,3,2.0
109534588,BW 177 PDH-3,101581081063,18486,14.0,56.0,145.0,4,1.0,3,1.0
108986929,BW 144 AD-2,101810010130,18484,14.0,59.0,156.0,4,1.0,3,1.0
108976148,UW - 185 HC,102262,,69.0,93.0,,4,1.0,3,1.0
108862800,Standardschaufel - L 566,93029878101,,69.0,38.0,113.0,3,2.0,3,2.0
108862773,L 566,VATZ1758VZB084844,,69.0,37.0,112.0,3,2.0,3,2.0
108731795,TR22,TR22.25.0540,,78.0,28.0,97.0,3,2.0,3,1.0
107467270,W 50 DC 4-Rad mit Ladeband,09050532,18482,121.0,63.0,,4,1.0,4,1.0
107467243,DV 70 VT,H1650196,18483,39.0,60.0,,4,1.0,4,1.0
106943343,A 904 C Litronic,1005-53426,,69.0,8.0,29.0,1,,3,2.0
106939128,GRL 2000,3700086,,69.0,14.0,231.0,3,2.0,2,2.0
106939125,TL 1400,13389906,,69.0,9.0,231.0,3,2.0,2,2.0
106939122,R924,WLHZ1487JZC054827,,69.0,7.0,20.0,3,2.0,2,2.0
106920288,BW 154 AP-5 AM,101871101187,,14.0,59.0,162.0,3,2.0,3,1.0
106918742,"TS - 256 HC, L=4,14 m",102250,,69.0,93.0,,4,1.0,4,1.0
106918739,"TS - 256 HC, L=4,14 m",102249,,69.0,93.0,,4,1.0,4,1.0
106918736,"TS - 256 HC, L=4,14 m",102248,,69.0,93.0,,4,1.0,4,1.0
106792881,GLE 350  d 4MATIC,W1N1671211A459960,,75.0,,,4,,4,1.0
106779626,TL 800,150,,1.0,9.0,,4,1.0,4,1.0
106779587,EW 160 E,VCEW160EE00322042,18481,114.0,8.0,,4,1.0,4,1.0
106506656,300.9D,LJM03359,,18.0,5.0,8.0,3,2.0,2,2.0
106505205,TL 400,X00004,,41.0,9.0,31.0,3,2.0,2,2.0
106141674,GRL 1800,102238,,1.0,14.0,,3,2.0,3,2.0
106138781,320-07C,CAT00320EKFE00233,,18.0,7.0,,3,2.0,3,2.0
105969987,BW 213 D-5,BOM - 101587191019,,14.0,56.0,146.0,3,2.0,3,2.0
105864171,TR26,OILOQM121063,,78.0,28.0,97.0,3,2.0,3,2.0
105158510,Transit Courier,WF0WXXTACWHU02264,,32.0,,,4,,4,1.0
104737956,W 35 DC,0403.0633,18475,121.0,63.0,,4,1.0,3,1.0
104736422,W 200,12200349,18476,121.0,64.0,,4,1.0,4,1.0
104736336,W 35 DC,0403.0299,18474,121.0,63.0,,4,1.0,3,1.0
103931645,W 100 Fi,13100034,18473,121.0,64.0,,4,1.0,3,1.0
101439080,HD+ 110i VV,H2090398,18455,39.0,59.0,158.0,4,1.0,3,1.0
101169376,A 922 Rail,WLHZ1190TZK088509,18471,69.0,8.0,,4,1.0,4,1.0
101029996,CC 322,62111122,18437,27.0,59.0,156.0,4,1.0,3,1.0
100499789,W 2000,0620.1295,18456,121.0,64.0,,4,1.0,4,1.0
99151175,W 100 F,08100953,18453,121.0,64.0,,4,1.0,4,1.0
99137525,613 M Serie E,613.0.1336,,96.0,94.0,209.0,3,2.0,2,2.0
99020635,GRL 1800,X00055,,41.0,14.0,57.0,3,2.0,3,2.0
99020597,M 318 F,CATM318FEFB800473,,18.0,8.0,28.0,3,2.0,3,2.0
98347147,Verbreiterung - AB 500-2 TV - 750R,102220,,116.0,73.0,,4,1.0,3,1.0
98347144,Verbreiterung - AB 500-2 TV - 750L,102219,,116.0,73.0,,4,1.0,3,1.0
98347116,Super 1800-2,11821783,18444,116.0,71.0,185.0,4,1.0,3,1.0
97265669,W 200,12200354,18452,121.0,64.0,,4,1.0,4,1.0
97153514,409 B,JCB409P0C01780838,20359,52.0,37.0,108.0,1,,3,2.0
97151422,Klappschaufel - 906/907/908,CH229MP22488,,18.0,38.0,114.0,3,2.0,3,2.0
97151419,Gabel - 906/907/908,260-1716,,18.0,39.0,115.0,3,2.0,3,2.0
97151392,906 M,CAT00906VHZ600487,,18.0,37.0,108.0,3,2.0,3,2.0
97139874,H 20i P + Dozer Blade,H2020224,18446,39.0,56.0,148.0,4,1.0,4,1.0
97139855,GRL 1600 starr,1512-628-5,,69.0,13.0,,4,1.0,4,1.0
97139852,GRL 2000,102210,,69.0,14.0,,4,1.0,4,1.0
97139821,H 18i,H2330012,18447,39.0,56.0,147.0,4,1.0,4,1.0
97139809,A 922 Rail,1190-87221,18450,69.0,8.0,,4,1.0,4,1.0
97139806,A 922 Rail,1190-089404,18445,69.0,8.0,,4,1.0,4,1.0
97139787,TL 800,278093-2,,41.0,9.0,36.0,4,1.0,3,1.0
97139751,ZX 135 US-6,00500727,18448,45.0,7.0,18.0,4,1.0,3,1.0
97139720,GRL 1800 starr,2877663,,92.0,13.0,48.0,4,1.0,3,1.0
97139681,EW100,00376,18449,117.0,8.0,26.0,4,1.0,3,1.0
96751675,TL 800,,,1.0,9.0,33.0,3,2.0,2,2.0
96751660,GRL 1800 starr,62200860-30,,1.0,13.0,48.0,3,2.0,2,2.0
96751644,B8S,HA805603,,18.0,17.0,71.0,3,2.0,2,2.0
96751608,309-CR-07A,GW900880,,18.0,6.0,17.0,3,2.0,2,2.0
96722582,W 200i,14200156,18443,121.0,64.0,,4,1.0,3,1.0
96721125,W 150i,06130176,18442,121.0,64.0,,4,1.0,3,1.0
96494167,Gabel - 8155,Y01092,,60.0,39.0,115.0,3,2.0,2,2.0
96494164,Standardschaufel - 8155,Y01093,,60.0,38.0,113.0,3,2.0,2,2.0
96494137,8155,R00443,,60.0,37.0,110.0,3,2.0,2,2.0
96437365,C807s,5416,,11.0,42.0,120.0,3,2.0,2,2.0
96306706,TL 300,62102866/20,,1.0,9.0,32.0,3,2.0,2,2.0
96306697,GRL 1000,62200209/30,,1.0,14.0,52.0,3,2.0,2,2.0
96306661,302.7CR-07A,RHM03943,,18.0,5.0,11.0,3,2.0,2,2.0
96168055,280 EC-H 12 Litronic,55512,18321,69.0,92.0,,4,1.0,4,1.0
95774157,643 R,643.5.146,18440,96.0,95.0,,4,1.0,4,1.0
95516389,205 EC-B 10,58243,18436,69.0,,,4,1.0,4,1.0
95238724,EW65 / 6503-2,WNCE0507EPAL00422,,117.0,8.0,24.0,3,2.0,2,2.0
94573276,5035,348015970,,60.0,37.0,105.0,1,2.0,3,2.0
93631598,GRL 2000,102186,,69.0,14.0,,4,1.0,3,1.0
93631572,BW 174 AP-4i AM,101870901034,18438,14.0,59.0,160.0,4,1.0,3,1.0
93631569,A 918 Compact Litronic,095199,18439,69.0,,,4,1.0,3,1.0
93508868,GPS Starfire 3000,PCGT3TB795789,18375,23.0,,,4,1.0,3,1.0
92455730,TL 900,M-X00054,,1.0,9.0,33.0,3,2.0,2,2.0
92455715,TL 600,X00039,,1.0,9.0,33.0,3,2.0,2,2.0
92455699,GRL 1800,X00038,,1.0,13.0,48.0,3,2.0,2,2.0
92455663,308CR NG,GW803592,,18.0,6.0,16.0,3,2.0,2,2.0
92420759,A 922 Rail,WLHZ1190LZK091341,18435,69.0,8.0,,4,1.0,4,1.0
92024482,W 100 F,08.10.0455,18433,121.0,64.0,,4,1.0,4,1.0
91634208,TL 800,SBK22985-6,,41.0,9.0,37.0,3,2.0,2,2.0
91634193,TL 1000,SBK24740-2,,41.0,9.0,37.0,3,2.0,2,2.0
91634181,GRL 1800,SBK27106-2-3,,41.0,14.0,57.0,3,2.0,2,2.0
91634178,SK 140 SRLC-5,KOBYY09045571,,57.0,7.0,19.0,3,2.0,2,2.0
91623775,TL 500,62000620/90-1,,1.0,9.0,32.0,3,2.0,2,2.0
91623760,TL 600,287907,,1.0,9.0,32.0,3,2.0,2,2.0
91623757,GRL 1200,1809554,,41.0,13.0,47.0,3,2.0,2,2.0
91623722,303.5CR-07A,CE900164,,18.0,5.0,13.0,3,2.0,2,2.0
91502203,Sandwich OQ70/55,OILOQM124919,,85.0,28.0,97.0,3,2.0,2,1.0
91502191,GRL 2000 starr,SBK27598-1-1,,41.0,13.0,50.0,3,2.0,2,2.0
91502176,TL 1000,SBK24259-11,,41.0,9.0,37.0,3,2.0,2,2.0
91502161,TL 600,RES292562,,41.0,9.0,37.0,3,2.0,2,1.0
91502122,MX18 G,HYD14166,,49.0,8.0,28.0,3,2.0,2,2.0
89861940,BW 174 AP-4v,101870221016,,14.0,59.0,158.0,4,1.0,4,1.0
89735582,RACO 350,H424.12014422.0161,18431,39.0,,,4,1.0,3,1.0
89635329,BW 174 AP-4v,101870221038,18428,14.0,59.0,163.0,4,1.0,4,1.0
89635305,BW 174 AP-4v,101870221004,18429,14.0,59.0,163.0,3,1.0,3,1.0
89626534,BW 154 AP-4v,101870851058,18427,14.0,59.0,158.0,4,1.0,4,1.0
89622143,GRL 2000,SBK22985-14,,41.0,14.0,57.0,3,2.0,2,2.0
89622140,TL 1200,SBK24740-5,,65.0,9.0,37.0,3,2.0,2,2.0
89622137,TL 600,SBK21759-1,,65.0,9.0,37.0,3,2.0,2,2.0
89622134,SK 140 SRLC-5,KOBYH08-13235,,57.0,7.0,19.0,3,2.0,2,2.0
87749941,Materialkübel extern,0035494,,27.0,69.0,177.0,3,2.0,3,1.0
87749932,Materialkübel extern,0035493,,27.0,69.0,177.0,3,2.0,3,1.0
87372434,205 EC-B 10,58333,18324,69.0,,,4,1.0,4,1.0
87244693,HC 130i,H254.0333,,39.0,56.0,146.0,3,2.0,2,2.0
86816573,Verbreiterung - AB 500-2 TV - 750R,102141,,116.0,73.0,,4,1.0,3,1.0
86816570,Verbreiterung - AB 500-2 TV - 750L,102140,,116.0,73.0,,4,1.0,3,1.0
86816542,Super 1800-2,11821462,18420,116.0,71.0,185.0,4,1.0,4,1.0
86410593,GRL 1400 starr,2410260,,41.0,13.0,47.0,3,2.0,3,1.0
86410581,GRL 1400 starr,2410259,,41.0,13.0,47.0,3,2.0,3,1.0
85889514,140 EC-H 6 Litronic,32644165,18422,69.0,92.0,,4,1.0,4,1.0
83567825,Hyundai HW 170 ACR,HHKHK507CE0000117,,51.0,8.0,29.0,3,2.0,2,2.0
83536416,TL 600,M-X00006,,41.0,9.0,36.0,3,2.0,2,2.0
83536413,GRL 2200,M-X00007,,41.0,9.0,36.0,3,2.0,2,2.0
83536410,TL 1200,M-X00005,,41.0,9.0,36.0,3,2.0,2,2.0
83536407,CAT M317 F,CATM317FHF6P00804,,18.0,8.0,29.0,3,2.0,2,2.0
83144383,W 60 i,12100102,18405,121.0,63.0,,4,1.0,4,1.0
83144258,W 250i,06221082,18408,121.0,,,4,1.0,4,1.0
82664705,TL 1100 - OQ 70/55,M-X00063,,1.0,9.0,37.0,3,2.0,3,1.0
82664690,TL 800,M-X00084,,1.0,9.0,37.0,3,2.0,2,2.0
82664678,GRL 2000,M-X00090,,41.0,14.0,57.0,3,2.0,2,2.0
82664675,M 320 F,CATM320FAF2W00321,,18.0,8.0,30.0,3,2.0,2,2.0
82640178,Kalkstreuer SW 10 Ta,01BS0138,18419,105.0,122.0,,4,1.0,4,1.0
82514148,Combo Cargo,W0VEDYHZ1RJ729603,,86.0,118.0,,2,3.0,3,1.0
82512790,Combo Cargo,W0VEDYHZ3RJ766510,,86.0,118.0,,2,3.0,3,1.0
82506344,W 100 CFi,18100606,18418,121.0,64.0,,4,1.0,3,1.0
82506226,W 100 CFi,18100042,18417,121.0,64.0,,4,1.0,3,1.0
82505247,W 250i,06220056,18407,121.0,,,4,1.0,3,1.0
82504622,W 250,04220067,18409,121.0,64.0,,4,1.0,3,1.0
82504525,W 210i,15201214,18411,121.0,64.0,,4,1.0,4,1.0
82503715,W 100 CFi,18100489,18416,121.0,64.0,,4,1.0,3,1.0
82502801,W 100 CFi,18100174,18415,121.0,64.0,,4,1.0,3,1.0
82502571,W 100 CFi,18100045,18414,121.0,64.0,,4,1.0,3,1.0
82502497,W 220,05220109,18410,121.0,64.0,,4,1.0,4,1.0
82501945,W 150i,06130096,18412,121.0,64.0,,4,1.0,3,1.0
82500969,W 100 CFi,18100321,18413,121.0,64.0,,4,1.0,4,1.0
82498000,W 50 DCi,12050060,18406,121.0,63.0,,4,1.0,4,1.0
82367820,RX3,4923,,21.0,17.0,69.0,3,2.0,2,2.0
82367785,TB 216 H,216008714,,106.0,5.0,10.0,3,2.0,2,2.0
82366409,Super 1800-3i,14820520,18397,116.0,71.0,,4,1.0,3,1.0
82354675,TL 600,19309-1-1,,41.0,9.0,37.0,3,2.0,3,2.0
82354661,TL 1200,24740-4,,41.0,9.0,37.0,3,2.0,3,2.0
82354649,GRL 2000,24259-3,,41.0,14.0,57.0,3,2.0,3,2.0
82354610,MX18 G,15140,,49.0,8.0,28.0,3,2.0,3,2.0
81849857,Standardschaufel - 5035,1000168564,,60.0,38.0,113.0,3,2.0,2,2.0
81849854,Gabel - 5035,1000237352,,60.0,39.0,115.0,3,2.0,2,2.0
81849851,5035,WNK35800CN0000899,,60.0,37.0,105.0,3,2.0,2,2.0
81706175,Grove GMK 4075,40759047,18317,1.0,98.0,,4,1.0,4,1.0
81694056,Verschmälerung - AB 135 V - R Mini 500,,,116.0,74.0,196.0,3,2.0,3,1.0
81694048,Verschmälerung - AB 135 V - L Mini 500,,,116.0,74.0,196.0,3,2.0,3,1.0
81306555,Bürocontainer 20',092498446,,22.0,1.0,1.0,4,1.0,3,1.0
80790397,Verbreiterung - AB 600-3 TV - 750R,55VB.8147R,,116.0,73.0,195.0,3,2.0,3,1.0
80790388,Verbreiterung - AB 600-3 TV - 750L,55VB.8147L,,116.0,73.0,195.0,3,2.0,3,1.0
80790359,Super 1800-3i,14825153,,116.0,71.0,185.0,3,2.0,3,1.0
80789542,SL 1000,2408073,,41.0,12.0,44.0,3,2.0,3,1.0
80784885,Verbreiterung - AB 500-2 TV - 750R,102075,,116.0,73.0,,4,1.0,4,1.0
80784882,Verbreiterung - AB 500-2 TV - 750L,102074,,116.0,73.0,,4,1.0,4,1.0
80783351,Super 1800-2,11821411,18404,116.0,71.0,185.0,4,1.0,4,1.0
79999324,BW 174 AP-5 AM,101871201039,,14.0,59.0,160.0,3,2.0,2,2.0
79999298,BW 174 AP-5 AM,101871251025,,14.0,59.0,160.0,3,2.0,2,2.0
79997254,5820,VCEP5820KOH701278,18392,114.0,71.0,183.0,4,1.0,4,1.0
79996242,GRL 1800,1510600,,1.0,14.0,,4,1.0,3,1.0
79996206,D 314 DL CR,TXN00654,18396,18.0,7.0,,4,1.0,3,1.0
79948360,A 918 Compact,77632,18393,69.0,8.0,29.0,4,1.0,4,1.0
79945563,BW 174 AP-4 AM,101870701072,18391,14.0,59.0,158.0,4,1.0,4,1.0
79940989,Fundamentanker,102061,,69.0,93.0,,4,1.0,4,1.0
79287941,Big MultiPlex Ski,BMSR002,,116.0,75.0,197.0,3,2.0,3,1.0
79287938,Big MultiPlex Ski,BMSL002,,116.0,75.0,197.0,3,2.0,3,1.0
79287930,Verbreiterung - AB 600-5 TP2 - 750R,98VB0099R,,116.0,73.0,195.0,3,2.0,3,1.0
79287922,Verbreiterung - AB 600-5 TP2 - 750R,98VB0026R,,116.0,73.0,195.0,3,2.0,3,1.0
79287914,Verbreiterung - AB 600-5 TP2 - 750L,98VB0099L,,116.0,73.0,195.0,3,2.0,3,1.0
79287906,Verbreiterung - AB 600-5 TP2 - 750L,98VB0026L,,116.0,73.0,195.0,3,2.0,3,1.0
79287898,Verbreiterung - AB 600-5 TP2 - 375R,97VB0013R,,116.0,73.0,195.0,3,2.0,3,1.0
79287890,Verbreiterung - AB 600-5 TP2 - 375L,97VB0013L,,116.0,73.0,195.0,3,2.0,3,1.0
79287861,Super 1900-5i,11190353,,116.0,71.0,191.0,3,2.0,3,1.0
79192771,Mobilair M 26,1618,,54.0,80.0,,1,,3,2.0
79027300,TL 1200,SBK21759-3,,41.0,9.0,37.0,3,2.0,2,2.0
79027261,MX20 G,HYD15695,,49.0,8.0,30.0,3,2.0,2,2.0
78272399,W 100 F,08.10.0062,18395,121.0,64.0,,4,1.0,4,1.0
78270905,W 120 F,08.10.0436,18394,121.0,64.0,,4,1.0,4,1.0
77985581,RoadScan,2534585,,116.0,77.0,199.0,3,2.0,2,2.0
77352875,HRYW 35 T5 S5,241003266,,44.0,2.0,,4,1.0,4,1.0
77352853,HRYW 35 T5 S5,241003265,,44.0,2.0,,4,1.0,4,1.0
77081988,250 EC-B 12 Litronic,52105,18390,69.0,92.0,,4,1.0,4,1.0
76578899,TL 800,20747-2,,41.0,9.0,37.0,3,2.0,2,2.0
76578884,TL 600,21758-9,,41.0,9.0,37.0,3,2.0,2,2.0
76578848,SK 230 SRLC-5,LA08-04265,,57.0,7.0,21.0,3,2.0,2,2.0
76314766,TB 250-2,125105053,,106.0,6.0,14.0,3,2.0,3,1.0
76072342,Verschmälerung - AB 220-3 TV - R,,,116.0,74.0,196.0,3,2.0,3,1.0
76072334,Verschmälerung - AB 220-3 TV - L,,,116.0,74.0,196.0,3,2.0,3,1.0
76072329,Verbreiterung - AB 220-3 TV - 500R,65VB1274R,,116.0,73.0,195.0,4,2.0,4,1.0
76072324,Verbreiterung - AB 220-3 TV - 500L,65VB1274L,,116.0,73.0,195.0,4,2.0,4,1.0
76072296,Super 800i,09901269,,116.0,71.0,182.0,3,2.0,3,1.0
76067979,Verbreiterung - AB 340-3 TV - 550R,61VB0733R,,116.0,73.0,195.0,3,2.0,3,1.0
76067976,Verbreiterung - AB 340-3 TV - 550L,61VB0733L,,116.0,73.0,195.0,3,2.0,3,1.0
76067948,Super 1300-3i,14110768,,116.0,71.0,183.0,3,2.0,3,1.0
76066036,Materialkübel extern,01ME0039,,116.0,69.0,177.0,3,2.0,3,1.0
76066011,MT 3000-3i Offset,08610124,,116.0,67.0,175.0,3,2.0,3,1.0
76056113,MF 2500CS STG V 2019,RG004880,,27.0,67.0,174.0,3,2.0,3,1.0
76056104,Materialkübel extern,1000034142,,27.0,69.0,177.0,3,2.0,3,1.0
76049125,BW 219 PDH-5,101586981080,,14.0,58.0,152.0,3,2.0,2,2.0
76042991,W 2000,06201200,18389,121.0,64.0,,4,1.0,3,1.0
76041499,O&K - F 156.6 - Grader,527015,18388,87.0,46.0,,4,1.0,3,1.0
75518040,BW 174 AP-4 AM,101870701135,18387,14.0,59.0,158.0,4,1.0,4,1.0
74759182,W 120 F,0810 0800,18386,121.0,64.0,,4,1.0,4,1.0
74757801,W 100 F,0810 0856,18385,121.0,64.0,,4,1.0,4,1.0
74750465,W 1500,0820 0555,18384,121.0,64.0,,4,1.0,4,1.0
74734333,Materialkübel extern,1000033749,,27.0,69.0,177.0,3,2.0,3,1.0
74731565,MF 2500CS STG V 2019,RG004829,,27.0,67.0,174.0,3,2.0,3,1.0
74354125,W 200,1220 0351,18382,121.0,64.0,,4,1.0,4,1.0
72920509,W 200,12200244,18377,121.0,64.0,,4,1.0,4,1.0
72920074,CC 722,63921080,18371,27.0,59.0,,4,1.0,3,1.0
72786906,BW 154 ACP-5 AM,101871121032,,14.0,60.0,167.0,3,2.0,3,1.0
71751640,TB 216 A,216027220,,106.0,5.0,9.0,3,2.0,3,1.0
71748807,TB 216 A,216027221,,106.0,5.0,9.0,3,2.0,3,1.0
71136241,XAS 87,YA30637739D0204056,,7.0,80.0,,1,,3,2.0
71112388,PM 620,CATPM620HJB900141,18347,18.0,63.0,,4,1.0,4,1.0
71102185,Gabel,102007,,114.0,39.0,,4,1.0,2,1.0
71102182,Klappschaufel,102006,,114.0,38.0,,4,1.0,3,1.0
71102155,L 30 B,1857480,18372,114.0,37.0,,4,1.0,4,1.0
71102131,D 6 N XL,PER00793,18374,18.0,44.0,,4,1.0,4,1.0
71102107,D 6 T XL mit GPS Trimble,MEL00109,18373,18.0,44.0,,4,1.0,4,1.0
70958609,GRL 1000,40889-3,,1.0,14.0,51.0,3,2.0,2,2.0
70958595,TL 300,62201296/20,,1.0,9.0,31.0,3,2.0,2,2.0
70958559,300.9D,CAT3009DPLJM03511,,18.0,5.0,8.0,3,2.0,2,2.0
70730927,W 100 Fi,13100452,18376,121.0,64.0,,4,1.0,4,1.0
70071351,Grundodrill 28N Plus,DRI17080064,18364,110.0,115.0,,4,1.0,4,1.0
70069691,TS für 63 K o. Betriebsauflage,,18368,69.0,93.0,,4,1.0,3,1.0
70069680,Klappschaufel - 906/907/908,101996,,18.0,38.0,114.0,3,2.0,3,1.0
70069669,Klappschaufel - 906/907/908,101995,,18.0,38.0,114.0,3,1.0,3,1.0
70069666,Gabel - 906/907/908,101994,,18.0,39.0,115.0,3,2.0,3,1.0
70069663,908 M,H8801643,18366,18.0,37.0,109.0,3,2.0,3,1.0
70069660,Gabel - 906/907/908,101992,,18.0,39.0,115.0,3,1.0,3,1.0
70069657,908 M,H8801636,18367,18.0,37.0,109.0,3,1.0,3,1.0
70069651,Verbreiterung V 1300 V - 175R,101990,,27.0,73.0,195.0,3,2.0,3,1.0
70069645,Verbreiterung V 1300 V - 175L,101989,,27.0,73.0,195.0,3,2.0,3,1.0
70069614,AFW 150-2,4510066,18365,5.0,70.0,178.0,3,2.0,3,1.0
69973174,TL 1200,2403780,HEN - 2403780,41.0,9.0,37.0,3,2.0,3,1.0
69833787,Standardschaufel - 926,360-3320,,18.0,38.0,113.0,3,2.0,2,2.0
69833774,Gabel - 926,345-2417,,18.0,39.0,115.0,3,2.0,2,2.0
69833747,926 M,CAT0926MHLTE07875,,18.0,37.0,110.0,3,2.0,2,2.0
68898885,BW 138 AD-5,101650371390,18360,14.0,59.0,,4,1.0,4,1.0
68898859,BW 138 AD-5,101650371393,18359,14.0,59.0,,4,1.0,4,1.0
68898833,BW 138 AD-5,101650401016,18358,14.0,59.0,,4,1.0,4,1.0
68898807,BW 138 AD-5,101650401015,18357,14.0,59.0,,4,1.0,4,1.0
68898781,BW 138 AD-5,101650401021,18356,14.0,59.0,,4,1.0,4,1.0
68898755,BW 138 AD-5,101650401067,18355,14.0,59.0,,4,1.0,4,1.0
68898729,BW 138 AD-5,101650401018,18354,14.0,59.0,,4,1.0,4,1.0
68898706,BW 100 AD-5,861880411140,18353,14.0,59.0,154.0,4,1.0,3,1.0
68898683,BW 100 AD-5,861880411139,18352,14.0,59.0,154.0,4,1.0,3,1.0
68898660,BW 100 AD-5,861880541060,18351,14.0,59.0,154.0,4,1.0,3,1.0
68898637,BW 100 AD-5,861880541010,18350,14.0,59.0,154.0,4,1.0,3,1.0
68898614,DW 90,WNCD1802CPAL01142,18349,117.0,42.0,,4,1.0,3,1.0
68898591,DW 90,WNCD1802LPAL01145,18348,117.0,42.0,,4,1.0,4,1.0
68049658,613 M Serie E,61301234,,96.0,94.0,209.0,1,2.0,3,2.0
67906049,Super 1800-3i Sprayjet,14825030,,116.0,71.0,188.0,3,2.0,3,2.0
67904557,Verbreiterung - AB 600-5 TV - 750R,95VB0069R,,116.0,73.0,195.0,3,2.0,3,1.0
67904549,Verbreiterung - AB 600-5 TV - 750L,95VB0069L,,116.0,73.0,195.0,3,2.0,3,1.0
67896066,GCS 900,0694J059SW,18337,111.0,122.0,,4,1.0,4,1.0
67896063,GCS 900,0645J175SW,18335,111.0,122.0,,4,1.0,4,1.0
67896037,BW 174 AP-4i AM,101870901162,18331,14.0,59.0,160.0,4,1.0,4,1.0
67896013,BW 154 AP-4 AM,101870602195,18330,14.0,59.0,160.0,4,1.0,4,1.0
67895987,BW 174 AP-4i AM,101870901031,18329,14.0,59.0,160.0,4,1.0,4,1.0
67895961,BW 174 AP-4i AM,101870751049,18328,14.0,59.0,160.0,4,1.0,3,1.0
67482058,Verbreiterung - AB 600-5 TV - 750R,95VB.0203R,,116.0,73.0,195.0,3,2.0,3,1.0
67482050,Verbreiterung - AB 600-5 TV - 750L,95VB.0203L,,116.0,73.0,195.0,3,2.0,3,1.0
67482021,Super 1900-5i,11190295,,116.0,71.0,189.0,3,2.0,3,1.0
67382450,W 2000,06200992,18336,121.0,64.0,,4,1.0,4,1.0
67370902,CR 5-II,20109867,,118.0,51.0,137.0,3,2.0,3,1.0
67253289,"TS - 120 HC, L=2,50 m",101957,,69.0,93.0,,4,1.0,4,1.0
67253286,"TS - 120 HC, L=2,50 m",101956,,69.0,93.0,,4,1.0,4,1.0
67253283,"TS - 120 HC, L=12,50 m",101955,,69.0,93.0,,4,1.0,4,1.0
67253275,"TS - 120 HC, L=5,00 m",101954,,69.0,93.0,,4,1.0,4,1.0
67253272,"GTS - 120 HC, L=10,00 m, verstärkt",101953,,69.0,93.0,,4,1.0,4,1.0
67253269,"UW - 120 HC - 4,60 x 4,60 m, stationär",101952,,69.0,93.0,,4,1.0,3,1.0
67253249,140 EC-H 6 Litronic,326 46444,18332,69.0,92.0,,4,1.0,4,1.0
67251777,BW 174 AP-5 AM,101871201138,,14.0,59.0,164.0,3,2.0,3,1.0
67251645,"TS - 120 HC, L=12,50 m",101949,,69.0,93.0,,4,1.0,4,1.0
67251642,"TS - 120 HC, L=10,00 m",101948,,69.0,93.0,,4,1.0,4,1.0
67251639,"GTS - 120 HC, L=10,00 m, verstärkt",101947,,69.0,93.0,,4,1.0,3,1.0
67251636,"UW - 120 HC - 4,60 x 4,60 m, stationär",101946,,69.0,93.0,,4,1.0,4,1.0
67251616,140 EC-H 6 Litronic,326 46447,18333,69.0,92.0,,4,1.0,4,1.0
67244025,Super 1803-3i,10831952,,116.0,70.0,180.0,3,2.0,3,1.0
67244022,Verbreiterung - AB 500-3 TV - 750L,55VB.8035L,,116.0,73.0,,3,2.0,3,1.0
67244019,Verbreiterung - AB 500-3 TV - 750R,55VB.8035R,,116.0,73.0,,3,2.0,3,1.0
67232842,W 100 F,08101027,18341,121.0,64.0,,4,1.0,4,1.0
67227099,Super 1800-3i,14825017,,116.0,71.0,185.0,3,2.0,3,1.0
67227090,Verbreiterung - AB 600-3 TV - 750L,55VB8031L,,116.0,73.0,195.0,3,2.0,3,1.0
67227082,Verbreiterung - AB 600-3 TV - 750R,55VB8031R,,116.0,73.0,195.0,3,2.0,3,1.0
67220955,Super 1900-5i,11190299,,116.0,71.0,189.0,3,2.0,3,1.0
67220947,Verbreiterung - AB 600-5 TV - 375L,94VB0046L,,116.0,73.0,195.0,3,2.0,3,1.0
67220939,Verbreiterung - AB 600-5 TV - 375R,94VB0046R,,116.0,73.0,195.0,3,2.0,3,1.0
67220931,Verbreiterung - AB 600-5 TV - 750L,95VB0068L,,116.0,73.0,195.0,3,2.0,3,1.0
67220923,Verbreiterung - AB 600-5 TV - 750R,95VB0068R,,116.0,73.0,195.0,3,2.0,3,1.0
67220825,TRA 120 GY1,101932,,69.0,93.0,,4,1.0,4,1.0
67220822,TRA 100 KY2,101931,,69.0,93.0,,4,1.0,4,1.0
67220802,53 K,56339,18318,69.0,91.0,,4,1.0,4,1.0
67219037,Super 800i,09901233,,116.0,71.0,182.0,3,2.0,3,1.0
67219032,Verbreiterung - AB 220-3 TV - 500L,65VB1265L,,116.0,73.0,195.0,3,2.0,3,1.0
67219027,Verbreiterung - AB 220-3 TV - 500R,65VB1265R,,116.0,73.0,195.0,3,2.0,3,1.0
67219019,Verschmälerung - AB 220-3 TV - L,,,116.0,74.0,196.0,3,2.0,3,1.0
67219011,Verschmälerung - AB 220-3 TV - R,,,116.0,74.0,196.0,3,2.0,3,1.0
67213082,Super 1800-3i,14825010,,116.0,71.0,185.0,3,2.0,3,1.0
67213073,Verbreiterung - AB 600-3 TV - 750L,55VB.8028L,,116.0,73.0,195.0,3,2.0,3,1.0
67213065,Verbreiterung - AB 600-3 TV - 750R,55VB.8028R,,116.0,73.0,195.0,3,2.0,3,1.0
67208361,Super 800i,09901227,,116.0,71.0,182.0,3,2.0,3,1.0
67208356,Verbreiterung - AB 220-3 TV - 500L,65VB.1264L,,116.0,73.0,195.0,3,2.0,3,1.0
67208351,Verbreiterung - AB 220-3 TV - 500R,65VB.1264R,,116.0,73.0,195.0,3,2.0,3,1.0
67208343,Verschmälerung - AB 220-3 TV - L,101701,,116.0,74.0,196.0,3,2.0,3,1.0
67208335,Verschmälerung - AB 220-3 TV - R,101700,,116.0,74.0,196.0,3,2.0,3,1.0
67127486,Mini 500,11900135,,116.0,71.0,181.0,3,2.0,3,1.0
65665984,81 K.1,55066,,69.0,91.0,,4,1.0,4,1.0
65665574,81 K.1,55738,,69.0,91.0,,4,2.0,4,1.0
65643221,BW 174 AP-5 AM,101871201071,,14.0,59.0,164.0,3,2.0,3,1.0
65559090,Materialkübel extern,1000007720,,27.0,69.0,177.0,3,2.0,3,1.0
65408269,SW 6500,3200077,,27.0,68.0,176.0,3,2.0,3,1.0
65408247,MF 2500CS STG V 2019,PG004548,,27.0,67.0,174.0,3,2.0,3,1.0
65406153,TB 2150 R CV,514901570,,106.0,7.0,19.0,3,2.0,3,1.0
65380836,Schienenfahrwerk - 185 HC,101908,,69.0,93.0,,4,1.0,3,1.0
65380828,Schienenfahrwerk - 256 HC,101907,,69.0,93.0,,4,1.0,3,1.0
65380825,Adapter - 170/290 HC,101906,,69.0,93.0,,4,1.0,3,1.0
65380820,"GTS - 140 HC, L= 10 m verstärkt 4/4",101905,,69.0,93.0,,4,1.0,4,1.0
65380817,Klettereinrichtung - 256 HC,101904,18322,69.0,93.0,,4,1.0,4,1.0
65374488,TL 1800 hydraulisch schwenkbar,6240003260,,124.0,10.0,39.0,3,2.0,3,1.0
65374471,TL 1600 hydraulisch schwenkbar,6240003250,,124.0,10.0,39.0,3,2.0,3,1.0
65374456,GRL 1800,6240003240,,124.0,14.0,57.0,3,2.0,3,1.0
65374441,GRL 2000,6240003230,,124.0,14.0,55.0,3,2.0,3,1.0
65374426,GRL 1800,6240003220,,124.0,14.0,55.0,3,2.0,3,1.0
65374411,GRL 1800,62400032202,,124.0,14.0,55.0,3,2.0,3,1.0
65374396,GRL 1600,6240003210,,124.0,14.0,55.0,3,2.0,3,1.0
65371732,W 150i,0613 0063,18326,121.0,64.0,,4,1.0,4,1.0
65370282,Verbreiterung - AB 600-5 TP2 - 750R,98VB0025R,,116.0,73.0,195.0,3,2.0,3,1.0
65370274,Verbreiterung - AB 600-5 TP2 - 750L,98VB0025L,,116.0,73.0,195.0,3,2.0,3,1.0
65369304,Super 2100-5i,11190067,,116.0,71.0,193.0,3,2.0,3,1.0
65092801,Umbausatz KT 98 200 ECH,101889,,69.0,93.0,,4,1.0,3,1.0
65088078,BW 154 AP-5 AM,101871101131,,14.0,59.0,162.0,3,2.0,3,1.0
64990300,Cargo Digger Plant 2,SJB543GBPPD059675,,12.0,48.0,129.0,3,2.0,3,1.0
64610830,KX060-5 Typ L,KBCDZ37BTP3L15153,,66.0,6.0,15.0,3,2.0,3,1.0
64610271,KX037-4,KBCCZ58BVP3K16118,,66.0,5.0,13.0,3,2.0,3,1.0
64605892,220 EC-B 10 Litronic,58570,18307,69.0,92.0,,4,1.0,3,1.0
64509245,125 K,LE59.004,,69.0,91.0,,4,1.0,3,1.0
64238172,BW 28 RH,961538511129,,14.0,62.0,169.0,3,2.0,3,1.0
63983064,Verbreiterung - AB 200 TV - 600R,101881,,116.0,73.0,195.0,4,1.0,3,1.0
63983059,Verbreiterung - AB 200 TV - 600L,101880,,116.0,73.0,195.0,4,1.0,3,1.0
63951304,W 210i,15201207,18312,121.0,64.0,,4,1.0,4,1.0
63951276,W 100 Fi,13.10.0324,18311,121.0,64.0,,4,1.0,4,1.0
63910408,HD 10C VV,H263.2327,,39.0,59.0,,4,1.0,1,1.0
63872200,Kran - Transportachse 25 km/h,101876,,69.0,93.0,,4,1.0,3,1.0
63501019,SD 2500 WS,NG004128,,27.0,,185.0,1,,3,2.0
63450746,BW 219 PDH-5,101586981067,,14.0,58.0,152.0,3,2.0,3,1.0
63405339,W 200i,14200115,18294,121.0,64.0,,4,1.0,4,1.0
63403939,AR 75e S,5101120E115532,18306,6.0,37.0,109.0,4,1.0,4,1.0
62963406,HD 12 VV,KHAA09652,18302,39.0,59.0,154.0,4,1.0,4,1.0
62963403,HD 12 VV,H262EHAA00459,18301,39.0,59.0,154.0,4,2.0,4,1.0
62963367,8008 CTS,1930620,18297,52.0,5.0,,4,1.0,3,1.0
62963331,ET 16,WNCE0902J00004122,18296,80.0,,,4,1.0,3,1.0
62963295,8018 CTS,2545064,18295,52.0,5.0,9.0,4,1.0,3,1.0
62963270,1001 High Tip,PAL00413,18300,80.0,42.0,,4,1.0,4,1.0
62963245,1T-1  High Tip,103074,18299,52.0,42.0,,4,1.0,3,1.0
62922185,3 to. Swivel Dumper,SLCM573Z1712D9124,18298,109.0,42.0,,4,1.0,3,1.0
62893743,Minikran MC 285 CWME-3 Diesel + Elektro,P3084,18303,70.0,97.0,217.0,3,2.0,3,1.0
62886453,Fundamentanker - 21 HC 290,101860,,69.0,93.0,,4,1.0,3,1.0
62885999,W 200,12200174,18304,121.0,64.0,,4,1.0,3,1.0
62674507,F 5 C,4550022,,27.0,71.0,,4,1.0,3,1.0
62673373,BG 190 TA-5,580014,18286,40.0,46.0,,4,1.0,4,1.0
62673370,TL 1700 - OQ 80-2,101856,,92.0,9.0,,4,1.0,4,1.0
62673334,330 F LN,CAT0330FKJFR20108,18287,18.0,7.0,,4,1.0,4,1.0
62629713,W 200i,14200073,18291,121.0,64.0,,4,1.0,4,1.0
62629188,W 200i,14200089,18292,121.0,64.0,,4,1.0,4,1.0
62629039,W 120 Fi,13100454,18293,121.0,64.0,,4,1.0,3,1.0
62628362,W 100 Fi,13.10.0044,18288,121.0,64.0,,4,1.0,3,1.0
62627923,W 200i,14201024,18290,121.0,64.0,,4,1.0,4,1.0
62627459,W 200i,14201025,18289,121.0,64.0,,4,1.0,3,1.0
62601288,A04HPX-40,HG12474,,55.0,15.0,58.0,3,2.0,2,2.0
62593907,HFW 250 T5,231009429,,44.0,2.0,,4,1.0,3,1.0
62593885,HFW 250 T5,231009428,,44.0,2.0,,4,1.0,3,1.0
62593378,HFW 200 T5,231009172,,44.0,2.0,,4,1.0,3,1.0
62593356,HFW 200 T5,231009171,,44.0,2.0,,4,1.0,3,1.0
62247433,V 8 X 3,V08222634X3,,78.0,18.0,78.0,3,2.0,2,2.0
62199290,"TS - 120 HC, L=5,00 m",101842,,69.0,93.0,,4,1.0,3,1.0
62199282,"TS - 120 HC, L=5,00 m",101841,,69.0,93.0,,4,1.0,3,1.0
62199279,"TS - 120 HC, L=2,50 m",101840,,69.0,93.0,,4,1.0,4,1.0
62163991,W 2000,06200954,18284,121.0,64.0,,4,1.0,4,1.0
62163988,PM 102,CZ2X00454,18285,18.0,63.0,,4,1.0,3,1.0
62136100,Titan 326,15082,18283,2.0,71.0,,4,1.0,3,1.0
62127581,LR 636,101836,,69.0,38.0,,4,1.0,3,1.0
62126549,"TS - 256 HC, L=4,14 m",101835,,69.0,93.0,,4,1.0,3,1.0
62126546,"TS - 256 HC, L=4,14 m",101834,,69.0,93.0,,4,1.0,3,1.0
62125560,200 EC-H 10 Litronic,45284,18282,69.0,92.0,,4,1.0,3,1.0
62123461,CB 434 D,CATCB434CCNH00367,18281,18.0,59.0,,4,1.0,3,1.0
61908299,Verbreiterung - AB 200 TV - 350R,101831,,116.0,73.0,195.0,4,1.0,3,1.0
61908294,Verbreiterung - AB 200 TV - 350L,101830,,116.0,73.0,195.0,4,1.0,3,1.0
61908283,Super 800,07901905,18280,116.0,71.0,,4,1.0,3,1.0
61733999,WR 2500 S,04WR0472,18279,121.0,109.0,,4,1.0,3,1.0
61733922,WR 2500 S,04WR0428,18278,121.0,109.0,,4,1.0,3,1.0
61592983,TL 600,L137272,,1.0,9.0,33.0,3,2.0,2,2.0
61592968,TL 800,622004532802,,1.0,9.0,33.0,3,2.0,2,2.0
61592953,GRL 1500 starr,6210234940,,1.0,13.0,48.0,3,2.0,2,2.0
61592917,308CR NG,GW802466,,18.0,6.0,16.0,3,2.0,2,2.0
61583062,M 315 D,K5E00726,18276,18.0,8.0,,4,1.0,3,1.0
61436203,Verbreiterung - AB 500 TV - 250L,101821,,116.0,73.0,,4,1.0,4,1.0
61436200,Verbreiterung - AB 500 TV - 250R,101820,,116.0,73.0,,4,1.0,4,1.0
61436169,Super 1800-1,07820274,18269,116.0,71.0,,4,1.0,4,1.0
61121886,Standardschaufel - SKL 843,101818,,95.0,38.0,,4,1.0,4,1.0
61121883,Gabel - SKL 843,101817,,95.0,39.0,,4,1.0,4,1.0
61121854,SKL 843,843/0453,18209,95.0,37.0,,4,1.0,4,1.0
60987267,APR 5920,13803949,18272,5.0,51.0,,4,1.0,3,1.0
60949197,Pendelgreifer 600,101814,,69.0,15.0,,4,1.0,4,1.0
60949158,A 900 ZW,WLHZ0729AZK030326,18205,69.0,8.0,,4,1.0,4,1.0
60949041,Gabel - AS 210,101812,,3.0,39.0,,4,1.0,2,1.0
60949014,AS 210,W09S210215BA08738,18206,3.0,37.0,,4,1.0,2,1.0
60948663,613 M Serie E,61301211,,96.0,94.0,209.0,1,,3,2.0
60945823,WA 480-6,H60611,18204,58.0,37.0,,4,1.0,3,1.0
60945283,Super 1800-3i Sprayjet,14820491,18273,116.0,71.0,188.0,4,1.0,3,1.0
60914978,W 100 Fi,13100114,18271,121.0,64.0,,4,1.0,3,1.0
60914788,W 200,12200325,18270,121.0,64.0,,4,1.0,3,1.0
60905708,Verbreiterung - AB 500-3 TV - 750R,101806,,116.0,73.0,,4,1.0,3,1.0
60905705,Verbreiterung - AB 500-3 TV - 750L,101805,,116.0,73.0,,4,1.0,3,1.0
60902688,Verbreiterung - AB 500-3 TV - 250R,101804,,116.0,73.0,,4,1.0,3,1.0
60902685,Verbreiterung - AB 500-3 TV - 250L,101803,,116.0,73.0,,4,1.0,3,1.0
60863831,Super 2100-5i,11190065,,116.0,71.0,193.0,3,2.0,2,2.0
60860662,CB 434 D,CATCB434ACNH00355,18203,18.0,59.0,,4,1.0,3,1.0
60740223,D09HPX,CG05716,,55.0,16.0,65.0,3,2.0,2,2.0
60663212,Super 1600-2,11821539,18208,116.0,71.0,,4,1.0,4,1.0
60630399,653 R,653.5.203,,96.0,95.0,215.0,1,,3,2.0
60451873,B4,HA402095,,18.0,17.0,70.0,3,2.0,2,2.0
60412325,303.5CR-07A,CAT03035VCE900164,,18.0,5.0,13.0,3,2.0,2,2.0
60134256,CR 7 MDM,20096343,,118.0,51.0,138.0,4,1.0,3,1.0
59995340,H 13 i,WGH0H234JHAA00619,,39.0,56.0,146.0,1,,3,2.0
59983624,OM Argo,99H08100T,18202,1.0,85.0,,4,1.0,4,1.0
59911629,112 EC-H 8 Litronic,41876,18201,69.0,92.0,,4,1.0,3,1.0
59911609,180 EC-H 10 Litronic,42247,18200,69.0,92.0,,4,1.0,3,1.0
59911589,180 EC-H 10 Litronic,42347,18199,69.0,92.0,,4,1.0,3,1.0
59911569,180 EC-H 10 Litronic,42095,18198,69.0,92.0,,4,1.0,3,1.0
59628288,Big-Ski,,,77.0,75.0,197.0,3,2.0,2,2.0
59628285,Big-Ski,,,77.0,75.0,197.0,3,2.0,2,2.0
59621990,Gabel - 906/907/908,,,18.0,39.0,115.0,3,2.0,2,2.0
59621987,Standardschaufel - 906/907/908,GP 004342,,18.0,38.0,113.0,3,2.0,2,2.0
59621981,906 M,CAT0906MPH6601853,,18.0,37.0,108.0,3,2.0,2,2.0
59458125,TL 600,HG07404,,1.0,9.0,33.0,3,2.0,2,2.0
59458110,GRL 1600 starr,62200860-10,,1.0,14.0,53.0,3,2.0,2,2.0
59458074,308CR NG,GW803293,,18.0,6.0,16.0,3,2.0,2,2.0
59332260,PR 731 CL mit Lancier Kabelpflug,206/1194,18197,69.0,44.0,,4,1.0,4,1.0
59332257,908 M,H8802788,18196,18.0,37.0,109.0,3,2.0,3,1.0
59225932,653 R,653.5.224,300468,96.0,95.0,215.0,1,,3,2.0
59191420,W 100 F,08101037,18195,121.0,64.0,,4,1.0,3,1.0
59123515,MT 3000-3i Offset,08610107,,116.0,67.0,175.0,3,2.0,2,2.0
59118225,8018 CTS,JCB08018CG2497619,,52.0,5.0,9.0,1,,3,2.0
59095640,Gabel - L 566,12476179,,69.0,39.0,115.0,3,2.0,2,2.0
59095625,Standardschaufel - L 566,93029878,,69.0,38.0,113.0,3,2.0,2,2.0
59094369,MRT 2150,776654,,72.0,99.0,220.0,1,,3,2.0
58876446,18.313  4x2 Kipper mit Palfinger Ladekran PK11502,WMAH02ZZZ2M350719,18183,71.0,119.0,,4,1.0,3,1.0
58737343,APA 55/46,3021733,,5.0,18.0,78.0,3,2.0,2,2.0
58737328,GRL 1800 starr,KA267385,,68.0,13.0,48.0,3,2.0,2,2.0
58737325,TL 600,2100355,,68.0,9.0,33.0,3,2.0,2,2.0
58737289,TB 370,170002200,,106.0,6.0,15.0,3,2.0,2,2.0
58707847,TL 350,101762,,41.0,9.0,31.0,3,2.0,3,1.0
58705841,HR21 4x4,2137646,,82.0,89.0,,3,2.0,2,2.0
58633884,DG1-400-R,270627,,43.0,16.0,64.0,3,2.0,2,2.0
58627936,H 7i,WGH0H270EHAA01673,18189,39.0,56.0,,4,1.0,3,1.0
58627912,H 7i,WGH0H270HHAA01672,18190,39.0,56.0,,4,1.0,3,1.0
58627888,H 7i,WGH0H270EHAA1656,18191,39.0,56.0,145.0,4,1.0,3,1.0
58627864,H 7i,WGH0H270AHAA01684,18192,39.0,56.0,145.0,4,1.0,3,1.0
58420949,GLE 350 de 4MATIC,,,75.0,,,4,1.0,3,1.0
58418943,TL 800,X00034,,1.0,9.0,32.0,3,2.0,2,2.0
58418907,305E2,CAT305ECH5M12070,,18.0,6.0,14.0,3,2.0,2,2.0
58417524,TL 400,X00030,,1.0,9.0,32.0,3,2.0,2,2.0
58417509,TL 600,X00025,,1.0,9.0,32.0,3,2.0,2,2.0
58417491,GRL 1400 starr - MS 03,X00065,,1.0,13.0,47.0,3,2.0,2,2.0
58417455,305CR-07A,CAT00305H5X501362,,18.0,6.0,14.0,3,2.0,2,2.0
58391246,CF 3-II Hd,20098331,,118.0,51.0,134.0,4,1.0,3,1.0
58351227,BW 174 AP-AM,101870701012,,14.0,59.0,,4,1.0,3,1.0
58093216,GRL 2000 - OQ 65,101746,,69.0,14.0,,4,1.0,3,1.0
58093179,A 918 Compact,1192-086899,18185,69.0,8.0,29.0,4,1.0,3,1.0
58093152,907 H,SJM00836,18186,18.0,37.0,,4,1.0,3,1.0
58093125,907 H2,JRS00480,18187,18.0,37.0,108.0,3,2.0,3,1.0
57966896,L 566,VATZ1758AZB076597,,69.0,37.0,112.0,3,2.0,2,2.0
57954252,TL 600,12401,,1.0,9.0,33.0,3,2.0,2,2.0
57954249,TL 600,X01711,,1.0,9.0,33.0,3,2.0,2,2.0
57954246,TL 400,48910,,1.0,9.0,33.0,3,2.0,2,2.0
57954243,GRL 1500 starr,,,1.0,13.0,48.0,3,2.0,2,2.0
57954240,TR 11 nox,GG20692,,55.0,28.0,96.0,3,2.0,2,2.0
57954237,TW 295 W,190401433,,106.0,8.0,26.0,3,2.0,2,2.0
57928561,TL 300,13012,,1.0,9.0,33.0,3,2.0,2,2.0
57928558,TL 800,12514,,1.0,9.0,33.0,3,2.0,2,2.0
57928555,TL 800,13520,,1.0,9.0,33.0,3,2.0,2,2.0
57928552,GRL 1500 starr,12582,,1.0,13.0,48.0,3,2.0,2,2.0
57928549,TW 295 W,190400123,,106.0,8.0,26.0,3,2.0,2,2.0
57707736,"TS - 17 HC 200, L=4,14m",101730,,69.0,93.0,,4,1.0,3,1.0
57707733,"TS - 17 HC 200, L=4,14m",101729,,69.0,93.0,,4,1.0,3,1.0
57707730,"TS - 17 HC 200, L=4,14m",101728,,69.0,93.0,,4,1.0,3,1.0
57707727,"TS - 17 HC 200, L=4,14m",101727,,69.0,93.0,,4,1.0,3,1.0
57707724,"TS - 17 HC 200, L=4,14m",101726,,69.0,93.0,,4,1.0,3,1.0
57707721,"TS - 17 HC 200, L=4,14m",101725,,69.0,93.0,,4,1.0,3,1.0
57707718,"TS - 17 HC 200, L=4,14m",101724,,69.0,93.0,,4,1.0,3,1.0
57707715,"TS - 17 HC 200, L=4,14m",101723,,69.0,93.0,,4,1.0,3,1.0
57707712,"GTS - 170 HC, L= 9,60 m",101722,,69.0,93.0,,4,1.0,3,1.0
57707709,Randträger - 170/256 HC,101721,,69.0,93.0,,4,1.0,3,1.0
57707706,Randträger - 170/256 HC,101720,,69.0,93.0,,4,1.0,3,1.0
57707703,Randträger - 170/256 HC,101719,,69.0,93.0,,4,1.0,3,1.0
57707700,Randträger - 170/256 HC,101718,,69.0,93.0,,4,1.0,3,1.0
57707697,Fundamentkreuz Hauptträger - 170/256 HC,101717,,69.0,93.0,,4,1.0,3,1.0
57707694,Fundamentkreuz Hauptträger - 170/256 HC,101716,,69.0,93.0,,4,1.0,3,1.0
57707674,202 EC-B 10 Litronic,50762,18122,69.0,92.0,,4,1.0,3,1.0
57706416,"TS - 17 HC 200, L=4,14m",101714,,69.0,93.0,,4,1.0,3,1.0
57706413,"TS - 17 HC 200, L=4,14m",101713,,69.0,93.0,,4,1.0,3,1.0
57706410,"TS - 17 HC 200, L=4,14m",101712,,69.0,93.0,,4,1.0,3,1.0
57706407,"TS - 17 HC 200, L=4,14m",101711,,69.0,93.0,,4,1.0,3,1.0
57706404,"TS - 17 HC 200, L=4,14m",101710,,69.0,93.0,,4,1.0,3,1.0
57706401,"TS - 17 HC 200, L=4,14m",101709,,69.0,93.0,,4,1.0,3,1.0
57706398,"TS - 17 HC 200, L=4,14m",101708,,69.0,93.0,,4,1.0,3,1.0
57706395,"TS - 17 HC 200, L=4,14m",101707,,69.0,93.0,,4,1.0,3,1.0
57706392,"GTS - 170 HC, L= 9,60 m",101706,,69.0,93.0,,4,1.0,3,1.0
57706389,Randträger - 170/256 HC,101705,,69.0,93.0,,4,1.0,3,1.0
57706386,Randträger - 170/256 HC,101704,,69.0,93.0,,4,1.0,3,1.0
57706383,Randträger - 170/256 HC,101703,,69.0,93.0,,4,1.0,3,1.0
57706380,Randträger - 170/256 HC,101702,,69.0,93.0,,4,1.0,3,1.0
57706377,Fundamentkreuz Hauptträger - 170/256 HC,101701,,69.0,93.0,,4,1.0,3,1.0
57706374,Fundamentkreuz Hauptträger - 170/256 HC,101700,,69.0,93.0,,4,1.0,3,1.0
57706354,202 EC-B 10 Litronic,50348,18121,69.0,92.0,,4,1.0,3,1.0
57675278,Standardschaufel - 5040,933306230089,,60.0,38.0,113.0,3,2.0,3,1.0
57675265,Gabel - 5040,3381062307620,,60.0,39.0,115.0,3,2.0,3,1.0
57675239,5040,WNK35801CP0001621,,60.0,37.0,106.0,3,2.0,3,1.0
57672333,TL 1200,2308888,,41.0,9.0,37.0,3,2.0,3,1.0
57672318,TL 800,2308887,,41.0,9.0,37.0,3,2.0,3,1.0
57672303,TL 800,2308886,,41.0,9.0,37.0,3,2.0,3,1.0
57672291,GRL 1800,2308885,,41.0,14.0,57.0,3,2.0,3,1.0
57671525,"TS - 185 HC, L=4,14 m",101691,,69.0,93.0,,4,1.0,3,1.0
57671522,"TS - 185 HC, L=4,14 m",101690,,69.0,93.0,,4,1.0,3,1.0
57671514,"TS - 256 HC, L=12,42 m",101689,,69.0,93.0,,4,1.0,3,1.0
57671511,"GTS - 256 HC, L= 12,42 m",101688,,69.0,93.0,,4,1.0,4,1.0
57671508,"GTS - 256 HC, L= 8,85 m",101687,,69.0,93.0,,4,1.0,3,1.0
57671505,"GTS - 256 HC, L= 8,85 m",101686,,69.0,93.0,,4,1.0,3,1.0
57671497,UW TS - 256 HC,101685,,69.0,93.0,,4,1.0,3,1.0
57671477,180 EC-H 10 Litronic,43542,18141,69.0,92.0,,4,1.0,3,1.0
57667509,TL 1000,2308884,,41.0,9.0,37.0,4,1.0,4,1.0
57667490,TL 800,2308883,,41.0,9.0,37.0,3,2.0,3,1.0
57667471,TL 600,2308882,,41.0,9.0,37.0,3,2.0,3,1.0
57667455,GRL 2000,2308881,,41.0,14.0,57.0,4,1.0,4,1.0
57639767,Verschmälerung - AB 200 TV - R,101679,,116.0,74.0,196.0,3,2.0,3,1.0
57639759,Verschmälerung - AB 200 TV - L,101678,,116.0,74.0,196.0,3,2.0,3,1.0
57639754,Verbreiterung - AB 200 TV - 600R,26VB1128R,,116.0,73.0,195.0,3,2.0,3,1.0
57639749,Verbreiterung - AB 200 TV - 600L,26VB1128L,,116.0,73.0,195.0,3,2.0,3,1.0
57639721,Super 800i,09901041,,116.0,71.0,182.0,3,2.0,3,1.0
57634244,UW TS - 120 HC,101674,,69.0,93.0,,4,1.0,4,1.0
57634241,"TS - 120 HC, L=2,50 m",101673,,69.0,93.0,,4,1.0,3,1.0
57634238,"TS - 120 HC, L=10,00 m",101672,,69.0,93.0,,4,1.0,3,1.0
57634235,"TS - 120 HC, L=10,00 m",101671,,69.0,93.0,,4,1.0,4,1.0
57634232,"TS - 120 HC, L=10,00 m",101670,,69.0,93.0,,4,1.0,4,1.0
57634212,140 EC-H 6 Litronic,45834,18140,69.0,92.0,,4,1.0,3,1.0
57605178,G 800,232150151,,59.0,15.0,62.0,3,2.0,3,1.0
57602831,"TS - 120 HC, L=2,50 m",101667,,69.0,93.0,,4,1.0,3,1.0
57602828,"TS - 120 HC, L=2,50 m",101666,,69.0,93.0,,4,1.0,3,1.0
57602825,"TS - 120 HC, L=2,50 m",101665,,69.0,93.0,,4,1.0,4,1.0
57602822,"TS - 120 HC, L=10,00 m",101664,,69.0,93.0,,4,1.0,3,1.0
57602819,"TS - 120 HC, L=10,00 m",101663,,69.0,93.0,,4,1.0,3,1.0
57602816,"TS - 120 HC, L=10,00 m",101662,,69.0,93.0,,4,1.0,3,1.0
57602813,"GTS - 140 HC, L= 10 m",101661,,69.0,93.0,,4,1.0,3,1.0
57602805,UW TS - 120 HC,101660,,69.0,93.0,,4,1.0,3,1.0
57602785,140 EC-H 6 Litronic,46446,18142,69.0,92.0,,4,1.0,4,1.0
57599066,DVH 600 L-2,20093090,,118.0,59.0,153.0,3,2.0,3,1.0
57598333,G 800,232150152,,59.0,15.0,62.0,3,2.0,3,1.0
57596854,"TS - 120 HC, L=12,50 m",101651,,69.0,93.0,,4,1.0,3,1.0
57596851,"TS - 120 HC, L=10,00 m",101650,,69.0,93.0,,4,1.0,4,1.0
57596848,"GTS - 140 HC, L= 10 m",101649,,69.0,93.0,,4,1.0,4,1.0
57596845,UW TS - 140 HC,101648,,69.0,93.0,,4,1.0,3,1.0
57596825,140 EC-H 6 Litronic,46813,18143,69.0,92.0,,4,1.0,4,1.0
57494943,"TS - GTMR 386 B, L=3,40 m",101646,,89.0,93.0,,4,1.0,3,1.0
57494940,"TS - GTMR 386 B, L=3,40 m",101645,,89.0,93.0,,4,1.0,3,1.0
57494937,GTMR 386 B,415003,18139,89.0,91.0,,4,1.0,3,1.0
57494366,"TS - 120 HC, L=5,00 m",101643,,69.0,93.0,,4,1.0,3,1.0
57359073,MF 2500 CS T4f Kurz SW LP 2017,LG003316,,27.0,67.0,174.0,1,,3,2.0
56959160,I3CR,79720,,74.0,84.0,203.0,3,2.0,3,1.0
56883061,LR 636,VAUZ1275KZT014655,18147,69.0,45.0,,4,1.0,3,1.0
56883058,GRL 2000,03072044,,69.0,14.0,,4,1.0,3,1.0
56883019,M 323 F,RH300212,18146,18.0,8.0,,4,1.0,3,1.0
56883016,GRL 2000 starr,592585,,69.0,13.0,,4,1.0,3,1.0
56883013,A 922 Rail,1190-88921,18145,69.0,8.0,,4,1.0,3,1.0
56883010,GRL 1600 starr,592603,,69.0,13.0,,4,1.0,3,1.0
56883007,A 922 Rail,1190-88923,18144,69.0,8.0,,4,1.0,3,1.0
56848496,W 100 F,0810 1034,18161,121.0,64.0,,4,1.0,3,1.0
56848386,W 35 DC,0403 0300,18160,121.0,63.0,,4,1.0,3,1.0
56848281,W 150,0513 0157,18159,121.0,64.0,,4,1.0,3,1.0
56606935,BW 154 AP-4,101870611038,18150,14.0,59.0,,4,1.0,3,1.0
56606816,BW 24 R,20153060 1802,18151,14.0,62.0,,4,1.0,3,1.0
56466035,Verschmälerung - AB 220-3 TV - R,,,116.0,74.0,196.0,3,2.0,3,1.0
56466027,Verschmälerung - AB 220-3 TV - L,,,116.0,74.0,196.0,3,2.0,3,1.0
56466022,Verbreiterung - AB 220-3 TV - 500R,65VB1213R,,116.0,73.0,195.0,3,2.0,3,1.0
56466017,Verbreiterung - AB 220-3 TV - 500L,65VB1213L,,116.0,73.0,195.0,3,2.0,3,1.0
56465989,Super 800i,09901065,,116.0,71.0,182.0,4,2.0,4,1.0
56396452,SL 1400,2307253,,41.0,12.0,45.0,3,2.0,3,1.0
56396438,TL 1400,2307252,,41.0,9.0,37.0,3,2.0,3,1.0
56396426,GRL 1800,2307251,,41.0,14.0,57.0,3,2.0,3,1.0
56394462,TB 260,126003726,,106.0,6.0,15.0,3,2.0,2,2.0
56150880,Materialkübel extern,101615,,94.0,69.0,177.0,3,2.0,3,1.0
56121384,BOMAP,18925850,,14.0,79.0,201.0,3,2.0,2,2.0
56113710,GRL 2000,2306847,,41.0,14.0,57.0,3,2.0,3,1.0
56113698,GRL 2000 starr,2306846,,41.0,13.0,50.0,3,2.0,3,1.0
55767173,Verbreiterung - AB 600-3 TV - 750R,55VB8245R,,116.0,73.0,195.0,3,2.0,3,1.0
55767164,Verbreiterung - AB 600-3 TV - 750L,55VB8245L,,116.0,73.0,195.0,3,2.0,3,1.0
55767135,Super 1800-3i,14824693,,116.0,71.0,185.0,4,1.0,4,1.0
55723893,Verbreiterung - AB 600-3 TV - 750R,55VB8247R,,116.0,73.0,195.0,3,2.0,3,1.0
55723884,Verbreiterung - AB 600-3 TV - 750L,55VB8247L,,116.0,73.0,195.0,3,2.0,3,1.0
55723855,Super 1800-3i,14824692,,116.0,71.0,185.0,3,2.0,3,1.0
55654946,R750,TRB R750 0001,,111.0,47.0,126.0,3,2.0,3,1.0
55654591,Earthworks 3D Dual GNSS,TRB-Earth 3D 0001,,111.0,47.0,127.0,3,2.0,3,1.0
55645407,Big MultiPlex Ski,BMSR001,,116.0,75.0,197.0,3,2.0,3,1.0
55645404,Big MultiPlex Ski,BMSL001,,116.0,75.0,197.0,3,2.0,3,1.0
55645396,Verbreiterung - AB 600-5 TP2 - 750R,98VB.0027R,,116.0,73.0,195.0,3,2.0,3,1.0
55645388,Verbreiterung - AB 600-5 TP2 - 750R,98VB.0028R,,116.0,73.0,195.0,3,2.0,3,1.0
55645380,Verbreiterung - AB 600-5 TP2 - 750L,98VB.0028L,,116.0,73.0,195.0,3,2.0,3,1.0
55645372,Verbreiterung - AB 600-5 TP2 - 750L,98VB.0027L,,116.0,73.0,195.0,3,2.0,3,1.0
55645364,Verbreiterung - AB 600-5 TP2 - 375R,97VB.0016R,,116.0,73.0,195.0,3,2.0,3,1.0
55645356,Verbreiterung - AB 600-5 TP2 - 375L,97VB.0016L,,116.0,73.0,195.0,3,2.0,3,1.0
55405987,UW - 120 HC,101595,,69.0,93.0,,4,1.0,3,1.0
55369162,GRL 2000 starr,722015841,,16.0,13.0,50.0,3,2.0,3,1.0
55369147,TL 400,723005891,,16.0,9.0,37.0,3,2.0,3,1.0
55283143,613 M Serie E,61301128,,96.0,94.0,209.0,3,2.0,2,2.0
55269288,Super 2100-5i,11190072,,116.0,71.0,193.0,3,2.0,3,1.0
54984071,GRL 1600 starr,722008153,,16.0,13.0,50.0,3,2.0,3,1.0
54984056,TR-K 200,0055112,,46.0,28.0,97.0,4,2.0,4,1.0
54941693,Verschmälerung - AB 220-3 TV - R,101586,,116.0,74.0,196.0,3,2.0,3,1.0
54941685,Verschmälerung - AB 220-3 TV - L,101585,,116.0,74.0,196.0,3,2.0,3,1.0
54941680,Verbreiterung - AB 220-3 TV - 500R,65VB1195R,,116.0,73.0,195.0,3,2.0,3,1.0
54941675,Verbreiterung - AB 220-3 TV - 500L,65VB1195L,,116.0,73.0,195.0,3,2.0,3,1.0
54941647,Super 800i,09901013,,116.0,71.0,182.0,3,2.0,3,1.0
54940205,"TS - K609A, L=5,00 m",101581,,89.0,93.0,,4,1.0,3,1.0
54786105,GRL 1600 starr,2306845,,41.0,13.0,49.0,3,2.0,3,1.0
54786091,TL 800,2306844,,41.0,9.0,35.0,3,2.0,3,1.0
54786077,TL 500,2306843,,41.0,9.0,35.0,3,2.0,3,1.0
54745664,M 317-07B NG,CAT0M317KKNC20099,,18.0,8.0,29.0,3,2.0,3,1.0
54704203,"TS - 170 HC, L=4,14 m",101576,,69.0,93.0,,4,1.0,3,1.0
54704200,"TS - 170 HC, L=4,14 m",101575,,69.0,93.0,,4,1.0,3,1.0
54704197,"TS - 170 HC, L=4,14 m",101574,,69.0,93.0,,4,1.0,3,1.0
54704194,"TS - 170 HC, L=4,14 m",101573,,69.0,93.0,,4,1.0,3,1.0
54704191,"GTS - 170 HC, L= 9,60 m",101572,,69.0,93.0,,4,1.0,3,1.0
54704183,UW TS - 170 HC,101571,,69.0,93.0,,4,1.0,3,1.0
54704163,200 EC-H 10 Litronic,47111,18136,69.0,92.0,,4,1.0,3,1.0
54502488,"TS - 256 HC, L=4,14 m",101569,,69.0,93.0,,4,1.0,3,1.0
54466952,Verschmälerung - AB 220-3 TV - R,,,116.0,74.0,196.0,3,2.0,3,1.0
54466944,Verschmälerung - AB 220-3 TV - L,,,116.0,74.0,196.0,3,2.0,3,1.0
54466939,Verbreiterung - AB 220-3 TV - 500R,65VB1191R,,116.0,73.0,195.0,4,1.0,3,1.0
54466934,Verbreiterung - AB 220-3 TV - 500L,65VB1191L,,116.0,73.0,195.0,4,1.0,3,1.0
54466906,Super 800i,09901001,,116.0,71.0,182.0,4,1.0,4,1.0
54466011,Verbreiterung - AB 340-3 TV - 550R,61VB0584R,,116.0,73.0,195.0,3,2.0,3,1.0
54466008,Verbreiterung - AB 340-3 TV - 550L,61VB0584L,,116.0,73.0,195.0,3,2.0,3,1.0
54465980,Super 1300-3i,14110697,,116.0,71.0,183.0,4,2.0,4,1.0
54460908,Verbreiterung - SB 300-3 TP1 - 1500R,,,116.0,73.0,195.0,3,2.0,3,1.0
54460900,Verbreiterung - SB 300-3 TP1 - 1500L,,,116.0,73.0,195.0,3,2.0,3,1.0
54460892,Verbreiterung - SB 300-3 TP1 - 1250R,,,116.0,73.0,196.0,3,2.0,3,1.0
54460884,Verbreiterung - SB 300-3 TP1 - 1250L,,,116.0,73.0,195.0,3,2.0,3,1.0
54460876,Verbreiterung - SB 300-3 TP1 - 1000R,,,116.0,73.0,195.0,3,2.0,3,1.0
54460868,Verbreiterung - SB 300-3 TP1 - 1000R,,,116.0,73.0,195.0,3,2.0,3,1.0
54460860,Verbreiterung - SB 300-3 TP1 - 1000L,,,116.0,73.0,195.0,3,2.0,3,1.0
54460852,Verbreiterung - SB 300-3 TP1 - 1000L,,,116.0,73.0,195.0,3,2.0,3,1.0
54460842,SB 300-3 TP1,09SB0056,,116.0,72.0,194.0,3,2.0,3,1.0
54397839,Super 2100-5i,11190051,,116.0,71.0,193.0,3,2.0,2,2.0
54384932,C807s,5953,,11.0,42.0,120.0,3,2.0,3,1.0
54296792,TS - K 437 A,101549,,89.0,93.0,,4,1.0,3,1.0
54296789,TS - K 437 E,101548,,89.0,93.0,,4,1.0,3,1.0
54296786,TS - K 437 E,101547,,89.0,93.0,,4,1.0,3,1.0
54296783,Hubwerk - MD 238,408950,18118,89.0,92.0,,4,1.0,3,1.0
54296780,UW TS - S41A,101545,,89.0,93.0,,4,1.0,3,1.0
54296327,TS - K 437 A,101544,,89.0,93.0,,4,1.0,3,1.0
54296324,TS - K 437 E,101543,,89.0,93.0,,4,1.0,3,1.0
54296321,TS - K 437 E,101542,,89.0,93.0,,4,1.0,3,1.0
54296318,Hubwerk - MD 238,409791,18117,89.0,92.0,,4,1.0,3,1.0
54296315,UW TS - S41A,101540,,89.0,93.0,,4,1.0,3,1.0
54233171,R70,79639,,74.0,86.0,205.0,3,2.0,3,1.0
54195628,HC 180i,WGH0H256PHAA00065,,39.0,56.0,147.0,4,1.0,3,1.0
54189119,BW 154 AP-4i AM,101870641167,,14.0,59.0,162.0,3,2.0,3,1.0
54189100,SchL 1300,101535,,1.0,,,4,1.0,3,1.0
54189097,GRL 2000,101534,,1.0,,,4,1.0,3,1.0
54189082,TL 500,101533,,1.0,9.0,,4,1.0,3,1.0
54189065,TL 800,101532,,1.0,9.0,,4,1.0,3,1.0
54189050,TL 1000,101531,,1.0,9.0,,4,1.0,3,1.0
54189047,M 322 D,CATM322DVW2S00348,18130,18.0,8.0,,4,1.0,3,1.0
54187566,UW TS - 140 HC,101529,,69.0,93.0,,4,1.0,4,1.0
54187558,"TS - 120 HC, L=5,00 m",101528,,69.0,93.0,,4,1.0,4,1.0
54187550,"TS - 120 HC, L=5,00 m",101527,,69.0,93.0,,4,1.0,3,1.0
54187542,"TS - 120 HC, L=5,00 m",101526,,69.0,93.0,,4,1.0,3,1.0
54187539,"GTS - 120 HC , L= 10 m",101525,,69.0,93.0,,4,1.0,3,1.0
53923340,Klettereinrichtung - T60A,101523,18134,89.0,93.0,,4,1.0,3,1.0
53797292,TL 600,101522,,68.0,9.0,32.0,4,1.0,3,1.0
53797277,TL 300,101521,,68.0,9.0,32.0,4,1.0,3,1.0
53797274,GRL 1400 starr,101520,,68.0,13.0,,4,1.0,3,1.0
53797271,TL 600,101519,,68.0,9.0,32.0,4,1.0,3,1.0
53797268,TB 235,123502297,18126,106.0,5.0,13.0,4,1.0,3,1.0
53797232,KX 101-3a3,87434,18125,66.0,5.0,,4,1.0,3,1.0
53793647,BW 100 AD-5,101880561154,,14.0,59.0,154.0,3,2.0,3,1.0
53792379,3D GPS,72610865,,111.0,122.0,,4,1.0,3,1.0
53792356,DW 90,WNCD1802EPAL00337,18128,117.0,42.0,,4,1.0,3,1.0
53792334,F 106.7 A,NCBF20535,18127,81.0,46.0,,4,1.0,3,1.0
53753995,TS4065,79638,,74.0,116.0,230.0,3,2.0,3,1.0
53751914,"Kreuz - 170/256 HC - 4,5 x 4,5",,101511,69.0,93.0,,4,1.0,3,1.0
53751911,"GTS - 256 HC, L= 12,42 m",,101510,69.0,93.0,,4,1.0,3,1.0
53751908,"TS - 256 HC, L=4,14 m",,101509,69.0,93.0,,4,1.0,3,1.0
53751905,"TS - 256 HC, L=4,14 m",,101508,69.0,93.0,,4,1.0,3,1.0
53751902,"TS - 256 HC, L=4,14 m",,101507,69.0,93.0,,4,1.0,3,1.0
53751899,"TS - 256 HC, L=4,14 m",,101506,69.0,93.0,,4,1.0,3,1.0
53751896,"TS - 256 HC, L=4,14 m",,101505,69.0,93.0,,4,1.0,3,1.0
53751893,"TS - 256 HC, L=4,14 m",,101504,69.0,93.0,,4,1.0,3,1.0
53751890,"TS - 256 HC, L=4,14 m",,101503,69.0,93.0,,4,1.0,3,1.0
53751870,280 EC-H 16 Litronic Hofkran Lagerplatzkran,45722,18108,69.0,92.0,,4,1.0,3,1.0
53588226,Verbreiterung AB 500-3 TP2 - 750R,101501,,116.0,73.0,195.0,4,1.0,4,1.0
53588206,Verbreiterung AB 500-3 TP2 - 750L,101500,,116.0,73.0,195.0,4,1.0,4,1.0
53588188,Verbreiterung AB 500-3 TP2 - 250R,101499,,116.0,73.0,,4,1.0,4,1.0
53588170,Verbreiterung AB 500-3 TP2 - 250L,101498,,116.0,73.0,,4,1.0,4,1.0
53588141,Super 1800-3i,14820046,18111,116.0,71.0,,4,1.0,4,1.0
53564244,GRL 1400 starr,2306251,,41.0,13.0,47.0,3,2.0,3,1.0
53564230,TL 800,2306250,,41.0,9.0,32.0,3,2.0,3,1.0
53564216,TL 600,2306249,,41.0,9.0,32.0,3,2.0,3,1.0
53564202,TL 400,2306248,,41.0,9.0,32.0,3,2.0,3,1.0
53564186,SG 100,2306247,,41.0,16.0,63.0,3,2.0,3,1.0
53486579,Super 1900-3i,08190429,Peter Gross Invent: 93900400,,71.0,,1,,3,2.0
53368010,HX 70i VO-S,WGH0H297AHAA00013,,39.0,59.0,157.0,3,2.0,3,1.0
53367631,Materialkübel extern,01ME0022,,116.0,69.0,177.0,3,2.0,3,1.0
53367092,MT 3000-3i Offset,08610108,,116.0,67.0,175.0,3,2.0,3,1.0
53364188,HC 70i P,WGH0H287VHAA00108,,39.0,58.0,151.0,3,2.0,3,1.0
53359335,"TS - 120 HC, L=10,00 m",101487,,69.0,93.0,,4,1.0,3,1.0
53359332,"TS - 120 HC, L=10,00 m",101486,,69.0,93.0,,4,1.0,3,1.0
53359329,"TS - 120 HC, L=10,00 m",101485,,69.0,93.0,,4,1.0,3,1.0
53359326,"GTS - 120 HC, L=6,85 m",101484,,69.0,93.0,,4,1.0,3,1.0
53358751,"TS - 256 HC, L=4,14 m",101483,,69.0,93.0,,4,1.0,3,1.0
53358748,"TS - 256 HC, L=4,14 m",101482,,69.0,93.0,,4,1.0,3,1.0
53358745,"TS - 256 HC, L=4,14 m",101481,,69.0,93.0,,4,1.0,3,1.0
53358742,"TS - 256 HC, L=4,14 m",101480,,69.0,93.0,,4,1.0,3,1.0
53358739,"TS - 256 HC, L=4,14 m",101479,,69.0,93.0,,4,1.0,3,1.0
53358736,"TS - 256 HC, L=4,14 m",101478,,69.0,93.0,,4,1.0,3,1.0
53358733,"TS - 170 HC, L=4,14 m",101477,,69.0,93.0,,4,1.0,4,1.0
53358730,"TS - 170 HC, L=4,14 m",101476,,69.0,93.0,,4,1.0,4,1.0
53358727,"TS - 170 HC, L=4,14 m",101475,,69.0,93.0,,4,1.0,4,1.0
53358724,"TS - 170 HC, L=4,14 m",101474,,69.0,93.0,,4,1.0,3,1.0
53358721,"TS - 170 HC, L=4,14 m",101473,,69.0,93.0,,4,1.0,3,1.0
53358718,"TS - 170 HC, L=4,14 m",101472,,69.0,93.0,,4,1.0,3,1.0
53335168,Materialkübel extern,1000021363,,27.0,69.0,177.0,3,2.0,3,1.0
53328376,MF 2500CS STG V 2019,NG004113,,27.0,67.0,174.0,3,2.0,3,1.0
53322176,71 K,166-47955,18113,69.0,91.0,,4,1.0,3,1.0
53322168,112 EC-H 8 Litronic,325-44653,18114,69.0,92.0,,4,1.0,3,1.0
53322165,GRL 2000,101467,,69.0,14.0,,4,1.0,3,1.0
53322126,M 323 F,RH300184,18116,18.0,8.0,,4,1.0,3,1.0
53322111,TL 800 - SW 48,101465,,69.0,9.0,,4,1.0,4,1.0
53322074,A 918,1178-67911,18112,69.0,8.0,28.0,4,1.0,4,1.0
53294293,613 M Serie E,61301298,,96.0,94.0,209.0,3,2.0,2,2.0
53255401,"TS - 256 HC, L=4,14 m",101462,,69.0,93.0,,4,1.0,3,1.0
53255398,"TS - 256 HC, L=4,14 m",101461,,69.0,93.0,,4,1.0,3,1.0
53255390,"TS - 256 HC, L=12,42 m",101460,,69.0,93.0,,4,1.0,3,1.0
53255387,"GTS - 256 HC, L= 12,42 m",101459,,69.0,93.0,,4,1.0,3,1.0
53255379,UW TS - 256 HC,101458,,69.0,93.0,,4,1.0,4,1.0
53255359,280 EC-H 12 Litronic,44187,18115,69.0,92.0,,4,1.0,3,1.0
53103712,Verbreiterung - AB 600-3 TV - 750R,55VB8196R,,116.0,73.0,195.0,4,1.0,4,1.0
53103703,Verbreiterung - AB 600-3 TV - 750L,55VB8196L,,116.0,73.0,195.0,4,1.0,4,1.0
53103674,Super 1800-3i,14824586,,116.0,71.0,185.0,4,1.0,4,1.0
53062435,G 600,101452,,1.0,,,4,1.0,4,1.0
53062419,GRL 1500,101451,,1.0,,,4,1.0,4,1.0
53062404,TL 1200,101450,,1.0,9.0,,4,1.0,4,1.0
53062365,EW 180 C,122006,18081,114.0,8.0,,4,1.0,4,1.0
53039794,132 EC-H 8 FR.tronic,51134,17508,69.0,92.0,,4,1.0,3,1.0
53039360,Tandemkipper mit Rampen KA-TA-T,WMM00000010045502,18065,79.0,49.0,,4,1.0,3,1.0
53039357,TB 235,123500651,18064,106.0,5.0,13.0,4,1.0,3,1.0
53038535,613 M Serie E,61301053,,96.0,94.0,209.0,1,2.0,3,2.0
53031836,"UW - V60A - 6,00 x 6,00 m",101445,,89.0,93.0,,4,1.0,3,1.0
53031828,"TS - KMT639A, L=5,00 m",101444,,89.0,93.0,,4,1.0,3,1.0
53031820,"TS - KMT639A, L=5,00 m",101443,,89.0,93.0,,4,1.0,3,1.0
53031812,"TS - K629A, L=5,00 m",101442,,89.0,93.0,,4,1.0,3,1.0
53031804,"TS - K609C, L=3,57 m",101441,,89.0,93.0,,4,1.0,3,1.0
53031784,MDT 368 L12,414434,18087,89.0,92.0,,4,1.0,3,1.0
53029028,"TS - 120 HC, L=10,00 m",101439,,69.0,93.0,,4,1.0,3,1.0
53029025,"TS - 120 HC, L=10,00 m",101438,,69.0,93.0,,4,1.0,3,1.0
53029017,UW TS - 120 HC,101437,,69.0,93.0,,4,1.0,3,1.0
53004739,"TS - 120 HC, L=5,00 m",101436,,69.0,93.0,,4,1.0,3,1.0
53004736,"TS - 120 HC, L=5,00 m",101435,,69.0,93.0,,4,1.0,3,1.0
53004733,"TS - 120 HC, L=10,00 m",101434,,69.0,93.0,,4,1.0,3,1.0
53004730,"GTS - 120 HC , L= 10 m",101433,,69.0,93.0,,4,1.0,3,1.0
53004727,"Kreuz - 98 EC - 3,8 x 3,8 m",101432,,69.0,93.0,,4,1.0,3,1.0
53004707,132 EC-H 8 Litronic,45539,18084,69.0,92.0,,4,1.0,3,1.0
53004506,"TS - 256 HC, L=12,42 m",101425,,69.0,93.0,,4,1.0,3,1.0
53004498,"TS - 256 HC, L=12,42 m",101424,,69.0,93.0,,4,1.0,3,1.0
53004495,"GTS - 256 HC, L= 8,85 m",101423,,69.0,93.0,,4,1.0,3,1.0
53004487,UW TS - 256 HC,101422,,69.0,93.0,,4,1.0,3,1.0
53004467,224 EC-H 8 Litronic,44228,18109,69.0,92.0,,4,1.0,3,1.0
52904176,"TS - 170 HC, L=4,14 m",101420,,69.0,93.0,,4,1.0,4,1.0
52904173,"TS - 170 HC, L=4,14 m",101419,,69.0,93.0,,4,1.0,4,1.0
52904170,"TS - 170 HC, L=4,14 m",101418,,69.0,93.0,,4,1.0,4,1.0
52904167,"TS - 170 HC, L=4,14 m",101417,,69.0,93.0,,4,1.0,4,1.0
52904164,"GTS - 170 HC, L= 9,60 m",101416,,69.0,93.0,,4,1.0,4,1.0
52904156,UW - 170 HC,101415,,69.0,93.0,,4,1.0,4,1.0
52904136,200 EC-H 10 Litronic,47842,18083,69.0,92.0,,4,1.0,4,1.0
52903187,"TS - 170 HC, L=4,14 m",101413,,69.0,93.0,,4,1.0,4,1.0
52903184,"TS - 170 HC, L=4,14 m",101412,,69.0,93.0,,4,1.0,3,1.0
52903181,"TS - 170 HC, L=4,14 m",101411,,69.0,93.0,,4,1.0,3,1.0
52903178,"TS - 170 HC, L=4,14 m",101410,,69.0,93.0,,4,1.0,3,1.0
52903175,"GTS - 170 HC, L= 9,60 m",101409,,69.0,93.0,,4,1.0,3,1.0
52903167,UW TS - 170 HC,101408,,69.0,93.0,,4,1.0,3,1.0
52903147,200 EC-H 10 Litronic,44360,18086,69.0,92.0,,4,1.0,3,1.0
52766404,Klettereinrichtung - 170 HC,101406,18107,69.0,93.0,,4,1.0,4,1.0
52642337,SW 6500,3200063,,27.0,68.0,176.0,3,2.0,3,1.0
52549209,"TS - 170 HC, L=4,14 m",101404,,69.0,93.0,,4,1.0,3,1.0
52549206,"TS - 170 HC, L=4,14 m",101403,,69.0,93.0,,4,1.0,3,1.0
52549203,"TS - 170 HC, L=4,14 m",101402,,69.0,93.0,,4,1.0,3,1.0
52549200,"TS - 170 HC, L=4,14 m",101401,,69.0,93.0,,4,1.0,3,1.0
52549197,"GTS - 170 HC, L= 9,60 m",101400,,69.0,93.0,,4,1.0,3,1.0
52549189,UW TS - 170 HC,101399,,69.0,93.0,,4,1.0,3,1.0
52549169,200 EC-H 10 Litronic,46511,18082,69.0,92.0,,4,1.0,3,1.0
52547295,"TS - 170 HC, L=4,14 m",101397,,69.0,93.0,,4,1.0,3,1.0
52547292,"TS - 170 HC, L=4,14 m",101396,,69.0,93.0,,4,1.0,3,1.0
52547289,"TS - 170 HC, L=4,14 m",101395,,69.0,93.0,,4,1.0,3,1.0
52547286,"TS - 170 HC, L=4,14 m",101394,,69.0,93.0,,4,1.0,3,1.0
52547283,"GTS - 170 HC, L= 9,60 m",101393,,69.0,93.0,,4,1.0,3,1.0
52547275,UW TS - 170 HC,101392,,69.0,93.0,,4,1.0,3,1.0
52547255,200 EC-H 10 Litronic,47843,18085,69.0,92.0,,4,1.0,3,1.0
52415411,TL 1000,101390,,1.0,9.0,,4,1.0,4,1.0
52415408,TL 400,101389,,1.0,9.0,,4,1.0,4,1.0
52415405,GRL 1800,101388,,1.0,14.0,,4,1.0,4,1.0
52415390,TL 600,101387,,1.0,9.0,33.0,4,1.0,3,1.0
52415387,TL 1000,101386,,1.0,9.0,,4,1.0,3,1.0
52415384,GRL 1500,101385,,1.0,14.0,,4,1.0,3,1.0
52327664,Liebherr - Schienenfahrwerk - 256 HC,101384,,69.0,93.0,,4,1.0,3,1.0
52327656,Liebherr - Schienenfahrwerk - 256 HC,101383,,69.0,93.0,,4,1.0,3,1.0
52327648,Liebherr - Schienenfahrwerk - 256 HC,101382,,69.0,93.0,,4,1.0,3,1.0
52327640,Liebherr - Schienenfahrwerk - 256 HC,101381,,69.0,93.0,,4,1.0,3,1.0
52317379,PC 80MR-3,F00674,18047,58.0,6.0,,4,1.0,3,1.0
52317341,M 318 D,P8L00338,18046,18.0,8.0,,4,1.0,4,1.0
52160594,71 EC-B 5,LE20155,18072,69.0,92.0,,4,1.0,3,1.0
52132069,SchL 1500 - Likufix SW48,,101377,1.0,10.0,,4,1.0,3,1.0
52132032,A 920,WLHZ1179VZK069970,18073,69.0,8.0,30.0,4,1.0,3,1.0
52012097,HCQ-Navigator,H900.0209,,121.0,79.0,201.0,3,2.0,2,2.0
52012076,TR22,TR22230359,,78.0,28.0,97.0,3,2.0,3,1.0
52010562,MC 100i EVO,K0110150,,56.0,85.0,204.0,3,2.0,3,1.0
51946716,Materialkübel extern,1000025079,,27.0,69.0,177.0,3,2.0,3,1.0
51946694,MF 2500CS STG V 2019,NG004103,,27.0,67.0,174.0,3,2.0,3,1.0
51803936,BW 174 AP-4i AM,101870901022,,14.0,59.0,160.0,1,,3,2.0
51373883,613 R Serie E,61351309,,96.0,95.0,212.0,3,2.0,3,1.0
51350112,Super 1800-3i,14821420,,116.0,71.0,,1,,3,2.0
51320738,BW 177 D-5,101587381191,,14.0,56.0,145.0,3,2.0,3,1.0
51315771,"TS - 170 HC, L=4,14 m",101368,,69.0,93.0,,4,1.0,4,1.0
51315768,"TS - 170 HC, L=4,14 m",101367,,69.0,93.0,,4,1.0,4,1.0
51315765,"TS - 170 HC, L=12,42 m",101366,,69.0,93.0,,4,1.0,3,1.0
51315762,"GTS - 170 HC, L= 9,60 m",101365,,69.0,93.0,,4,1.0,3,1.0
51315759,"UW - 170 HC - 4,5 x 4,5",101364,,69.0,93.0,,4,1.0,3,1.0
51315739,200 EC-H 10 Litronic,45482,18048,69.0,92.0,,4,1.0,3,1.0
51290305,406,01300925,,52.0,37.0,,1,,3,2.0
51289296,W 130 F,08100567,18045,121.0,64.0,,4,1.0,3,1.0
51264289,Super 1800-3i,14821764,,116.0,71.0,,1,,3,2.0
51264189,Super 1800-3i,14821441,,116.0,71.0,,1,,3,2.0
50721497,SD 2500 WS,10002014JFG001605,,27.0,,185.0,1,,3,2.0
50719148,SD 2500 WS,KG002864,,27.0,,185.0,1,,3,2.0
50718523,SD 2500 WS,10002155TNG004128,,27.0,70.0,180.0,1,,3,2.0
50608400,Liebherr - Schienenfahrwerk 256 HC,101361,,69.0,93.0,,4,1.0,3,1.0
50608397,"TS - 256 HC, L=4,14 m",101360,,69.0,93.0,,4,1.0,3,1.0
50608394,"TS - 256 HC, L=4,14 m",101359,,69.0,93.0,,4,1.0,3,1.0
50608391,"TS - 256 HC, L=4,14 m",101358,,69.0,93.0,,4,1.0,3,1.0
50608388,"GTS - 256 HC, L= 12,42 m",101357,,69.0,93.0,,4,1.0,3,1.0
50608385,UW - 256 HC,101356,,69.0,93.0,,4,1.0,4,1.0
50607896,Liebherr - Schienenfahrwerk 256 HC,101355,,69.0,93.0,,4,1.0,3,1.0
50549008,M 318 F,CATM318FTFB800590,,18.0,8.0,29.0,3,2.0,2,2.0
50547337,301.8-05A,CAT03018CH8X08051,,18.0,5.0,9.0,4,1.0,4,1.0
50473988,RVK 450iS,WEGTDTPNWC0003566,18043,38.0,82.0,,4,1.0,3,1.0
50469519,Verbreiterung VB 78 - 750R,101351,,2.0,73.0,,4,1.0,3,1.0
50469516,Verbreiterung VB 78 - 750L,101350,,2.0,73.0,,4,1.0,3,1.0
50469152,Titan 326,326 15090,18044,2.0,71.0,,4,1.0,3,1.0
50354896,W 200,12200220,18041,121.0,64.0,,4,1.0,3,1.0
50318859,42 K.1,50482,18040,69.0,91.0,,4,1.0,3,1.0
50313388,Verbreiterung - AB 500-2 TV - 750R,101346,,116.0,73.0,,4,1.0,3,1.0
50313385,Verbreiterung - AB 500-2 TV - 750L,101345,,116.0,73.0,,4,1.0,3,1.0
50313356,Super 1600-2,11821255,18039,116.0,71.0,,4,1.0,3,1.0
50164655,301.8-05A,CAT3018AH8X08042,,18.0,5.0,9.0,3,2.0,3,1.0
50162917,301.8-05A,CAT3018AH8X08053,,18.0,5.0,9.0,3,2.0,3,1.0
50033434,Verbreiterung - AB 500-2 TV - 750R,101339,,116.0,73.0,,4,1.0,3,1.0
50033431,Verbreiterung - AB 500-2 TV - 750L,101338,,116.0,73.0,,4,1.0,3,1.0
50033428,Verbreiterung - AB 500-2 TV - 250R,101337,,116.0,73.0,,4,1.0,3,1.0
50033425,Verbreiterung - AB 500-2 TV - 250L,101336,,116.0,73.0,,4,1.0,3,1.0
50033396,Super 1800-2,11823308,18033,116.0,71.0,185.0,4,1.0,3,1.0
50033393,Verbreiterung - AB 500-2 TV - 750R,101334,,116.0,73.0,,4,1.0,3,1.0
50033390,Verbreiterung - AB 500-2 TV - 750L,101333,,116.0,73.0,,4,1.0,3,1.0
50033361,Super 1800-2,11822761,18032,116.0,71.0,185.0,4,1.0,3,1.0
50031718,W 100 F,08101026,18035,121.0,64.0,,4,1.0,3,1.0
50031643,W 2000,06201013,18034,121.0,64.0,,4,1.0,3,1.0
50031307,BW 174 AP-AM,101870541024,18036,14.0,59.0,,4,1.0,3,1.0
49940733,301.8-05A,CAT03018PH8X08045,,18.0,5.0,9.0,4,1.0,3,1.0
49940697,301.8-05A,CAT03018JH8X07688,,18.0,5.0,9.0,3,2.0,3,1.0
49940114,"TS - 71 EC, L=12,00 m",101325,,69.0,93.0,,4,1.0,3,1.0
49940111,"TS - 71 EC, L=12,00 m",101324,,69.0,93.0,,4,1.0,3,1.0
49940108,"TS - 71 EC, L=6,00 m",101323,,69.0,93.0,,4,1.0,3,1.0
49940105,"TS - 71 EC, L=6,00 m",101322,,69.0,93.0,,4,1.0,3,1.0
49940102,"Kreuz - 71 EC - 3,8 x 3,8 m",101321,,69.0,93.0,,4,1.0,3,1.0
49940082,78 EC,41326,18031,69.0,92.0,,4,1.0,3,1.0
49912353,Verbreiterung - AB 500-2 TV - 750L,101319,,116.0,73.0,,4,1.0,4,1.0
49912350,Verbreiterung - AB 500-2 TV - 250R,101318,,116.0,73.0,,4,1.0,4,1.0
49912347,Verbreiterung - AB 500-2 TV - 750R,101317,,116.0,73.0,,4,1.0,4,1.0
49912344,Verbreiterung - AB 500-2 TV - 250L,101316,,116.0,73.0,,4,1.0,4,1.0
49912315,Super 1600-2,11822620,18030,116.0,71.0,,4,1.0,4,1.0
49911403,"TS - 120 HC, L=5,00 m",101314,,69.0,93.0,,4,1.0,3,1.0
49911400,"TS - 120 HC, L=2,50 m",101313,,69.0,93.0,,4,1.0,3,1.0
49911397,"TS - 120 HC, L=2,50 m",101312,,69.0,93.0,,4,1.0,4,1.0
49886987,M 320-07A,CAT0M320LKE400205,,18.0,8.0,30.0,3,2.0,2,2.0
49876525,W 100 F,08100833,18029,121.0,64.0,,4,1.0,3,1.0
49876356,W 150,05130184,18028,121.0,64.0,,4,1.0,3,1.0
49875894,W 150,05130183,18027,121.0,64.0,,4,1.0,3,1.0
49841554,MB 1500,DEQ221622,,31.0,17.0,76.0,3,2.0,3,1.0
49720928,613 M Serie E,61301306,,96.0,94.0,209.0,3,2.0,3,1.0
49701340,912 GS,15488,,49.0,42.0,122.0,4,2.0,3,1.0
49699858,EW65,WNCE1402VPAL02905,,117.0,8.0,24.0,3,2.0,3,1.0
49698945,C807s,5957,,11.0,42.0,120.0,3,2.0,3,1.0
49690511,SG 3540,00285,,26.0,16.0,64.0,3,2.0,3,1.0
49663501,V6 X1,V06221396X1,,78.0,18.0,81.0,3,2.0,3,1.0
49631334,Gabel - 906/907/908,2021319020,,18.0,39.0,115.0,3,2.0,3,1.0
49631323,Klappschaufel - 906/907/908,202203038,,18.0,38.0,114.0,4,1.0,4,1.0
49631320,906 M,CAT00906AHZ600278,,18.0,37.0,108.0,3,2.0,3,1.0
49629563,Gabel - 906/907/908,2021319021,,18.0,39.0,115.0,3,2.0,3,1.0
49629552,Klappschaufel - 906/907/908,202203040,,18.0,38.0,114.0,3,2.0,3,1.0
49629549,906 M,CAT00906CHZ600262,,18.0,37.0,108.0,3,2.0,3,1.0
49626031,35 Dual PowerMaster Typ 2300,107803,,10.0,40.0,116.0,4,1.0,4,1.0
49552739,Gabel - 906/907/908,2021319019,,18.0,39.0,115.0,3,2.0,3,1.0
49552728,Klappschaufel - 906/907/908,202203039,,18.0,38.0,114.0,3,2.0,3,1.0
49552725,906 M,CAT00906KHZ600260,,18.0,37.0,108.0,3,2.0,3,1.0
49550584,Gabel - 906/907/908,2021319025,,18.0,39.0,115.0,4,1.0,4,1.0
49550573,Klappschaufel - 906/907/908,202203041,,18.0,38.0,114.0,3,2.0,3,1.0
49550568,906 M,CAT00906LHZ600279,,18.0,37.0,108.0,3,2.0,3,1.0
49547500,Gabel - 906/907/908,2021319015,,18.0,39.0,115.0,3,2.0,3,1.0
49547489,Klappschaufel - 906/907/908,202203042,,18.0,38.0,114.0,3,2.0,3,1.0
49547486,906 M,CAT00906THZ600255,,18.0,37.0,108.0,3,2.0,3,1.0
48910879,Schnellwechsler - MS 03 - hydraulisch,2219422,,41.0,,,4,1.0,3,1.0
48897630,Verbreiterung - AB 600-3 TP2 - 750R,58VB1030R,,116.0,73.0,195.0,3,2.0,3,1.0
48897621,Verbreiterung - AB 600-3 TP2 - 750R,58VB1031R,,116.0,73.0,195.0,3,2.0,3,1.0
48897612,Verbreiterung - AB 600-3 TP2 - 750L,58VB1031L,,116.0,73.0,195.0,3,2.0,3,1.0
48897603,Verbreiterung - AB 600-3 TP2 - 750L,58VB1030L,,116.0,73.0,195.0,3,2.0,3,1.0
48897594,Verbreiterung - AB 600-3 TP2 - 250R,54VB2638R,,116.0,73.0,195.0,3,2.0,3,1.0
48897585,Verbreiterung - AB 600-3 TP2 - 250L,54VB2638L,,116.0,73.0,195.0,3,2.0,3,1.0
48897556,Super 1900-3i,08192695,,116.0,71.0,190.0,3,2.0,3,1.0
48866843,"GTS - 256 HC 4/4, L= 12,42 m",101275,,69.0,93.0,,4,1.0,3,1.0
48866840,"GTS - 256 HC, L= 8,85 m",101274,,69.0,93.0,,4,1.0,3,1.0
48866837,UW - 256 HC,101273,,69.0,93.0,,4,1.0,3,1.0
48866834,"TS - 256 HC, L=4,14 m",101272,,69.0,93.0,,4,1.0,3,1.0
48866831,"TS - 256 HC, L=4,14 m",101271,,69.0,93.0,,4,1.0,3,1.0
48866827,"TS - 256 HC, L=4,14 m",101270,,69.0,93.0,,4,1.0,3,1.0
48866807,250 EC-B 12 Litronic,46226,18020,69.0,92.0,,4,1.0,3,1.0
48865090,13001 - 1,138902,,35.0,2.0,4.0,3,2.0,2,2.0
48865087,12000 - 1,0149271,,35.0,2.0,4.0,3,2.0,2,2.0
48811825,BM 500/15,101882091010,,14.0,63.0,170.0,3,2.0,2,2.0
48805416,BW 100 AC,101880011043,18018,14.0,60.0,,4,1.0,3,1.0
48805388,GRL 1200 - MS 03,101264,,80.0,14.0,,4,1.0,3,1.0
48805373,TL 700 - MS 03,101263,,80.0,9.0,,4,1.0,3,1.0
48805358,TL 350 - MS 03,101262,,80.0,9.0,,4,1.0,3,1.0
48805343,TL 300 - MS 03,101261,,80.0,9.0,,4,1.0,3,1.0
48805307,50Z3,AC02527,18017,80.0,5.0,,4,1.0,3,1.0
48726741,C810s/B,205405,,11.0,42.0,121.0,3,2.0,2,2.0
48692477,"UW - 120 HC - 4,60 x 4,60 m",101177,,69.0,93.0,,4,1.0,4,1.0
48692474,"GTS - 140 HC, L= 10 m",101176,,69.0,93.0,,4,1.0,3,1.0
48692471,"TS - 120 HC, L=10,00 m",101175,,69.0,93.0,,4,1.0,3,1.0
48692463,112 EC-H 8 Litronic,46504,18019,69.0,92.0,,4,1.0,3,1.0
48690279,302.7CR-07A,CAT03027ACZ602405,,18.0,5.0,11.0,4,1.0,4,1.0
48247264,Materialkübel extern,1000023022,,27.0,69.0,177.0,3,2.0,3,1.0
48247242,MF 2500CS STG V 2019,NG004330,,27.0,67.0,174.0,3,2.0,3,1.0
48222920,BW 174 AP-4f,101870951055,,14.0,59.0,158.0,3,2.0,2,2.0
48221786,613 M Serie E,61301336,,96.0,94.0,209.0,3,2.0,2,2.0
48114083,BW 11 RH,101538711007,,14.0,62.0,,1,,3,2.0
48099913,"TS - 256 HC, L=4,14 m",101165,,69.0,93.0,,4,1.0,3,1.0
48011719,Verbreiterung AB 500-2 / AB 600-2 TP1 - 750R,31 VB 0885 R,18015,116.0,73.0,,4,1.0,3,1.0
48011716,Verbreiterung AB 500-2 / AB 600-2 TP1 - 750L,31 VB 0885 L,18015,116.0,73.0,,4,1.0,3,1.0
48011713,Universal 1200 S,W0921321921B19001,18010,15.0,81.0,,4,1.0,3,1.0
48011710,Kantenhacker 507,1014,18014,64.0,122.0,,4,1.0,3,1.0
47865725,BOMAP,19096488,,14.0,79.0,201.0,3,2.0,3,1.0
47865722,BOMAP,19102046,,14.0,79.0,201.0,3,2.0,3,1.0
47865719,BOMAP,19102021,,14.0,79.0,201.0,3,2.0,3,1.0
47861517,Verbreiterung V 5100 TVE - 750R,101157,,27.0,73.0,,4,1.0,3,1.0
47861514,Verbreiterung V 5100 TVE - 750L,101156,,27.0,73.0,,4,1.0,3,1.0
47861485,SD 2500 C,10002116E0G000915,18016,27.0,71.0,,4,1.0,3,1.0
47859633,633 R Serie E,6335516,,96.0,95.0,213.0,3,2.0,3,1.0
47832272,Vulkolanplatte - CF 3 Hd,,,118.0,52.0,141.0,3,2.0,3,1.0
47832251,CF 3-II Hd,20076445,,118.0,51.0,134.0,3,2.0,3,1.0
47665543,FO 62,101148,,14.0,66.0,173.0,3,2.0,3,1.0
47616294,FO 27,101147,,14.0,66.0,173.0,4,1.0,3,1.0
47616239,FO 29,101146,,14.0,66.0,173.0,3,2.0,3,1.0
47616019,FO 29,101145,,14.0,66.0,173.0,4,1.0,3,1.0
47479546,Verbreiterung - V 6000 TVE - 1x750,1000020440L,,27.0,73.0,195.0,3,2.0,3,1.0
47479543,Verbreiterung - V 6000 TVE - 1x750,1000020441R,,27.0,73.0,195.0,3,2.0,3,1.0
47460603,"UW - 120 HC - 4,60 x 4,60 m",101142,,69.0,93.0,,4,1.0,3,1.0
47458683,303.5CR-07A,CAT03035JCE901134,,18.0,5.0,13.0,3,2.0,3,1.0
47408233,302.7CR-07A,CAT03027ECZ601842,,18.0,5.0,11.0,3,2.0,3,1.0
47378022,"TS - 256 HC, L=2,07 m",101139,,69.0,93.0,,4,1.0,3,1.0
47378014,"TS - 256 HC, L=2,07 m",101138,,69.0,93.0,,4,1.0,3,1.0
47378011,"TS - 256 HC, L=4,14 m",101137,,69.0,93.0,,4,1.0,3,1.0
47378008,"TS - 256 HC, L=4,14 m",101136,,69.0,93.0,,4,1.0,3,1.0
47378005,"TS - 256 HC, L=4,14 m",101135,,69.0,93.0,,4,1.0,3,1.0
47378002,"TS - 256 HC, L=4,14 m",101134,,69.0,93.0,,4,1.0,3,1.0
47377999,"GTS - 256 HC, L= 12,42 m",101133,,69.0,93.0,,4,1.0,3,1.0
47377996,UW - 256 HC,101132,,69.0,93.0,,4,1.0,3,1.0
47377976,280 EC-H 12 Litronic,47108,18011,69.0,92.0,,4,1.0,3,1.0
47307842,SBF 24 L,02471,18007,102.0,109.0,,4,1.0,3,1.0
47307839,Bindemittelstreuer RW8000,2430,18006,105.0,110.0,,4,1.0,1,1.0
47307836,Bindemittelstreuer HSM,25004216,18005,47.0,110.0,,4,1.0,3,1.0
47307833,7810,RW7810R033429,18008,23.0,121.0,,4,1.0,3,1.0
47172756,301.8-05A,CAT03018LH8X07745,,18.0,5.0,9.0,4,1.0,3,1.0
47150301,BW 154 AP-4v AM,101870841301,,14.0,59.0,156.0,3,2.0,2,2.0
47150298,BW 154 AP-4v AM,101870841304,,14.0,59.0,156.0,3,2.0,2,2.0
47094753,PC 228,41104,18009,58.0,7.0,,4,1.0,3,1.0
47080553,613 M,613.0.1195,,96.0,94.0,209.0,3,2.0,2,2.0
47075894,RoadScan,2594343,,116.0,77.0,199.0,3,,2,2.0
47055445,643 R,643.5.133,18003,96.0,95.0,,4,1.0,3,1.0
46914922,172 EC-B 8 Litronic,55299,17990,69.0,92.0,,4,1.0,3,1.0
46895817,Verbreiterung V 1300 V - 175R,3031104R,,27.0,73.0,195.0,3,2.0,3,1.0
46895811,Verbreiterung V 1300 V - 175L,3031104L,,27.0,73.0,195.0,3,2.0,3,1.0
46895784,F80W,3031104,,27.0,70.0,178.0,3,2.0,3,1.0
46823920,906 M,H6600871,300398,18.0,37.0,108.0,4,,3,2.0
46823374,Navitronic Plus - 3,101111,,116.0,78.0,200.0,3,2.0,3,1.0
46821559,906 M,H6600158,300335,18.0,37.0,108.0,4,1.0,4,1.0
46802382,Gabel - 8180,101110,,60.0,39.0,115.0,3,2.0,2,2.0
46802379,Standardschaufel - 8180,0743303200794,,60.0,38.0,113.0,3,2.0,2,2.0
46802376,8180,WNK35505TLSKF0300,,60.0,37.0,110.0,3,2.0,2,2.0
46798144,SB 102,BES163561,,31.0,17.0,69.0,3,2.0,3,1.0
46757909,643 R,8643.5.133,17920,96.0,95.0,,4,1.0,2,1.0
46742639,HD 10 C VT,H1994894,,39.0,60.0,165.0,1,,3,2.0
46683494,302.7CR-07A,CAT03027CCZ601812,,18.0,5.0,11.0,3,2.0,3,1.0
46641939,Model S 75D,,,107.0,,,4,1.0,3,1.0
46637869,W 1500,08200460,17989,121.0,64.0,,4,1.0,4,1.0
46626164,HBOX+ M5,221003132,,44.0,4.0,7.0,3,2.0,3,1.0
46622347,Verbreiterung V 240 TV - 350L,,,27.0,73.0,,4,1.0,3,1.0
46622331,Verbreiterung V 240 TV - 350R,,,27.0,73.0,,4,1.0,3,1.0
46622303,F 1200 CS,GG001933,17988,27.0,71.0,,4,1.0,3,1.0
46529431,WPP 1550,WPP1550,,117.0,51.0,132.0,1,,3,2.0
46492622,UW - 256 HC,101097,,69.0,93.0,,4,1.0,3,1.0
46492619,"TS - 256 HC, L=4,14 m",101096,,69.0,93.0,,4,1.0,3,1.0
46492616,"TS - 256 HC, L=4,14 m",101095,,69.0,93.0,,4,1.0,3,1.0
46492613,"TS - 256 HC, L=4,14 m",101094,,69.0,93.0,,4,1.0,3,1.0
46492610,"GTS - 256 HC, L= 12,42 m",101093,,69.0,93.0,,4,1.0,3,1.0
46492590,280 EC-H 12 Litronic,45624,17986,69.0,92.0,,4,1.0,3,1.0
46419685,BOMAP,18925767,,14.0,79.0,,3,2.0,2,2.0
46419636,BOMAP,18925587,,14.0,79.0,,3,2.0,2,2.0
46384535,Super 1600-3i,15820498,,116.0,,,1,,3,2.0
46381200,613 M,61301146,,96.0,94.0,209.0,4,1.0,3,1.0
46363124,Schnellwechsler - MS 03,2214793,,41.0,,,4,1.0,3,1.0
46362921,GRL 1500,2214794,,41.0,14.0,52.0,4,1.0,3,1.0
46356836,"TS - 256 HC, L=4,14 m",101085,,69.0,93.0,,4,1.0,3,1.0
46356828,"TS - 256 HC, L=12,42 m",101084,,69.0,93.0,,4,1.0,3,1.0
46356825,"GTS - 256 HC , L= 12,42m",101083,,69.0,93.0,,4,1.0,3,1.0
46356822,UW TS - 256 HC,101082,,69.0,93.0,,4,1.0,3,1.0
46356802,Kabine mit Drehbühne - 245 EC-H 12,45488,17984,69.0,92.0,,4,1.0,3,1.0
46355680,"TS - 256 HC, L=4,14 m",101080,,69.0,93.0,,4,1.0,3,1.0
46355672,"TS - 256 HC, L=2,07 m",101079,,69.0,93.0,,4,1.0,3,1.0
46355652,280 EC-H 12 Litronic,47851,17983,69.0,92.0,,4,1.0,3,1.0
46340030,"Focus Turnier Titanium, 2.0 TDCI PDF Start-Stopp",,,32.0,,,4,1.0,4,1.0
46282564,W 210,13200062,17985,121.0,64.0,,4,1.0,3,1.0
46267499,8820,882017697,17981,114.0,71.0,,4,1.0,3,1.0
46264149,"TS - 170 HC, L=4,14 m",101074,,69.0,93.0,,4,1.0,3,1.0
46264146,"TS - 170 HC, L=12,42 m",101073,,69.0,93.0,,4,1.0,3,1.0
46264143,"GTS - 170 HC, L= 9,60 m",101072,,69.0,93.0,,4,1.0,3,1.0
46264140,UW TS - 170 HC,101071,,69.0,93.0,,4,1.0,3,1.0
46264120,Kabine mit Drehbühne - 200 EC-H 10,46671,17977,69.0,92.0,,4,1.0,3,1.0
46263777,UW TS - 170 HC,101069,,69.0,93.0,,4,1.0,3,1.0
46263774,"TS - 170 HC, L=4,14 m",101068,,69.0,93.0,,4,1.0,3,1.0
46263771,"TS - 170 HC, L=12,42 m",101067,,69.0,93.0,,4,1.0,3,1.0
46263768,"GTS - 170 HC, L= 9,60 m",101066,,69.0,93.0,,4,1.0,3,1.0
46263748,Kabine mit Drehbühne - 200 EC-H 10,47125,17976,69.0,92.0,,4,1.0,3,1.0
46242659,WR 2400,05WR0087,17980,121.0,109.0,,4,1.0,4,1.0
46207645,Gabel - 906/907/908,2021319012,,18.0,39.0,115.0,4,1.0,3,1.0
46207634,Klappschaufel - 906/907/908,202112003,,18.0,38.0,114.0,3,2.0,3,1.0
46207631,906 M,CAT0906MAK5602652,,18.0,37.0,108.0,3,2.0,3,1.0
46143941,"TS - 256 HC, L=12,42 m",101060,,69.0,93.0,,4,1.0,3,1.0
46143938,UW - 256 HC,101059,,69.0,93.0,,4,1.0,3,1.0
46143935,"GTS - 256 HC, L= 12,42m",101058,,69.0,93.0,,4,1.0,3,1.0
46143915,280 EC-H 12 Litronic,49353,17978,69.0,92.0,,4,1.0,3,1.0
46102534,W 1500,08200546,17979,121.0,64.0,,4,1.0,4,1.0
46088643,"Vulkolanplatte - CF 2-II, CF 2A",101051,,118.0,52.0,141.0,3,2.0,3,1.0
46088623,CF 2-II Hd,20074840,,118.0,51.0,133.0,3,2.0,3,1.0
45951270,MC 85,20074349,,118.0,55.0,144.0,3,2.0,3,1.0
45886308,SW 6500,3200055,,27.0,68.0,176.0,3,2.0,3,1.0
45878347,TL 600,12546,,1.0,9.0,33.0,3,,2,2.0
45866178,Verbreiterung - AB 220-3 TV - 500R,65VB1092R,,116.0,73.0,195.0,4,1.0,3,1.0
45866173,Verbreiterung - AB 220-3 TV - 500L,65VB1092L,,116.0,73.0,195.0,4,1.0,3,1.0
45866145,Super 800i,09900718,,116.0,71.0,182.0,4,1.0,3,1.0
45848204,TCR50-2,305400080,,106.0,43.0,124.0,4,1.0,3,1.0
45837006,TB 228,122804260,,106.0,5.0,11.0,1,,3,2.0
45782947,Typ 90 A 3T,1224723,,4.0,50.0,131.0,3,2.0,3,1.0
45774135,GRL 1000,0492101,,123.0,14.0,51.0,3,2.0,2,2.0
45761348,W 200,12200141,17954,121.0,64.0,,4,1.0,3,1.0
45761154,W 150,05130279,17953,121.0,64.0,,4,1.0,3,1.0
45760922,W 35 DC,04030692,17949,121.0,63.0,,4,1.0,3,1.0
45760865,W 35 DC,04030359,17948,121.0,63.0,,4,1.0,4,1.0
45727103,GRL 1400,318083,,123.0,14.0,52.0,3,2.0,2,2.0
45617924,XAS 65,YA306239320399211,,7.0,,,1,,3,2.0
45617546,"TS - 170 HC, L=4,14 m",101033,,69.0,93.0,,4,1.0,3,1.0
45559382,SD 2500 CS,10002155TNG004197,,27.0,71.0,189.0,4,2.0,4,1.0
45491717,XAS 65,YA304701700240293,,7.0,80.0,,1,,3,2.0
45491526,SKL 823,823S1064,,95.0,37.0,108.0,1,,3,2.0
45490010,315-07C,CAT00315JWKX20330,,18.0,7.0,19.0,3,2.0,3,1.0
45486658,UKM 2.0 Multi,892200,,100.0,40.0,116.0,4,1.0,3,1.0
45435830,30 Dual PowerMaster Typ 2050,106571,,10.0,40.0,116.0,3,2.0,3,1.0
45414119,SB 202 S,BES157401,,31.0,17.0,70.0,3,2.0,3,1.0
45394915,Super 1800-2 Sprayjet,11823522,17974,116.0,71.0,,4,1.0,3,1.0
45381182,"GTS - 256 HC 4/4, L= 12,42 m",,17972,69.0,93.0,,4,1.0,3,1.0
45381179,"GTS - 180 HC 4/4, L= 12,42 m",101023,17971,69.0,93.0,,4,1.0,3,1.0
45346514,MB 750 CLII,DEQ220390,,31.0,17.0,74.0,3,2.0,3,1.0
45292773,BW 138 AC,101650151209,,14.0,,155.0,1,,3,2.0
45290713,H 13 i,WGH0H234AHAA00964,17969,39.0,56.0,146.0,4,1.0,3,1.0
45275514,QAS 20,ESF352516,,7.0,,7.0,1,,3,2.0
45274321,G 600,222010202,,59.0,15.0,60.0,3,2.0,3,1.0
45271590,Verbreiterung - AB 600-3 TV - 750R,55VB7612R,,116.0,73.0,195.0,4,2.0,4,1.0
45271581,Verbreiterung - AB 600-3 TV - 750L,55VB7612L,,116.0,73.0,195.0,4,2.0,4,1.0
45271553,Super 1800-3i,14824244,,116.0,71.0,185.0,4,1.0,3,1.0
45230049,GS-2646 E-Drive,GS46D-20436,,36.0,88.0,207.0,3,2.0,3,1.0
45218181,TB 1140,51410122,,106.0,,19.0,1,,3,2.0
45197400,BW 174 AP-4v AM,101870211163,,14.0,59.0,160.0,3,2.0,2,2.0
45160023,L 508 C,1580-044280,,69.0,,109.0,1,,3,2.0
45095938,Gabel - 906/907/908,2021319016,,18.0,39.0,115.0,3,2.0,3,1.0
45095935,Gabel - 906/907/908,2021319013,,18.0,39.0,115.0,3,2.0,3,1.0
45095924,Klappschaufel - 906/907/908,202112007,,18.0,38.0,114.0,3,2.0,3,1.0
45095913,Klappschaufel - 906/907/908,202112005,,18.0,38.0,114.0,3,2.0,3,1.0
45095910,906 M,CAT0906MTK5602660,,18.0,37.0,108.0,4,1.0,4,1.0
45095907,906 M,CAT0906MPK5602658,,18.0,37.0,108.0,3,2.0,3,1.0
45085828,112 EC-B,40515,17967,69.0,92.0,,4,1.0,3,1.0
45085539,Klettereinrichtung - 120 HC,101003,,69.0,93.0,,4,1.0,3,1.0
45085519,99 EC,40616,17959,69.0,92.0,,4,1.0,4,1.0
45081747,ECR 145 EL,VCECR145V00310699,,114.0,7.0,,1,,3,2.0
45081637,G 800,222010203,,59.0,15.0,62.0,4,1.0,3,1.0
45081634,G 600,222010201,,59.0,15.0,60.0,3,2.0,3,1.0
45069777,TL 300,1161109011,,1.0,9.0,31.0,3,2.0,2,2.0
45069774,GRL 800 starr,L-665820,,1.0,13.0,46.0,3,2.0,2,2.0
45069771,TB 216 SLSA,216009084,,106.0,5.0,9.0,3,2.0,2,2.0
45064589,GRL 1000 starr,1912502,,1.0,13.0,46.0,3,,2,2.0
45063407,GRL 1200,CW05,,1.0,14.0,52.0,3,,2,2.0
44989980,HC 450,BES150704,,31.0,18.0,81.0,3,2.0,3,1.0
44986742,Gabel - 906/907/908,2021319011,,18.0,39.0,115.0,4,1.0,3,1.0
44986731,Klappschaufel - 906/907/908,202112004,,18.0,38.0,114.0,4,1.0,3,1.0
44986728,906 M,CAT0906MTK5602657,,18.0,37.0,108.0,4,1.0,3,1.0
44968889,KX080-4alpha2,KBCDZ84BKN3A77468,,66.0,6.0,16.0,3,2.0,3,1.0
44952376,"TS - 500 HC, L=5,8 m",100988,,69.0,93.0,,4,1.0,3,1.0
44952373,"TS - 500 HC, L=5,8 m",100987,,69.0,93.0,,4,1.0,3,1.0
44952370,"TS - 500 HC, L=5,8 m",100986,,69.0,93.0,,4,1.0,3,1.0
44952367,"TS - 500 HC, L=5,8 m",100985,,69.0,93.0,,4,1.0,3,1.0
44952364,"TS - 500 HC, L=5,8 m",100984,,69.0,93.0,,4,1.0,3,1.0
44951694,KX080-4alpha2,KBCDZ84BJN3A77472,,66.0,6.0,16.0,3,2.0,3,1.0
44911663,730 C,CAT00730EB1M01463,17965,18.0,42.0,,4,1.0,3,1.0
44911440,WR 2400,05WR0055,17964,121.0,109.0,,4,1.0,3,1.0
44890873,SW 4500,100980,,27.0,68.0,176.0,4,1.0,3,1.0
44890864,Materialkübel extern,3240779,100979,27.0,69.0,177.0,4,1.0,3,1.0
44890855,Materialkübel extern,CC451579,100978,27.0,69.0,177.0,4,1.0,3,1.0
44890741,MF 2500 CS,G000974,17966,27.0,67.0,174.0,4,1.0,3,1.0
44878649,Gabel - 906/907/908,2021319008,,18.0,39.0,115.0,3,2.0,3,1.0
44878638,Klappschaufel - 906/907/908,202112006,,18.0,38.0,114.0,3,2.0,3,1.0
44878635,906 M,CAT0906MPK5602661,,18.0,37.0,108.0,3,2.0,3,1.0
44808690,3503,WNCE0307APAL00369,,117.0,,,1,,3,2.0
44792157,Liebherr - 150 EC-B 8 Litronic,L22466,17963,69.0,92.0,,4,1.0,3,1.0
44791624,W 200,12200140,17955,121.0,64.0,,4,1.0,3,1.0
44791559,W 100 Fi,13100098,17957,121.0,64.0,,4,1.0,3,1.0
44791509,W 200,12200256,17956,121.0,64.0,,4,1.0,3,1.0
44777221,Gabel - 906/907/908,2021319014,,18.0,39.0,115.0,3,2.0,3,1.0
44777210,Klappschaufel - 906/907/908,202112002,,18.0,38.0,114.0,4,1.0,3,1.0
44777207,906 M,CAT0906MAK5602649,,18.0,37.0,108.0,4,1.0,3,1.0
44775983,L1-24,LE 23216,17938,69.0,91.0,,4,1.0,3,1.0
44744195,W 2000,06201094,17962,121.0,64.0,,4,1.0,3,1.0
44744192,W 100 F,08101099,17961,121.0,64.0,,4,1.0,3,1.0
44705234,301.7 D,CAT3017DHLJH03426,,18.0,5.0,9.0,3,,2,2.0
44679854,GRL 1600 starr,L098646,,1.0,14.0,53.0,3,2.0,2,2.0
44679851,TW 295 W,190400189,,106.0,8.0,25.0,3,2.0,2,2.0
44662251,U10-5,KBCAZ16BVM3H10755,,66.0,5.0,8.0,4,1.0,3,1.0
44661554,U10-5,KBCAZ16BTM3L11169,,66.0,5.0,8.0,3,2.0,3,1.0
44648479,Verbreiterung - AB 220-3 TV - 500R,65VB1072R,,116.0,73.0,195.0,4,1.0,3,1.0
44648474,Verbreiterung - AB 220-3 TV - 500L,65VB1072L,,116.0,73.0,195.0,4,1.0,3,1.0
44648446,Super 800i,09900664,,116.0,71.0,182.0,4,1.0,3,1.0
44648310,Gabel - MT 625,FEM221032022,,72.0,101.0,222.0,3,2.0,3,1.0
44645930,Super 800,0790 1666,300132,116.0,71.0,,4,1.0,3,1.0
44608926,KX060-5 Typ L,KBCDZ37BLM3C11576,,66.0,6.0,15.0,3,2.0,3,1.0
44590926,Verbreiterung V 1300 V - 175R,3019483R,,27.0,73.0,195.0,4,1.0,4,1.0
44590920,Verbreiterung V 1300 V - 175L,3019483L,,27.0,73.0,195.0,4,1.0,4,1.0
44590893,F80W,3019483,,27.0,70.0,178.0,4,1.0,4,1.0
44589321,325-07B,TEL11287,,18.0,7.0,21.0,3,2.0,3,1.0
44588959,W 100 F,08100780,17951,121.0,64.0,,4,1.0,3,1.0
44588137,W 130 F,08101132,17952,121.0,64.0,,4,1.0,3,1.0
44588049,W 100 Fi,13100069,17950,121.0,64.0,,4,1.0,3,1.0
44578926,Verbreiterung - AB 600-3 TV - 750R,55VB7445R,,116.0,73.0,195.0,3,2.0,3,1.0
44578917,Verbreiterung - AB 600-3 TV - 750L,55VB7445L,,116.0,73.0,195.0,3,2.0,3,1.0
44578889,Super 1800-3i,14824175,18076,116.0,71.0,185.0,4,1.0,3,1.0
44575198,907 M,H7701761,300632,18.0,37.0,107.0,1,,3,2.0
44574400,"TS - 170 HC, L=4,14 m",100930,,69.0,93.0,,4,1.0,3,1.0
44574397,"TS - 170 HC, L=4,14 m",100929,,69.0,93.0,,4,1.0,3,1.0
44574394,"TS - 170 HC, L=4,14 m",100928,,69.0,93.0,,4,1.0,3,1.0
44574391,"TS - 170 HC, L=4,14 m",100927,,69.0,93.0,,4,1.0,3,1.0
44574388,"TS - 256 HC, L=4,14 m",100926,,69.0,93.0,,4,1.0,3,1.0
44574385,"TS - 256 HC, L=4,14 m",100925,,69.0,93.0,,4,1.0,3,1.0
44574382,"TS - 256 HC, L=4,14 m",100924,,69.0,93.0,,4,1.0,3,1.0
44574039,Verbreiterung - AB 340-3 TV - 550R,61VB0512R,,116.0,73.0,195.0,3,2.0,3,1.0
44574036,Verbreiterung - AB 340-3 TV - 550L,61VB0512L,,116.0,73.0,195.0,3,2.0,3,1.0
44574008,Super 1300-3i,14110574,,116.0,71.0,183.0,3,2.0,3,1.0
44546720,MG 500 R,DEQ216638,,31.0,16.0,67.0,3,2.0,3,1.0
44546483,MG 1500 R,DEQ226039,,31.0,16.0,68.0,3,2.0,3,1.0
44546304,SB 452,BES156497,,31.0,17.0,73.0,3,2.0,3,1.0
44472292,132 EC-H 8 Litronic,42401,17939,69.0,92.0,,4,1.0,3,1.0
44469537,BW 100 AD-5,101880561104,,14.0,59.0,154.0,3,2.0,3,1.0
44452986,Verbreiterung - AB 220-3 TV - 500R,65VB1067R,,116.0,73.0,195.0,4,1.0,4,1.0
44452981,Verbreiterung - AB 220-3 TV - 500L,65VB1067L,,116.0,73.0,195.0,4,1.0,4,1.0
44452953,Super 800i,09900649,,116.0,71.0,182.0,4,1.0,3,1.0
44405783,HD+ 140i VV,WHG0H274CHAA00172,,39.0,59.0,161.0,3,2.0,3,1.0
44364134,643 R Serie D,643.5.405,,96.0,95.0,214.0,1,,3,2.0
44344969,Super 1800-3i,14821751,,116.0,71.0,185.0,1,,3,2.0
44342552,BW 177 D-5,101587381049,,14.0,56.0,145.0,4,1.0,4,1.0
44303181,643 R Serie E,6435588,,96.0,95.0,214.0,3,,3,2.0
44288468,Verbreiterung - AB 600-3 TV - 750R,55VB7364R,,116.0,73.0,195.0,4,1.0,4,1.0
44288459,Verbreiterung - AB 600-3 TV - 750L,55VB7364L,,116.0,73.0,195.0,4,1.0,4,1.0
44288431,Super 1900-3i,08192541,,116.0,71.0,189.0,4,2.0,4,1.0
44286973,CAT 303.5CR-07A,CAT3035EVRKYO06588,,18.0,5.0,13.0,3,2.0,2,2.0
44277241,613 R,6135777,,96.0,95.0,212.0,3,,2,2.0
44276598,Verbreiterung - AB 600-3 TV - 750R,55VB7367R,,116.0,73.0,195.0,4,1.0,3,1.0
44276589,Verbreiterung - AB 600-3 TV - 750L,55VB7367L,,116.0,73.0,195.0,4,1.0,3,1.0
44276561,Super 1800-3i,14824098,,116.0,71.0,185.0,4,1.0,3,1.0
44272505,BW 213 D-5,101587191329,,14.0,56.0,146.0,3,2.0,3,1.0
44258721,SRV 590-II,20067791,,118.0,53.0,142.0,3,2.0,3,1.0
44258706,SRV 590-II,20067786,,118.0,53.0,142.0,3,2.0,3,1.0
44258685,CR 7 MDM,20068599,,118.0,51.0,138.0,3,2.0,3,1.0
44242780,TL 600,2202083,,41.0,9.0,32.0,3,2.0,3,1.0
44242766,TL 600,2202082,,41.0,9.0,32.0,3,2.0,3,1.0
44242753,GRL 800,2202053,,41.0,14.0,51.0,3,2.0,3,1.0
44242740,GRL 800,2202052,,41.0,14.0,51.0,3,2.0,3,1.0
44242727,GRL 800,2202051,,41.0,14.0,51.0,3,2.0,3,1.0
44240049,C 38 G,WCA1C201021480054,17947,20.0,80.0,,4,1.0,3,1.0
44240046,TM 800 SH,FS35222H,17946,120.0,81.0,,4,1.0,3,1.0
44240022,BW 154 ACP-4 AM,101870622079,17944,14.0,60.0,167.0,4,1.0,3,1.0
44239998,BW 154 AP-4 AM,101870602235,17945,14.0,59.0,,4,1.0,3,1.0
44208511,BW 154 APO-4i,101870161006,,14.0,59.0,156.0,4,2.0,4,1.0
44190955,SL 1200,2203194,,41.0,12.0,44.0,3,2.0,3,1.0
44190942,GRL 1600,2202091,,41.0,14.0,55.0,3,2.0,3,1.0
44190929,GRL 1600,2202090,,41.0,14.0,55.0,3,2.0,3,1.0
44190919,TL 1200,2203193,,41.0,9.0,35.0,3,2.0,3,1.0
44190910,TL 1000,2203192,,41.0,9.0,35.0,3,2.0,3,1.0
44190899,TL 800,2203195,,41.0,9.0,35.0,3,2.0,3,1.0
44190886,TL 600,2203190,,41.0,9.0,35.0,3,2.0,3,1.0
44190876,TL 600,2203191,,41.0,9.0,35.0,3,2.0,3,1.0
44190859,TL 500,2203189,,41.0,9.0,35.0,3,2.0,3,1.0
44190841,SL 1000,2202089,,41.0,12.0,42.0,3,2.0,3,1.0
44190828,GRL 1400 starr,2202087,,41.0,13.0,47.0,3,2.0,3,1.0
44190812,GRL 1400 starr,2202088,,41.0,13.0,47.0,4,1.0,4,1.0
44190799,GRL 1400 starr,2202086,,41.0,13.0,47.0,3,2.0,3,1.0
44190783,GRL 1400 starr,2202085,,41.0,13.0,47.0,3,2.0,3,1.0
44190769,TL 800,2202084,,41.0,9.0,32.0,3,2.0,3,1.0
44190752,TL 600,2202079,,41.0,9.0,32.0,3,2.0,3,1.0
44190738,TL 600,2202081,,41.0,9.0,32.0,3,2.0,3,1.0
44190721,TL 600,2202080,,41.0,9.0,32.0,3,2.0,3,1.0
44190705,TL 400,2202077,,41.0,9.0,32.0,3,2.0,3,1.0
44190690,TL 400,2202078,,41.0,9.0,32.0,3,2.0,3,1.0
44190673,TL 400,2202076,,41.0,9.0,32.0,3,2.0,3,1.0
44190659,TL 400,2202075,,41.0,9.0,32.0,3,2.0,3,1.0
44190642,TL 400,2202074,,41.0,9.0,32.0,3,2.0,3,1.0
44190628,TL 400,2202073,,41.0,9.0,32.0,3,2.0,3,1.0
44190615,SL 600,2202072,,41.0,12.0,41.0,3,2.0,3,1.0
44190599,GRL 1200 starr,2202067,,41.0,13.0,46.0,3,2.0,3,1.0
44190586,GRL 1200 starr,2202068,,41.0,13.0,46.0,3,2.0,3,1.0
44190573,GRL 1200 starr,2202069,,41.0,13.0,46.0,3,2.0,3,1.0
44190557,GRL 1200 starr,2202070,,41.0,13.0,46.0,3,2.0,3,1.0
44190544,GRL 1200 starr,2202071,,41.0,13.0,46.0,4,1.0,3,1.0
44190527,TL 800,2202066,,41.0,9.0,31.0,3,2.0,3,1.0
44190510,TL 600,2202065,,41.0,9.0,31.0,3,2.0,3,1.0
44190493,TL 400,2202064,,41.0,9.0,31.0,3,2.0,3,1.0
44190479,TL 500,2202062,,41.0,9.0,31.0,4,1.0,4,1.0
44190462,TL 500,2202061,,41.0,9.0,31.0,3,2.0,3,1.0
44190445,TL 500,2202063,,41.0,9.0,31.0,3,2.0,3,1.0
44190431,TL 500,2202060,,41.0,9.0,31.0,3,2.0,3,1.0
44190414,TL 500,2202059,,41.0,9.0,31.0,3,2.0,3,1.0
44190397,TL 300,2202057,,41.0,9.0,31.0,3,2.0,3,1.0
44190380,TL 300,2202058,,41.0,9.0,31.0,3,2.0,3,1.0
44190366,TL 300,2202056,,41.0,9.0,31.0,3,2.0,3,1.0
44190349,TL 300,2202055,,41.0,9.0,31.0,3,2.0,3,1.0
44190332,TL 300,2202054,,41.0,9.0,31.0,3,2.0,3,1.0
44190315,TL 500,2202050,,41.0,9.0,31.0,3,2.0,3,1.0
44190298,TL 500,2202049,,41.0,9.0,31.0,3,2.0,3,1.0
44190284,TL 500,2202048,,41.0,9.0,31.0,3,2.0,3,1.0
44190267,TL 300,2202046,,41.0,9.0,31.0,4,1.0,3,1.0
44190250,TL 300,2202047,,41.0,9.0,31.0,3,2.0,3,1.0
44190236,TL 300,2202045,,41.0,9.0,31.0,3,2.0,3,1.0
44174349,BW 174 AP-4v,101870221047,,14.0,59.0,158.0,3,2.0,3,1.0
44174015,"Auslegerzwischenstück - 200 EC-H, L= 5,00 m",100835,,69.0,93.0,,4,1.0,3,1.0
44173920,BW 100 AC-5,101880581094,,14.0,60.0,165.0,3,2.0,3,1.0
44158678,A 25 C,5350V10400,17943,114.0,122.0,,4,1.0,3,1.0
44157717,A 918 Compact,WLHZ1192PZK078131,17942,69.0,8.0,,4,1.0,3,1.0
44144995,CR 9-II MDM,20064566,,118.0,51.0,139.0,3,2.0,3,1.0
44144992,Vulkolanplatte - CR 2,100830,,118.0,52.0,141.0,3,2.0,3,1.0
44144989,CR 2,20067435,,118.0,51.0,135.0,3,2.0,3,1.0
44144926,BW 154 AP-4 AM,101870602163,17941,14.0,59.0,,4,1.0,3,1.0
44144723,BW 154 AP-4 AM,101870602144,17940,14.0,59.0,,4,1.0,3,1.0
44107034,Gabel - 5040,100826,,60.0,39.0,115.0,3,2.0,3,1.0
44107021,Gabel - 5040,100825,,60.0,39.0,115.0,4,1.0,3,1.0
44107006,Standardschaufel - 5040,933301220066,,60.0,38.0,113.0,4,1.0,3,1.0
44106991,Standardschaufel - 5040,933301220179,,60.0,38.0,113.0,3,2.0,3,1.0
44106965,5040,WNK35801VN0000726,,60.0,37.0,106.0,4,1.0,3,1.0
44106939,5040,WNK35801HN0000729,,60.0,37.0,106.0,3,2.0,3,1.0
44105358,CR 9-II MDM,20066112,,118.0,51.0,139.0,3,2.0,3,1.0
44103892,U10-5,KBCAZ16BTM3J10954,,66.0,5.0,8.0,3,2.0,3,1.0
44095600,KC70SL-4,47JK1,,66.0,43.0,123.0,4,1.0,4,1.0
43997516,SL 1200,2202097,,41.0,12.0,45.0,3,2.0,3,1.0
43997502,TL 1200,2202096,,41.0,9.0,37.0,3,2.0,3,1.0
43997487,SL 1200,2202095,,41.0,12.0,45.0,3,2.0,3,1.0
43997474,GRL 1800,2203188,,41.0,14.0,55.0,4,2.0,4,1.0
43997460,TL 1000,2202093,,41.0,9.0,35.0,3,2.0,3,1.0
43997446,TL 1000,2202094,,41.0,9.0,35.0,3,2.0,3,1.0
43993732,BW 100 AC-5,101880581092,,14.0,60.0,165.0,3,2.0,3,1.0
43985799,TB 290,190000928,,106.0,6.0,16.0,1,,3,2.0
43979215,"Kreuz - 120 HC - 3,8 x 3,8 m",100803,,69.0,93.0,,4,1.0,3,1.0
43979212,"TS - 120 HC, L=5,00 m",100802,,69.0,93.0,,4,1.0,3,1.0
43979209,"TS - 120 HC, L=12,50 m",100801,,69.0,93.0,,4,1.0,3,1.0
43979206,"GTS - 120 HC , L= 10 m",100800,,69.0,93.0,,4,1.0,3,1.0
43979186,130 EC-B 8 Fr.tronic,LE20942,17931,69.0,92.0,,4,1.0,3,1.0
43978957,81 K,52692,17932,69.0,91.0,,4,1.0,3,1.0
43969103,BW 177 D-5,101587061545,,14.0,56.0,145.0,4,2.0,4,1.0
43918882,"Vulkolanplatte - CR 4i, CR 5, CR 5-II",100795,,118.0,52.0,141.0,3,2.0,3,1.0
43918861,CR 5-II,20065861,,118.0,51.0,137.0,3,2.0,3,1.0
43918840,CR 5-II,20065865,,118.0,51.0,137.0,4,1.0,3,1.0
43918837,"Vulkolanplatte - CR 3, CR 3-II",100792,,118.0,52.0,141.0,3,2.0,3,1.0
43918816,CR 3-II,20067734,,118.0,51.0,136.0,3,2.0,3,1.0
43918813,"Vulkolanplatte - CF 2-II, CF 2A",100790,,118.0,52.0,141.0,3,2.0,3,1.0
43918793,CF 2-II Hd,20066573,,118.0,51.0,133.0,3,2.0,3,1.0
43918790,CF 1-II Hd,20066429,,118.0,51.0,132.0,3,2.0,3,1.0
43918787,CF 1-II Hd,20067271,,118.0,51.0,132.0,3,2.0,3,1.0
43903273,W 600 DC,0705120031060395,17930,121.0,63.0,,4,1.0,3,1.0
43903270,W 1500,08200470,17929,121.0,64.0,,4,1.0,3,1.0
43903267,W 100 F,08100835,17928,121.0,64.0,,4,1.0,3,1.0
43903264,W 100 F,08100834,17927,121.0,64.0,,4,1.0,3,1.0
43903261,W 100 F,08100395,17926,121.0,64.0,,4,1.0,3,1.0
43903258,W 100 F,08100409,17925,121.0,64.0,,4,1.0,3,1.0
43903255,W 100 F,08100408,17924,121.0,64.0,,4,1.0,3,1.0
43903252,W 100 F,08100063,17923,121.0,64.0,,4,1.0,3,1.0
43880819,ED 1000,4451,,26.0,42.0,118.0,3,2.0,2,2.0
43880802,TB 216 H,H01200201,,106.0,5.0,10.0,3,2.0,2,2.0
43867734,Standardschaufel - MT 625,OC0241,,72.0,100.0,221.0,3,2.0,3,1.0
43867731,Standardschaufel - MT 625,OC0242,,72.0,100.0,221.0,3,2.0,3,1.0
43829357,"TS - 170 HC, L=4,14 m",100774,,69.0,93.0,,4,1.0,4,1.0
43829354,"TS - 170 HC, L=4,14 m",100773,,69.0,93.0,,4,1.0,4,1.0
43829351,"TS - 170 HC, L=4,14 m",100772,,69.0,93.0,,4,1.0,4,1.0
43829348,"TS - 170 HC, L=4,14 m",100771,,69.0,93.0,,4,1.0,4,1.0
43829345,"GTS - 170 HC, L= 9,60 m",100770,,69.0,93.0,,4,1.0,4,1.0
43829342,"UW - 170 HC - 4,5 x 4,5",100769,,69.0,93.0,,4,1.0,4,1.0
43829322,200 EC-H 10 Litronic,47109,17916,69.0,92.0,,4,1.0,4,1.0
43829075,"TS - 256 HC, L=4,14 m",100767,,69.0,93.0,,4,1.0,3,1.0
43829072,"TS - 256 HC, L=4,14 m",100766,,69.0,93.0,,4,1.0,3,1.0
43829069,"TS - 256 HC, L=4,14 m",100765,,69.0,93.0,,4,1.0,3,1.0
43829066,"TS - 256 HC, L=4,14 m",100764,,69.0,93.0,,4,1.0,3,1.0
43829063,"GTS - 256 HC, L= 12,42 m",100763,,69.0,93.0,,4,1.0,3,1.0
43829060,UW - 256 HC,100762,,69.0,93.0,,4,1.0,3,1.0
43829040,280 EC-H 12 Litronic,45159,17914,69.0,92.0,,4,1.0,3,1.0
43819306,"TS - 256 HC, L=4,14 m",100760,,69.0,93.0,,4,1.0,3,1.0
43819303,"TS - 256 HC, L=4,14 m",100759,,69.0,93.0,,4,1.0,3,1.0
43819300,"TS - 256 HC, L=4,14 m",100758,,69.0,93.0,,4,1.0,3,1.0
43819297,"TS - 256 HC, L=4,14 m",100757,,69.0,93.0,,4,1.0,3,1.0
43819294,"GTS - 256 HC, L= 12,42 m",100756,,69.0,93.0,,4,1.0,3,1.0
43819291,UW - 256 HC,100755,,69.0,93.0,,4,1.0,3,1.0
43819271,280 EC-H 12 Litronic,45058,17913,69.0,92.0,,4,1.0,3,1.0
43818981,"TS - 256 HC, L=4,14 m",100753,,69.0,93.0,,4,1.0,3,1.0
43818978,"TS - 256 HC, L=4,14 m",100752,,69.0,93.0,,4,1.0,3,1.0
43818975,"TS - 256 HC, L=4,14 m",100751,,69.0,93.0,,4,1.0,3,1.0
43818972,"TS - 256 HC, L=4,14 m",100750,,69.0,93.0,,4,1.0,3,1.0
43818969,"GTS - 256 HC, L= 12,42 m",100749,,69.0,93.0,,4,1.0,3,1.0
43818966,UW - 256 HC,100748,,69.0,93.0,,4,1.0,3,1.0
43818946,280 EC-H 12 Litronic,44213,17912,69.0,92.0,,4,1.0,3,1.0
43815363,BW 154 ACP-4v,101870871016,,14.0,60.0,166.0,3,2.0,3,1.0
43804588,"TS - 256 HC, L=4,14 m",100745,,69.0,93.0,,4,1.0,3,1.0
43804585,"TS - 256 HC, L=4,14 m",100744,,69.0,93.0,,4,1.0,3,1.0
43804582,"TS - 256 HC, L=4,14 m",100743,,69.0,93.0,,4,1.0,3,1.0
43804579,"TS - 256 HC, L=4,14 m",100742,,69.0,93.0,,4,1.0,3,1.0
43804576,"GTS - 256 HC, L= 12,42 m",100741,,69.0,93.0,,4,1.0,3,1.0
43804573,UW - 256 HC,100740,,69.0,93.0,,4,1.0,3,1.0
43804553,280 EC-H 12 Litronic,43870,17911,69.0,92.0,,4,1.0,3,1.0
43803564,"TS - 256 HC, L=4,14 m",100738,,69.0,93.0,,4,1.0,3,1.0
43803561,"TS - 256 HC, L=4,14 m",100737,,69.0,93.0,,4,1.0,3,1.0
43803558,"TS - 256 HC, L=4,14 m",100736,,69.0,93.0,,4,1.0,3,1.0
43803555,"TS - 256 HC, L=4,14 m",100735,,69.0,93.0,,4,1.0,3,1.0
43803552,"GTS - 256 HC, L= 12,42 m",100734,,69.0,93.0,,4,1.0,3,1.0
43803549,UW - 256 HC,100733,,69.0,93.0,,4,1.0,3,1.0
43803529,280 EC-H 16 Litronic,43763,17915,69.0,92.0,,4,1.0,3,1.0
43803058,"TS - 170 HC, L=4,14 m",100731,,69.0,93.0,,4,1.0,3,1.0
43803055,"TS - 170 HC, L=4,14 m",100730,,69.0,93.0,,4,1.0,3,1.0
43803052,"TS - 170 HC, L=4,14 m",100729,,69.0,93.0,,4,1.0,3,1.0
43803049,"TS - 170 HC, L=4,14 m",100728,,69.0,93.0,,4,1.0,3,1.0
43803046,"TS - 170 HC, L=4,14 m",100727,,69.0,93.0,,4,1.0,3,1.0
43803043,"TS - 170 HC, L=4,14 m",100726,,69.0,93.0,,4,1.0,3,1.0
43803040,"TS - 256 HC, L=4,14 m",100725,,69.0,93.0,,4,1.0,4,1.0
43803037,"TS - 256 HC, L=4,14 m",100724,,69.0,93.0,,4,1.0,4,1.0
43803034,"TS - 256 HC, L=4,14 m",100723,,69.0,93.0,,4,1.0,4,1.0
43803031,"TS - 256 HC, L=4,14 m",100722,,69.0,93.0,,4,1.0,3,1.0
43803028,"TS - 256 HC, L=4,14 m",100721,,69.0,93.0,,4,1.0,3,1.0
43803025,"TS - 256 HC, L=4,14 m",100720,,69.0,93.0,,4,1.0,3,1.0
43803022,"TS - 256 HC, L=4,14 m",100719,,69.0,93.0,,4,1.0,3,1.0
43803019,"TS - 256 HC, L=4,14 m",100718,,69.0,93.0,,4,1.0,3,1.0
43803016,"TS - 256 HC, L=4,14 m",100717,,69.0,93.0,,4,1.0,3,1.0
43790867,Verbreiterung - 350R,100716,,27.0,73.0,195.0,4,1.0,3,1.0
43790864,Verbreiterung - 350L,100715,,27.0,73.0,195.0,4,1.0,3,1.0
43790836,F 121 C,635355,17922,27.0,71.0,,4,1.0,3,1.0
43743459,160 EC-B 8 Litronic,50419,17921,69.0,92.0,,4,1.0,3,1.0
43730781,"TS - 256 HC, L=4,14 m",100712,,69.0,93.0,,4,1.0,3,1.0
43730778,"GTS - 256 HC, L= 12,42 m",100711,,69.0,93.0,,4,1.0,3,1.0
43730775,UW - 256 HC,100710,,69.0,93.0,,4,1.0,3,1.0
43730772,280 EC-H 12 Litronic,43142,17917,69.0,92.0,,4,1.0,3,1.0
43730769,200 EC-H 10 Litronic,45287,17918,69.0,92.0,,4,1.0,3,1.0
43694609,409 B,JCB409POV01780925,20390,52.0,37.0,,1,,3,2.0
43692258,Gabel - 1245,GT1000020405254,,60.0,101.0,222.0,3,2.0,3,1.0
43692243,Standardschaufel - 1245,0743301190326,,60.0,100.0,221.0,3,2.0,3,1.0
43692220,1245,3056770,,60.0,99.0,218.0,3,2.0,3,1.0
43691727,Muldy 3500cargo,W092662F7MGW88038,,119.0,49.0,130.0,4,2.0,4,1.0
43691710,Muldy 3500cargo,W092662F5MGW88037,,119.0,49.0,130.0,3,2.0,3,1.0
43443868,CR 3,20020653,300647,118.0,51.0,136.0,1,2.0,3,2.0
43406679,"GTS - 256 HC, L= 12,42 m",100702,,69.0,93.0,,4,1.0,4,1.0
43406676,UW - 256 HC,100701,,69.0,93.0,,4,1.0,4,1.0
43406673,Montagepodest - 256 HC,100700,,69.0,93.0,,4,1.0,4,1.0
43406670,Adapter 256/120HC,100699,,69.0,93.0,,4,1.0,3,1.0
43406667,"TS - 120 HC, L=2,50 m",100698,,69.0,93.0,,4,1.0,3,1.0
43406664,"TS - 120 HC, L=2,50 m",100697,,69.0,93.0,,4,1.0,3,1.0
43406661,"TS - 120 HC, L=2,50 m",100696,,69.0,93.0,,4,1.0,3,1.0
43406658,"TS - 120 HC, L=2,50 m",100695,,69.0,93.0,,4,1.0,3,1.0
43406655,"TS - 120 HC, L=2,50 m",100694,,69.0,93.0,,4,1.0,3,1.0
43406652,"TS - 185 HC, L=4,14 m",100693,,69.0,93.0,,4,1.0,4,1.0
43406649,"TS - 185 HC, L=4,14 m",100692,,69.0,93.0,,4,1.0,4,1.0
43406646,"TS - 256 HC, L=4,14 m",100691,,69.0,93.0,,4,1.0,4,1.0
43406643,"TS - 256 HC, L=4,14 m",100690,,69.0,93.0,,4,1.0,4,1.0
43406640,"TS - 256 HC, L=4,14 m",100689,,69.0,93.0,,4,1.0,4,1.0
43406637,"TS - 256 HC, L=4,14 m",100688,,69.0,93.0,,4,1.0,4,1.0
43406634,"TS - 256 HC, L=4,14 m",100687,,69.0,93.0,,4,1.0,4,1.0
43406631,"TS - 256 HC, L=4,14 m",100686,,69.0,93.0,,4,1.0,4,1.0
43406628,"TS - 256 HC, L=4,14 m",100685,,69.0,93.0,,4,1.0,4,1.0
43406625,"TS - 256 HC, L=4,14 m",100684,,69.0,93.0,,4,1.0,4,1.0
43406605,180 EC-H 10 Litronic,43541,17904,69.0,92.0,,4,1.0,4,1.0
43399044,TB 216 A,216010168,300674,106.0,5.0,9.0,1,2.0,3,2.0
43356787,"TS - 120 HC, L=2,50 m",100682,,69.0,93.0,,4,1.0,3,1.0
43356784,"TS - 120 HC, L=2,50 m",100681,,69.0,93.0,,4,1.0,3,1.0
43356781,"TS - 120 HC, L=2,50 m",100680,,69.0,93.0,,4,1.0,3,1.0
43356778,"TS - 120 HC, L=5,00 m",100679,,69.0,93.0,,4,1.0,3,1.0
43356775,"TS - 120 HC, L=5,00 m",100678,,69.0,93.0,,4,1.0,3,1.0
43356772,"TS - 120 HC, L=10,00 m",100677,,69.0,93.0,,4,1.0,3,1.0
43356769,"Kreuz - 120 HC - 3,8 x 3,8 m",100676,,69.0,93.0,,4,1.0,3,1.0
43356766,"GTS - 120 HC , L= 10 m",100675,,69.0,93.0,,4,1.0,3,1.0
43356746,132 EC-H 8 Litronic,40938,17908,69.0,92.0,,4,1.0,3,1.0
43307139,"GTS - 170 HC, L= 9,60 m",100673,,69.0,93.0,,4,1.0,3,1.0
43307136,"TS - 170 HC, L=12,42 m",100672,,69.0,93.0,,4,1.0,3,1.0
43307133,"TS - 170 HC, L=4,14 m",100671,,69.0,93.0,,4,1.0,3,1.0
43307130,"UW - 170 HC - 4,5 x 4,5",100670,,69.0,93.0,,4,1.0,3,1.0
43307127,200 EC-H 10 Litronic,43988,17905,69.0,92.0,,4,1.0,3,1.0
43305274,MG 1000,DEQ216607,,31.0,16.0,68.0,3,2.0,3,1.0
43296387,BW 154 AD-4,101920321043,17907,14.0,59.0,156.0,4,1.0,3,1.0
43296197,HD + 90 VO,H1850481,17906,39.0,59.0,,4,1.0,3,1.0
43282582,Verbreiterung - AB 220-3 TV - 500R,65VB/0380R,,116.0,73.0,195.0,4,1.0,4,1.0
43282575,Verbreiterung - AB 220-3 TV - 500L,65VB/0380L,,116.0,73.0,195.0,4,1.0,4,1.0
43267656,RT 115 H,CMWR15T3VB0000204,17894,25.0,111.0,,4,1.0,3,1.0
43267645,Klappschaufel,100662,,6.0,38.0,114.0,4,1.0,3,1.0
43267632,Gabel,100661,,6.0,39.0,115.0,4,1.0,3,1.0
43267606,AR 60,114000,17893,6.0,37.0,,4,1.0,3,1.0
43267595,Klappschaufel,100659,,6.0,38.0,114.0,4,1.0,3,1.0
43267582,Gabel,100658,,6.0,39.0,115.0,4,1.0,3,1.0
43267556,AR 60,113015,17892,6.0,37.0,,4,1.0,3,1.0
43267545,Klappschaufel,100656,,6.0,38.0,114.0,4,1.0,3,1.0
43267532,Gabel,100655,,6.0,39.0,115.0,4,1.0,3,1.0
43267506,AR 60,112378,17891,6.0,37.0,,4,1.0,3,1.0
43267503,MF 2500 CS LP T4f,10002452JGG001945,17890,27.0,67.0,174.0,4,1.0,3,1.0
43267487,Verbreiterung - VDT - V 88 ETC - 750R,100652,,114.0,73.0,195.0,4,1.0,3,1.0
43267471,Verbreiterung - VDT - V 88 ETC - 750R,100651,,114.0,73.0,195.0,4,1.0,3,1.0
43267455,Verbreiterung - VDT - V 88 ETC - 750L,100650,,114.0,73.0,195.0,4,1.0,3,1.0
43267439,Verbreiterung - VDT - V 88 ETC - 750L,100649,,114.0,73.0,195.0,4,1.0,3,1.0
43267411,P 8820 C,710111,17889,114.0,71.0,185.0,4,1.0,3,1.0
43267408,TL 800,100647,,1.0,9.0,,4,1.0,3,1.0
43267371,A 920,WLHZ1179HZK073263,17888,69.0,8.0,30.0,4,1.0,3,1.0
43267368,GRL 2000,100645,,69.0,14.0,,4,1.0,3,1.0
43267331,A 920,WLHZ1179AZK067945,17887,69.0,8.0,30.0,4,1.0,3,1.0
43267328,TL 1400,270723-47,100657,92.0,9.0,,4,1.0,3,1.0
43267291,A 920,WLHZ1179LZK068191,17886,69.0,8.0,30.0,4,1.0,3,1.0
43267288,TL 850,100641,,1.0,9.0,,4,1.0,3,1.0
43267251,A 918,WLHZ1178EZK079105,17885,69.0,8.0,28.0,4,1.0,3,1.0
43229196,RAV 1000 P,4035333,17901,90.0,18.0,,4,1.0,3,1.0
43229193,HM 185,,17900,62.0,17.0,,4,1.0,3,1.0
43229190,PB 210,1010,17899,7.0,17.0,,4,1.0,3,1.0
43229175,EC226,M76308,17898,30.0,28.0,,4,1.0,3,1.0
43229160,EC226,M67611,17897,30.0,28.0,,4,1.0,3,1.0
43229145,EC226,M67610,17896,30.0,28.0,,4,1.0,3,1.0
43229130,EC226,M67609,17895,30.0,28.0,,4,1.0,3,1.0
43220133,5035,348017668,,60.0,37.0,105.0,1,2.0,3,2.0
43218744,Titan 5820,5820 18293,17903,2.0,71.0,184.0,4,1.0,3,1.0
43218716,5820,582020983,17902,114.0,71.0,183.0,4,1.0,3,1.0
43188285,MRT 2150,766798,,72.0,99.0,220.0,1,,3,2.0
43186586,W 35 Ri,0703.0042,17883,121.0,63.0,,4,1.0,3,1.0
43186513,W 50 DCi,12050081,17882,121.0,63.0,,4,1.0,3,1.0
43186295,W 50 DCi,1205.0002,17881,121.0,63.0,,4,1.0,3,1.0
43172788,UKM 2.0 Multi,74827,16832,100.0,40.0,116.0,4,1.0,2,1.0
43136705,TR22,TR22210275,,78.0,28.0,97.0,4,1.0,3,1.0
43136626,Spatenlöffel - OQ70/55,7001050,,78.0,26.0,94.0,4,1.0,3,1.0
43041882,Verbreiterung - AB 220-3 TV - 500R,56VB0994R,,116.0,73.0,195.0,4,1.0,3,1.0
43041863,Verbreiterung - AB 220-3 TV - 500L,56VB0994L,,116.0,73.0,195.0,4,1.0,3,1.0
43041729,Verbreiterung - AB 200 TV - 600R,26VB1061R,,116.0,73.0,195.0,4,1.0,3,1.0
43041707,Verbreiterung - AB 200 TV - 600L,26VB1061L,,116.0,73.0,195.0,4,1.0,3,1.0
43026614,"TS - 81 K, L=2,40 m",100619,,69.0,93.0,,4,1.0,3,1.0
43026611,"TS - 53 K, L=2,40 m",100618,,69.0,93.0,,4,1.0,3,1.0
43026608,"TS - 53 K, L=2,40 m",100617,,69.0,93.0,,4,1.0,3,1.0
43026588,53 K,52859,17869,69.0,91.0,,4,1.0,3,1.0
43000164,BW 135 AD-5,101650391073,,14.0,59.0,155.0,4,1.0,3,1.0
43000160,HD 12 VV,WGH0H230PHAA03952,17880,39.0,59.0,154.0,4,1.0,3,1.0
43000137,MACH2080,SLCM20802102F2132,,109.0,42.0,119.0,4,1.0,3,1.0
42949154,TL 300,D77682,,1.0,9.0,,4,1.0,3,1.0
42949018,TL 600,D42433,,1.0,9.0,,4,1.0,3,1.0
42948988,GRL 1000,100610,,1.0,13.0,,4,1.0,3,1.0
42923045,Terrax-2 3000,WHLT2300100036399,,48.0,48.0,128.0,3,2.0,3,1.0
42923031,Terrax-2 3000,WHLT2300100036395,,48.0,48.0,128.0,3,2.0,3,1.0
42923017,Terrax-2 3000,WHLT2300100036394,,48.0,48.0,128.0,3,2.0,3,1.0
42912423,JS 160 W,1451162,,52.0,8.0,27.0,1,,3,2.0
42858877,Gabel - MT 625,232506,,72.0,101.0,222.0,3,2.0,3,1.0
42858874,Gabel - MT 625,232758,,72.0,101.0,222.0,3,2.0,3,1.0
42858851,MT 625 H,MAN00000A01066095,,72.0,99.0,219.0,3,2.0,3,1.0
42858828,MT 625 H,MAN00000T01066279,,72.0,99.0,219.0,3,2.0,3,1.0
42836910,TB 290,185104579,,106.0,6.0,16.0,1,,3,2.0
42836479,BT 65,101541321172,,14.0,53.0,142.0,1,2.0,4,2.0
42836057,AVP 3520,149520,,5.0,51.0,137.0,1,,3,2.0
42821740,KX016-4,KBCGB22BCLZK71204,17862,66.0,5.0,9.0,4,1.0,3,1.0
42821716,HD 13 VV,WGH0H201CHAA04505,17861,39.0,59.0,155.0,4,1.0,3,1.0
42766639,Materialkübel extern,1000015256,,27.0,69.0,177.0,3,2.0,3,1.0
42766617,MF 2500CS STG V 2019,MG003934,,27.0,67.0,174.0,3,2.0,3,1.0
42753174,BW 184 AD-2,101870521043,17860,14.0,59.0,161.0,4,1.0,3,1.0
42738896,Super 800,07901666,300132,116.0,71.0,,1,1.0,4,2.0
42730146,BW 206 AD-5 AM,101921831011,,14.0,59.0,161.0,3,2.0,2,2.0
42685421,Verbreiterung - AB 600-3 TP2 - 750R,,,116.0,73.0,195.0,3,2.0,3,1.0
42685412,Verbreiterung - AB 600-3 TP2 - 750R,58VB952R,,116.0,73.0,195.0,4,1.0,3,1.0
42685403,Verbreiterung - AB 600-3 TP2 - 750L,,,116.0,73.0,195.0,3,2.0,3,1.0
42685394,Verbreiterung - AB 600-3 TP2 - 750L,58VB952L,,116.0,73.0,195.0,4,1.0,3,1.0
42685385,Verbreiterung - AB 600-3 TP2 - 250R,54VB2314R,,116.0,73.0,195.0,3,2.0,3,1.0
42685376,Verbreiterung - AB 600-3 TP2 - 250L,54VB2314L,,116.0,73.0,195.0,3,2.0,3,1.0
42685373,Super 1900-3i,08192477,,116.0,71.0,190.0,4,1.0,3,1.0
42681209,Telelöffel 150 - MS 03,2118804,,41.0,11.0,40.0,3,2.0,3,1.0
42673297,TL 800,2118157,,41.0,9.0,35.0,3,2.0,3,1.0
42673287,TL 600,2118156,,41.0,9.0,35.0,3,2.0,3,1.0
42673274,TL 400,2118155,,41.0,9.0,35.0,3,2.0,3,1.0
42673261,TL 300,2118154,,41.0,9.0,31.0,4,1.0,3,1.0
42673252,GRL 750,2118153,,41.0,14.0,51.0,4,1.0,3,1.0
42672835,Reißzahn,2120591,,41.0,34.0,103.0,4,1.0,3,1.0
42667819,"TS - 256 HC, L=4,14 m",100577,,69.0,93.0,,4,1.0,3,1.0
42667816,"TS - 256 HC, L=4,14 m",100576,,69.0,93.0,,4,1.0,3,1.0
42667813,"TS - 256 HC, L=4,14 m",100575,,69.0,93.0,,4,1.0,3,1.0
42667810,"TS - 256 HC, L=4,14 m",100574,,69.0,93.0,,4,1.0,3,1.0
42667807,"TS - 256 HC, L=4,14 m",100573,,69.0,93.0,,4,1.0,3,1.0
42667804,"TS - 256 HC, L=4,14 m",100572,,69.0,93.0,,4,1.0,3,1.0
42667801,"GTS - 256 HC, L= 12,42 m",100571,,69.0,93.0,,4,1.0,3,1.0
42667798,UW - 256 HC,100570,,69.0,93.0,,4,1.0,3,1.0
42667795,245 EC-H 12 Litronic,41340,17859,69.0,92.0,,4,1.0,3,1.0
42661283,Super 1900-3i,08191767,300770,116.0,71.0,189.0,3,2.0,2,2.0
42643839,R 410,R41010842,,66.0,37.0,105.0,1,,3,2.0
42596618,SB 102,BES066999,,31.0,17.0,69.0,3,2.0,2,2.0
42596615,TB 210 R,211002940,,106.0,5.0,8.0,3,2.0,2,2.0
42592860,F 1250 CS,10002170HMG003871,,27.0,71.0,182.0,3,2.0,2,2.0
42579532,"GTS - 256 HC, L= 8,85 m",100562,,69.0,93.0,,4,1.0,3,1.0
42567886,P 27.6,44P06026,,76.0,99.0,219.0,3,2.0,2,2.0
42558179,TB 228 MSA,122805062,,106.0,5.0,11.0,3,2.0,2,2.0
42526175,TB 216 A,216009749,,106.0,5.0,9.0,3,2.0,2,2.0
42515448,8055,1536481,20346,52.0,6.0,14.0,1,,3,2.0
42515240,643 M Serie E,6430421,,96.0,94.0,211.0,3,2.0,2,2.0
42510445,112 K,33435,17858,69.0,91.0,,4,1.0,3,1.0
42486979,A 922 Rail,125966,,,8.0,,1,,3,2.0
42484735,160 EC-B 8 Litronic,49952,17857,69.0,92.0,,4,1.0,3,1.0
42441168,Verbreiterung - AB 200 TV - 350R,100551,,116.0,73.0,195.0,4,1.0,3,1.0
42441163,Verbreiterung - AB 200 TV - 350L,100550,,116.0,73.0,195.0,4,1.0,3,1.0
42432636,5040,35801KM0000476,,60.0,37.0,105.0,3,2.0,2,2.0
42345928,BW 90 AD-2,101460522243,17855,14.0,59.0,,4,1.0,3,1.0
42345925,BW 138 AD,101650171355,17854,14.0,59.0,,4,1.0,3,1.0
42345922,BW 206 AD-5 AM,101921241008,17856,14.0,59.0,161.0,4,1.0,3,1.0
42333850,"TS - 120 HC, L=2,50 m",100545,,69.0,93.0,,4,1.0,3,1.0
42333847,"TS - 120 HC, L=2,50 m",100544,,69.0,93.0,,4,1.0,3,1.0
42333844,"TS - 120 HC, L=12,50 m",100543,,69.0,93.0,,4,1.0,3,1.0
42333841,"TS - 120 HC, L=12,50 m",100542,,69.0,93.0,,4,1.0,3,1.0
42333838,"GTS - 140 HC, L= 10 m",100541,,69.0,93.0,,4,1.0,3,1.0
42333835,"Kreuz - 120 HC - 4,6 x 4,6",100540,,69.0,93.0,,4,1.0,3,1.0
42333827,112 EC-H 8 Litronic,48146,17849,69.0,92.0,,4,1.0,3,1.0
42320172,HC 850,BES146011,,31.0,18.0,82.0,4,1.0,4,1.0
42263889,Verbreiterung - AB 200 TV - 600R,100527,,116.0,73.0,195.0,4,1.0,3,1.0
42263884,Verbreiterung - AB 200 TV - 600L,100526,,116.0,73.0,195.0,4,1.0,3,1.0
42263873,Super 800,07901268,17851,116.0,71.0,,4,1.0,3,1.0
42263870,DW 90,WNCD1802APAL00334,17850,117.0,42.0,,4,1.0,3,1.0
42257480,HD+ 140i VO,WGH0H274LHAA00037,300778,39.0,59.0,161.0,3,2.0,2,2.0
42243079,"TS - 53 K, L=2,40 m",100522,,69.0,93.0,,4,1.0,3,1.0
42243076,"TS - 53 K, L=2,40 m",100521,,69.0,93.0,,4,1.0,3,1.0
42243073,"TS - 53 K, L=2,40 m",100520,,69.0,93.0,,4,1.0,3,1.0
42243070,53 K,53631,17847,69.0,91.0,,4,1.0,3,1.0
42243067,202 EC-B 10 Litronic,56282,17848,69.0,92.0,,4,1.0,3,1.0
42229271,Super 1900-3i,08190570,Grötz #5131,,71.0,189.0,1,,3,2.0
42186306,GRL 2000,517343,,1.0,14.0,56.0,4,1.0,3,1.0
42186086,PW 180-10,H60109,17786,58.0,8.0,30.0,4,1.0,3,1.0
42094290,MRT 2150,766843,,72.0,99.0,220.0,1,,3,2.0
42091078,ER 250-4,DGR215617,,31.0,24.0,91.0,3,2.0,3,1.0
42080924,BC 2500,DE219032,,31.0,22.0,87.0,3,2.0,3,1.0
42022644,HD 10 VT,H2000273,315760,39.0,60.0,165.0,1,,3,2.0
42021702,GB 2500,RM0037,,93.0,31.0,100.0,3,2.0,3,1.0
42010357,DTS 400 Pro Plus,10910052,,84.0,108.0,228.0,4,1.0,1,1.0
42008647,BW 154 ACP-4 AM,101870622074,17844,14.0,60.0,167.0,4,1.0,3,1.0
41996555,EgliMag 920A,ZG-4403159,,28.0,25.0,93.0,3,2.0,3,1.0
41988126,Kernbohrgerät - OQ70/55,EDM400257,,78.0,33.0,102.0,4,1.0,3,1.0
41946978,Verbreiterung - AB 200 TV - 500R,100492,,116.0,73.0,195.0,4,1.0,3,1.0
41946975,Verbreiterung - AB 200 TV - 500L,100491,,116.0,73.0,195.0,4,1.0,3,1.0
41946972,Super 800,07900509,17839,116.0,71.0,,4,1.0,3,1.0
41946969,W 50,10050544,17840,121.0,63.0,,4,1.0,3,1.0
41939256,SD 1800 C,10002174EMG003874,,27.0,71.0,183.0,3,2.0,2,3.0
41936913,TB 250 MSA,125005384,,106.0,6.0,14.0,3,2.0,2,2.0
41928686,643 M Serie E,643.0.421,,96.0,94.0,210.0,3,2.0,2,2.0
41919130,TB 210 R,211002421,,106.0,5.0,8.0,3,2.0,2,2.0
41877431,P 72.10 / IIIA,C2081884 SAV:C208424,,76.0,99.0,,1,,3,2.0
41852898,Materialkübel extern,1000014657,,27.0,69.0,177.0,4,1.0,3,1.0
41852876,MF 2500CS STG V 2019,MG003902,,27.0,67.0,174.0,3,2.0,3,1.0
41849610,613 M Serie E,613.0.1214,,96.0,94.0,209.0,3,2.0,2,2.0
41849362,BP 18/45-2,101630856100,100480,,51.0,134.0,1,,3,2.0
41848766,XHD 900,430920321,,8.0,30.0,99.0,3,2.0,3,1.0
41844356,966M,DYC00748,116 Radlader 5 CAT,18.0,37.0,,1,,3,2.0
41844065,W 120 Fi,13100060,17838,121.0,64.0,,4,1.0,3,1.0
41837781,1245,T000163050474,,60.0,37.0,,3,2.0,2,2.0
41835216,A 904 C Litronic,1005-53533,,69.0,8.0,29.0,1,,3,2.0
41834161,BM 1000/35,101883181012,300755,14.0,63.0,171.0,4,1.0,3,1.0
41828714,S60,RM-0025,,93.0,29.0,98.0,3,2.0,3,1.0
41826305,Rohrschiebeadapter - OQ 70/55,400228,,78.0,32.0,101.0,4,1.0,3,1.0
41814133,Verbreiterung V 6000 TV Gas - 750R,100471,,27.0,73.0,195.0,4,1.0,3,1.0
41814074,Verbreiterung V 6000 TV Gas - 750R,100470,,27.0,73.0,195.0,4,1.0,3,1.0
41814051,Verbreiterung V 6000 TV Gas - 750L,100469,,27.0,73.0,195.0,4,1.0,3,1.0
41814014,Verbreiterung V 6000 TV Gas - 750L,100468,,27.0,73.0,195.0,4,1.0,3,1.0
41813978,Verbreiterung V 6000 TV Gas - 350R,100467,,27.0,73.0,195.0,4,1.0,3,1.0
41813942,Verbreiterung V 6000 TV Gas - 350L,100466,,27.0,73.0,195.0,4,1.0,3,1.0
41809576,Verbreiterung V 6000 TV Gas - 750L,100464,,27.0,73.0,195.0,4,1.0,3,1.0
41809521,Verbreiterung V 6000 TV Gas - 750R,100463,,27.0,73.0,195.0,4,1.0,3,1.0
41797581,Verbreiterung EB 50 E - 750R,16628 - 2,16628 - 2,24.0,73.0,195.0,4,1.0,3,1.0
41797560,Verbreiterung EB 50 E - 750L,16628 - 1,16628 - 1,24.0,73.0,195.0,4,1.0,3,1.0
41797501,Verbreiterung EB 50 E - 750R,16627 - 2,16627 - 2,24.0,73.0,195.0,4,1.0,3,1.0
41797465,Verbreiterung EB 50 E - 750L,16627 - 1,16627 - 1,24.0,73.0,195.0,4,1.0,3,1.0
41792502,W 100 i,12100038,17835,121.0,63.0,,4,1.0,3,1.0
41792336,W 100 Fi,13100423,17832,121.0,64.0,,4,1.0,3,1.0
41792265,W 100 Fi,13100460,17831,121.0,64.0,,4,1.0,3,1.0
41791720,W 100 Fi,13100231,17833,121.0,64.0,,4,1.0,3,1.0
41791332,W 100 Fi,13100187,17834,121.0,64.0,,4,1.0,3,1.0
41778687,F80W,3001390,,27.0,70.0,178.0,3,2.0,2,2.0
41774578,Klappschaufel - 906/907/908,201609046,100440,18.0,38.0,114.0,4,1.0,3,1.0
41774575,Gabel - 906/907/908,GT1400-312-4000I3-1,100439,18.0,39.0,115.0,4,1.0,3,1.0
41774572,908 M,CAT0908MAH8801267,17828,18.0,37.0,109.0,4,1.0,3,1.0
41774455,Klappschaufel - 906/907/908,201609050,100437,18.0,38.0,114.0,4,1.0,3,1.0
41774452,Gabel - 906/907/908,"100436


GT1400-312-400013-1",100436,18.0,39.0,115.0,4,1.0,3,1.0
41774449,908 M,CAT0908MCH8801274,17827,18.0,37.0,109.0,4,1.0,3,1.0
41774055,Splittstreuer Straßmayr,5726,,104.0,61.0,168.0,4,1.0,3,1.0
41773904,Materialkübel extern,702139,,27.0,69.0,177.0,3,2.0,3,1.0
41773197,Abwurfband kurz - W 50 / W 50 DC / W 50 DCi / W 500,0224,17608,121.0,65.0,,4,1.0,3,1.0
41772648,XHD 900 - OQ 45-5,430920241,17829,8.0,30.0,80.0,4,1.0,3,1.0
41769077,Klappschaufel - 906/907/908,100429,100429,18.0,38.0,114.0,4,1.0,3,1.0
41769074,Gabel - 906/907/908,100430,100430,18.0,39.0,115.0,4,1.0,3,1.0
41769071,908 M,CAT0908MLH8800797,17826,18.0,37.0,109.0,4,1.0,3,1.0
41768852,ER 650-3,DGR655610,,31.0,24.0,92.0,3,2.0,3,1.0
41768789,H4.00 XM-5 Diesel,K005A05310Z,15817,50.0,117.0,,4,1.0,4,1.0
41767053,Verbreiterung S 340-2 - 300L,100428,100428,14.0,73.0,195.0,4,1.0,3,1.0
41767033,Verbreiterung S 340-2 - 300L,100427,100427,14.0,73.0,195.0,4,1.0,3,1.0
41767003,Verbreiterung S 340-2 - 300R,100426,100426,14.0,73.0,195.0,4,1.0,3,1.0
41766995,Verbreiterung S 340-2 - 300R,100425,100425,14.0,73.0,195.0,4,1.0,3,1.0
41766874,BF 300 C,821891081002,17796,14.0,71.0,,4,1.0,3,1.0
41766833,BF 300 C,821891081001,17816,14.0,71.0,,4,1.0,3,1.0
41766750,TM 800 SH,FS 36239 H,17819,120.0,81.0,,4,1.0,3,1.0
41766475,Verbreiterung AB 500-3 TP-2 - 750L,0216L,,116.0,73.0,195.0,4,1.0,3,1.0
41766458,Verbreiterung AB 500-3 TP-2 - 750R,0216R,,116.0,73.0,195.0,4,1.0,3,1.0
41766427,Verbreiterung AB 500-3 TP-2 - 750L,0217L,,116.0,73.0,195.0,4,1.0,3,1.0
41766408,Verbreiterung AB 500-3 TP-2 - 750R,0217R,,116.0,73.0,195.0,4,1.0,3,1.0
41766344,Super 2100-3i,08190566,17787,116.0,71.0,193.0,4,1.0,3,1.0
41761181,H 90 SG,M270040,300497,45.0,106.0,227.0,3,2.0,3,1.0
41761177,H 90 SG,MD 60015,300496,45.0,106.0,227.0,3,2.0,3,1.0
41756690,L 90 F,L90FU25143,317793,114.0,37.0,,4,1.0,3,1.0
41756594,W 200i,14200045,317802,121.0,64.0,,4,1.0,3,1.0
41756565,PM 620,CATPM620EJB900142,317800,18.0,63.0,,4,1.0,3,1.0
41756542,1000 EC-H 40 Litronic,53506,317799,69.0,92.0,,4,1.0,3,1.0
41756520,1000 EC-H 40 Litronic,53588,317798,69.0,92.0,,4,1.0,4,1.0
41756490,GRW 18,43985,317797,39.0,62.0,,4,1.0,3,1.0
41756444,PL 500 TD,503305,317792,27.0,63.0,,4,1.0,3,1.0
41756406,L1-24,LE22790,317794,69.0,91.0,,4,1.0,3,1.0
41756353,W 100 Fi,1310.0450,317817,121.0,64.0,,4,1.0,4,1.0
41756323,W 100 FK,08.10.0442,317790,121.0,64.0,,4,1.0,4,2.0
41756297,DVO 8 Super,H157.0317_48893,317788,39.0,59.0,,4,1.0,4,1.0
41756268,180 EC-B 10 Litronic,44771,317781,69.0,92.0,,4,1.0,3,1.0
41756236,32 H,LE 20.822,317772,69.0,91.0,,4,1.0,3,1.0
41756188,280 EC-H 12 Litronic,44908,317782,69.0,92.0,,4,1.0,3,1.0
41756112,Kabine mit Drehbühne - 200 EC-H 10,43886,317774,69.0,92.0,,4,1.0,3,1.0
41755377,"TS - 24 HC 1000, L=2,85 m",100417,100417,69.0,93.0,,4,1.0,4,1.0
41755362,"TS - 24 HC 1000, L=5,70 m",100416,100416,69.0,93.0,,4,1.0,4,1.0
41755344,"TS - 24 HC 1000, L=5,70 m",100415,100415,69.0,93.0,,4,1.0,4,1.0
41755324,"TS - 24 HC 1000, L=5,70 m",100414,100414,69.0,93.0,,4,1.0,4,1.0
41755309,"TS - 24 HC 1000, L=5,70 m",100413,100413,69.0,93.0,,4,1.0,4,1.0
41755296,"Kreuz - 100 LC - 4,5 x 4,5",100370,100370,69.0,93.0,,4,1.0,3,1.0
41755273,"TS - 24 HC 1000, L=5,70 m",100412,100412,69.0,93.0,,4,1.0,4,1.0
41755252,"TS - 24 HC 1000, L=2,85 m",100411,100411,69.0,93.0,,3,2.0,3,1.0
41755237,"TS - 24 HC 1000, L=5,70 m",100410,100410,69.0,93.0,,4,1.0,4,1.0
41755222,"TS - 24 HC 1000, L=5,70 m",100409,100409,69.0,93.0,,4,1.0,4,1.0
41755207,"TS - 24 HC 1000, L=5,70 m",100408,100408,69.0,93.0,,4,1.0,4,1.0
41755192,"TS - 24 HC 1000, L=5,70 m",100407,100407,69.0,93.0,,4,1.0,4,1.0
41755171,"TS - 24 HC 1000, L=5,70 m",100406,100406,69.0,93.0,,4,1.0,4,1.0
41755019,"UW - 170 HC - 4,5 x 4,5",100403,100403,69.0,93.0,,4,1.0,3,1.0
41755004,"GTS - 170 HC, L= 9,60 m",100402,100402,69.0,93.0,,4,1.0,3,1.0
41754984,"TS - 170 HC, L=4,14 m",100401,100401,69.0,93.0,,4,1.0,3,1.0
41754968,"TS - 170 HC, L=4,14 m",100400,100400,69.0,93.0,,4,1.0,3,1.0
41754953,"TS - 170 HC, L=4,14 m",100399,100399,69.0,93.0,,4,1.0,3,1.0
41754924,"TS - 256 HC, L=4,14 m",100398,100398,69.0,93.0,,4,1.0,3,1.0
41754904,"TS - 256 HC, L=4,14 m",100397,100397,69.0,93.0,,4,1.0,3,1.0
41754889,"TS - 256 HC, L=4,14 m",100396,100396,69.0,93.0,,4,1.0,3,1.0
41754860,"TS - 256 HC, L=4,14 m",100395,100395,69.0,93.0,,4,1.0,3,1.0
41754838,"GTS - 256 HC, L= 12,42 m",100394,100394,69.0,93.0,,4,1.0,3,1.0
41754823,"TS - 256 HC, L=4,14 m",100389,100389,69.0,93.0,,4,1.0,3,1.0
41754802,"TS - 256 HC, L=4,14 m",100388,100388,69.0,93.0,,4,1.0,3,1.0
41754781,"TS - 256 HC, L=4,14 m",100387,100387,69.0,93.0,,4,1.0,3,1.0
41754565,UW - 256 HC,100384,100384,69.0,93.0,,4,1.0,3,1.0
41754543,"TS - 170 HC, L=4,14 m",100383,100383,69.0,93.0,,4,1.0,3,1.0
41754525,"TS - 170 HC, L=4,14 m",100382,100382,69.0,93.0,,4,1.0,3,1.0
41754500,"TS - 170 HC, L=4,14 m",100381,100381,69.0,93.0,,4,1.0,3,1.0
41754466,"TS - 170 HC, L=4,14 m",100380,100380,69.0,93.0,,4,1.0,3,1.0
41754451,"GTS - 170 HC, L= 9,60 m",100379,100379,69.0,93.0,,4,1.0,3,1.0
41754429,UW TS - 170 HC,100378,100378,69.0,93.0,,4,1.0,3,1.0
41753682,"TS - 120 HC, L=2,50 m",100196,100196,69.0,93.0,,4,1.0,4,2.0
41753412,BW 135 AD,101650121706,100189,14.0,59.0,155.0,4,1.0,2,1.0
41750471,"Auffahrrampen 0,8 to.",20310,20310,1.0,50.0,131.0,3,2.0,2,1.0
41750437,"Auffahrrampen 1,5 to.",20308,20308,1.0,50.0,131.0,3,2.0,3,1.0
41750232,Attix 30-21,3510152504526,300370,83.0,122.0,,3,2.0,3,1.0
41750131,FO 23,NMB-51/20 056,500379,14.0,65.0,172.0,4,1.0,3,1.0
41750072,FO 22,NMB-41/20 014,500378,14.0,65.0,172.0,4,1.0,3,1.0
41750006,BM 500/15,101882081037,300754,14.0,63.0,170.0,4,1.0,3,1.0
41749526,SW 6500,3200024,300786,27.0,68.0,176.0,3,2.0,3,1.0
41747546,Materialkübel extern,1000013010,300784,27.0,69.0,177.0,3,2.0,3,1.0
41747526,MF 2500CS STG V 2019,MG003830,300783,27.0,67.0,174.0,3,2.0,3,1.0
41744924,Super 800i,09900446,300780,116.0,71.0,182.0,4,1.0,3,1.0
41744910,BW 154 ACP-AM,101870861052,300773,14.0,60.0,167.0,3,2.0,3,1.0
41744900,A 914 Compact G6.0-D Litronic,1507132125,300771,69.0,8.0,27.0,3,2.0,3,1.0
41744895,R 914 Compact K-S,1511-52827,300768,69.0,7.0,19.0,3,2.0,3,1.0
41744882,Materialkübel extern,1000011250,300766,27.0,69.0,177.0,3,2.0,3,1.0
41744872,MF 2500 CS T4f Kurz SW LP 2017,MG003762,300765,27.0,67.0,174.0,3,2.0,3,1.0
41744857,BW 174 APO-4v,101870251004,300763,14.0,59.0,159.0,3,2.0,3,1.0
41744852,907 M,K5700395,300760,18.0,37.0,107.0,4,1.0,3,1.0
41744847,906 M,K5601882,300759,18.0,37.0,108.0,4,1.0,4,1.0
41744837,BW 177 D-5,101587061441,300758,14.0,56.0,145.0,4,1.0,3,1.0
41744803,BW 100 AD-5,101880561056,300757,14.0,59.0,154.0,4,1.0,4,1.0
41744773,BW 100 AD-5,101880561052,300756,14.0,59.0,154.0,4,1.0,3,1.0
41744710,BW 100 AC-5,101880581066,300753,14.0,60.0,165.0,3,2.0,3,1.0
41744672,Lasthaken 4 m / 1 to.,0109,20272,72.0,102.0,223.0,3,2.0,3,1.0
41744594,Klappschaufel - 906/907/908,2102506,500380,18.0,38.0,114.0,4,1.0,3,1.0
41744579,Gabel - 906/907/908,32101480,500381,18.0,39.0,115.0,4,1.0,3,1.0
41744561,Klappschaufel - 906/907/908,2102507,500382,18.0,38.0,114.0,4,1.0,3,1.0
41744544,Gabel - 906/907/908,32101479,500383,18.0,39.0,115.0,4,1.0,3,1.0
41744532,TL 600,H2109961,500384,41.0,9.0,35.0,3,2.0,3,1.0
41744508,TL 800,H2109960,500385,41.0,9.0,35.0,3,2.0,3,1.0
41744487,TL 1000,H2109959,500386,41.0,9.0,35.0,3,2.0,3,1.0
41744460,TL 1200,H2109958,500387,41.0,9.0,35.0,3,2.0,3,1.0
41744448,SL 600,H2109962,500388,41.0,12.0,41.0,3,2.0,3,1.0
41744408,TR-K 150,0034936,500389,46.0,28.0,96.0,3,2.0,3,1.0
41744386,GCS 900,100393,100393,111.0,47.0,127.0,3,2.0,3,1.0
41737161,"TS - 256 HC, L=4,14 m",100423,100423,69.0,93.0,,4,1.0,4,1.0
41737158,"TS - 256 HC, L=4,14 m",100422,100422,69.0,93.0,,4,1.0,4,1.0
41737155,"TS - 256 HC, L=4,14 m",100421,100421,69.0,93.0,,4,1.0,4,1.0
41737152,"TS - 256 HC, L=4,14 m",100420,100420,69.0,93.0,,4,1.0,4,1.0
41737149,"TS - 256 HC, L=4,14 m",100419,100419,69.0,93.0,,4,1.0,4,1.0
41737146,"TS - 256 HC, L=4,14 m",100418,100418,69.0,93.0,,4,1.0,4,1.0
41734753,409 B,JCB409POV01780923,20389,52.0,37.0,,1,,3,2.0
41729757,PR 716 LGP G6.0-D,1423-22503,300774,69.0,44.0,125.0,3,2.0,3,1.0
41639662,BW 154 ACP-4v,101870871013,300752,14.0,60.0,166.0,4,2.0,4,1.0
41639546,BW 174 AP-4v,101870221020,300762,14.0,59.0,163.0,3,2.0,3,1.0
41639525,BW 174 AP-4v AM,101870211090,300761,14.0,59.0,160.0,3,2.0,3,1.0
41521352,Verbreiterung - V 6000 TVE - 1x750,796,300333,27.0,73.0,195.0,3,2.0,3,1.0
41521350,Verbreiterung - V 6000 TVE - 1x750,797,300334,27.0,73.0,195.0,3,2.0,3,1.0
41521346,GRL 2000 starr,2019761,500376,41.0,13.0,49.0,3,2.0,3,1.0
41521344,TL 1600 hydraulisch schwenkbar,0149 H1205964,20404,41.0,10.0,39.0,4,1.0,4,1.0
41521342,TL 1600,0148 H1205966,20406,41.0,9.0,37.0,4,2.0,4,1.0
41521340,613 M Serie D,613.0.923,300214,96.0,94.0,209.0,1,2.0,3,2.0
41521337,TL 1000,0126 110604-14-01,20311,65.0,9.0,37.0,3,2.0,3,1.0
41521335,Gabel - 906/907/908,31901025,500303,18.0,39.0,115.0,4,1.0,4,1.0
41521333,613 R,613.5.787,317294,96.0,95.0,212.0,4,1.0,3,1.0
41521331,"TS 355HC, L=5,8m",,300622,69.0,93.0,,4,1.0,3,1.0
41521327,W 120 F,0810 0061,317746,121.0,64.0,,4,1.0,3,1.0
41521325,W 100 F,0810 1150,317493,121.0,64.0,,4,1.0,4,1.0
41521323,"Vulkolanplatte - CR 4i, CR 5, CR 5-II",12032019/2,300641,118.0,52.0,141.0,3,2.0,3,1.0
41521321,908 M,CAT0908MPH8800337,317449,18.0,37.0,109.0,1,1.0,3,2.0
41521319,G 600,10226000,20387,78.0,15.0,62.0,4,1.0,3,1.0
41521317,TB 225,1225003664,300726,106.0,5.0,11.0,4,1.0,3,1.0
41521315,Klappschaufel - 906/907/908,CH CW MP 1173,500309,18.0,38.0,114.0,4,1.0,4,1.0
41521313,HD 8 VV,H1990629,316987,39.0,59.0,,1,1.0,3,2.0
41521311,250M,W091145KDEN146049,300291,112.0,112.0,229.0,4,1.0,3,1.0
41521307,GRL 2500,0144 114606-16-01,20341,65.0,14.0,57.0,4,1.0,4,1.0
41521305,Super 800-3i,08900557,300469,116.0,71.0,182.0,4,1.0,4,1.0
41521303,Super 1800-3i,14822284,300552,116.0,71.0,187.0,4,2.0,4,1.0
41521301,W 120 F,8101042,317464,121.0,64.0,,1,1.0,3,2.0
41521299,MF 2500 CS LP T4f,HG002167,300484,27.0,67.0,174.0,4,1.0,3,1.0
41521297,613 M Serie E,61301005,300454,96.0,94.0,209.0,3,2.0,3,1.0
41521295,TL 800,0167 H1205963,20411,41.0,9.0,35.0,3,2.0,3,1.0
41521293,VIO 50-6A,12122,300500,122.0,6.0,14.0,4,1.0,4,1.0
41521291,A 914 Compact G6.0-D Litronic,1507-122346,300712,69.0,8.0,27.0,3,2.0,3,1.0
41521289,SD 2500 CS,JG002522,300570,27.0,71.0,189.0,4,1.0,3,1.0
41521287,Vulkolanplatte - CF 3 Hd,CF 3-09,300676,118.0,52.0,141.0,3,2.0,3,1.0
41521285,TL 600,0040 110604-03-01,20233,65.0,9.0,35.0,3,2.0,3,1.0
41521283,"TS - 256 HC, L=4,14 m",,100302,69.0,93.0,,1,1.0,3,2.0
41521281,"GTS - 256 HC, L= 12,42 m",,100301,69.0,93.0,,1,1.0,3,2.0
41521279,Verbreiterung - AB 600-3 TV - 750R,55 VR / 3762 R,500271,116.0,73.0,195.0,4,1.0,3,1.0
41521277,MF 2500 CS LP T4f,HG002161,300480,27.0,67.0,174.0,4,1.0,4,1.0
41521275,Verbreiterung - AB 600-3 TV - 750L,55 VR / 3762 L,500270,116.0,73.0,195.0,4,1.0,3,1.0
41521273,UW - 256 HC - 6 x 6 m,,100306,69.0,93.0,,1,1.0,3,2.0
41521271,CF 1-II Hd,20036373,300715,118.0,51.0,132.0,3,2.0,3,1.0
41521269,"TS - 256 HC, L=4,14 m",,100305,69.0,93.0,,1,1.0,3,2.0
41521267,"TS - 256 HC, L=4,14 m",,100304,69.0,93.0,,1,1.0,3,2.0
41521265,Super 1900-3i,8191561,300545,116.0,71.0,189.0,1,2.0,3,2.0
41521263,"TS - 256 HC, L=4,14 m",,100303,69.0,93.0,,1,1.0,3,2.0
41521261,Smart 56,MHN 200333,300410,7.0,54.0,143.0,3,2.0,3,1.0
41521259,"TS - 256 HC, L=4,14 m",,100309,69.0,93.0,,1,1.0,3,2.0
41521257,"TS - 256 HC, L=4,14 m",,100308,69.0,93.0,,1,1.0,3,2.0
41521255,"GTS - 256 HC, L= 12,42 m",,100307,69.0,93.0,,1,1.0,3,2.0
41521253,Klappschaufel - 906/907/908,201811081,500314,18.0,38.0,114.0,4,1.0,3,1.0
41521251,Swing App,3256072,300510,27.0,68.0,176.0,4,1.0,4,1.0
41521249,Verbreiterung - AB 340-3 TV - 550R,51.VS/ 0335 R,500266,116.0,73.0,195.0,4,1.0,3,1.0
41521247,Adapter 256/500HC,,317284,69.0,93.0,,4,1.0,3,1.0
41521245,ZX 300 LCN-6,E00060220,300685,45.0,7.0,22.0,4,1.0,3,1.0
41521243,W 60,0910 0367,317318,121.0,63.0,,1,1.0,3,2.0
41521241,Bohrschnecke Ø 460 / 1200 mm,0157 980/A2027,300053,52.0,23.0,89.0,3,2.0,3,1.0
41521239,W 120 F,8101131,317466,121.0,64.0,,1,1.0,3,2.0
41521237,Gabel - 906/907/908,31901006,500305,18.0,39.0,115.0,4,1.0,3,1.0
41521235,FKM 180 HS 520,97.05.30019,317549,113.0,40.0,116.0,4,1.0,3,1.0
41521233,W 120 F,8101018,317437,121.0,64.0,,1,1.0,3,2.0
41521231,W 120 F,8101019,317461,121.0,64.0,,1,1.0,3,2.0
41521229,Vulkolanplatte - CF 2 Hd,20195543,300734,118.0,52.0,141.0,3,2.0,3,1.0
41521227,GRL 1800,0156 H1210839,300047,41.0,14.0,55.0,4,1.0,4,1.0
41521225,GRL 1800,0114 H1102018,20183,41.0,14.0,57.0,4,1.0,3,1.0
41521223,W 250,04220003,17473,121.0,64.0,,4,1.0,3,1.0
41521221,2160 TST,15178441,20035,63.0,107.0,,3,2.0,3,1.0
41521219,"CF 13,1 B",1310896,300128,19.0,83.0,202.0,4,1.0,3,1.0
41521217,280 EC-H 12 Litronic,42311,317614,69.0,92.0,,1,1.0,3,2.0
41521215,GRL 1600,1611/2014 B,300234,9.0,14.0,53.0,1,2.0,3,2.0
41521213,906 M,H6603944,300637,18.0,37.0,108.0,4,1.0,3,1.0
41521211,906 M,H6603942,300636,18.0,37.0,108.0,4,1.0,4,1.0
41521209,Leuchtballon,171100754,500284,116.0,76.0,198.0,3,2.0,3,1.0
41521207,5035,348015790,300512,60.0,37.0,105.0,4,1.0,1,1.0
41521205,H 25 i,H202.0206,300708,39.0,56.0,148.0,4,1.0,3,1.0
41521203,SV 100 - 2A,YMRSV100PGAJ21051,300478,122.0,6.0,17.0,4,1.0,3,1.0
41521201,GRL 2000,0142 114606-14-01,20339,65.0,14.0,57.0,4,2.0,4,1.0
41521199,Gabel - 906/907/908,500315 GT1345-312-2500-12-1,500315,18.0,39.0,115.0,3,2.0,2,1.0
41521197,908 M,CAT0908MEH8800317,317451,18.0,37.0,109.0,1,1.0,3,2.0
41521195,Materialkübel extern,3256297,300508,27.0,69.0,177.0,3,2.0,3,1.0
41521193,MF 2500 CS LP T4f,HG002113,300457,27.0,67.0,174.0,4,1.0,3,1.0
41521191,Vulkolanplatte - LG 160,300206,300206,27.0,52.0,141.0,3,2.0,3,1.0
41521189,W 210,1320 0172,317353,121.0,64.0,,1,1.0,3,2.0
41521187,W 100 F,8101079,317420,121.0,64.0,,1,1.0,3,2.0
41521185,W 210,1320 0171,317321,121.0,64.0,,1,1.0,3,2.0
41521183,SL 1400,H1700755,500244,41.0,12.0,45.0,4,1.0,3,1.0
41521181,Verbreiterung - AB 600-3 TV - 250L,54 VB / 1192 L,500276,116.0,73.0,195.0,3,2.0,3,1.0
41521179,SL 1200,H1700754,500243,41.0,12.0,45.0,4,1.0,3,1.0
41521177,GRL 2000,H1700759,500248,41.0,14.0,57.0,4,1.0,3,1.0
41521175,TL 1400,H1700758,500247,41.0,9.0,37.0,3,2.0,3,1.0
41521173,TL 1200,H1700757,500246,41.0,9.0,37.0,4,1.0,3,1.0
41521171,TL 1200,H1700756,500245,41.0,9.0,37.0,3,2.0,3,1.0
41521169,SL 1000,H1700751,500239,41.0,12.0,42.0,3,2.0,3,1.0
41521165,Verbreiterung - AB 600-3 TV - 250R,54 VB / 1192 R,500277,116.0,73.0,195.0,3,2.0,3,1.0
41521163,Erdbohrerverlängerung - 1000,0160 980/A2043,300050,52.0,23.0,90.0,3,2.0,3,1.0
41521161,245 EC-H 12 Litronic,44907,317613,69.0,92.0,,1,1.0,3,2.0
41521159,245 EC-H 12 Litronic,44906,317611,69.0,92.0,,1,1.0,3,2.0
41521155,W 100 F,0810 1007,317495,121.0,64.0,,1,1.0,3,2.0
41521153,MF 2500 CS T4f Kurz SW LP 2017,KG002983,300683,27.0,67.0,174.0,4,2.0,4,1.0
41521151,TL 400,BG 1137,300102,9.0,9.0,35.0,3,2.0,3,1.0
41521149,TB 210 R,211005346,300732,106.0,5.0,8.0,4,1.0,4,1.0
41521147,G 600,0043 110604 06 01,20235,65.0,15.0,60.0,1,2.0,3,2.0
41521145,TL 800,,317554,68.0,9.0,,1,1.0,3,2.0
41521143,TL 1200,,317553,68.0,9.0,,1,1.0,3,2.0
41521141,GRL 2000,0092 110604-17-01,20187,65.0,14.0,57.0,3,2.0,3,1.0
41521139,W 120 Fi,1310 0061,317494,121.0,64.0,,1,1.0,3,2.0
41521137,TB 216 A,216014300,300702,106.0,5.0,9.0,4,1.0,3,1.0
41521135,EH50/230,10327730,300203,117.0,106.0,227.0,4,1.0,3,1.0
41521133,Standardschaufel - 906/907/908,201812027,500302,18.0,38.0,113.0,3,2.0,3,1.0
41521131,Vulkolanplatte - LG 300,300429,300436,27.0,52.0,141.0,3,2.0,3,1.0
41521129,Klettereinrichtung - 355/500HC,,317283,69.0,93.0,,4,1.0,3,1.0
41521127,SL 1000,,317556,68.0,12.0,,1,1.0,3,2.0
41521125,TL 1000,0041 110604-04-01,20234,65.0,9.0,35.0,3,2.0,3,1.0
41521123,TL 400,,317555,68.0,9.0,,1,1.0,3,2.0
41521121,Hydro Kahn SG 400 S,0192 08122014,300299,67.0,17.0,73.0,4,1.0,3,1.0
41521119,906 M,CAT0906MAK5600156,300668,18.0,37.0,108.0,4,1.0,3,1.0
41521117,202 EC-B 10 Litronic,50020,317736,69.0,92.0,,1,1.0,3,2.0
41521115,FS 360 CE,176245168,300084,103.0,113.0,,4,1.0,3,1.0
41521113,TL 500,2019542,500373,41.0,9.0,32.0,3,2.0,3,1.0
41521111,TL 300,2019541,500372,41.0,9.0,32.0,4,1.0,3,1.0
41521109,145 l,140225174,300373,33.0,87.0,206.0,3,2.0,2,1.0
41521107,Leuchtballon,171000038,500282,116.0,76.0,198.0,4,1.0,4,1.0
41521105,Spitzenausleger 633/643/653,183265/183390,300743,96.0,96.0,216.0,3,2.0,3,1.0
41521103,GRL 1400 starr,2019544,500375,41.0,13.0,47.0,3,2.0,3,1.0
41521101,AG 41,500214,500214,14.0,57.0,150.0,3,2.0,3,1.0
41521099,GRL 1400 starr,2019543,500374,41.0,13.0,47.0,4,1.0,3,1.0
41521097,BPR 100/80 D,101692641506,300411,14.0,51.0,140.0,4,1.0,3,1.0
41521095,GRL 1200 starr,2019539,500370,41.0,13.0,46.0,3,2.0,3,1.0
41521093,GRL 800,2019538,500369,41.0,14.0,51.0,4,1.0,4,1.0
41521091,W 1500,0820 0369,317287,121.0,64.0,,4,1.0,3,1.0
41521089,TL 500,2019537,500368,41.0,9.0,31.0,3,2.0,3,1.0
41521087,TL 300,2019536,500367,41.0,9.0,31.0,4,1.0,3,1.0
41521085,"Vulkolanplatte - CR 3, CR 3-II",19032019,300648,118.0,52.0,141.0,3,2.0,3,1.0
41521083,TL 300,0111 H1303479,300114,41.0,9.0,31.0,4,1.0,3,1.0
41521081,QLB 60,ESF201687,300396,7.0,4.0,7.0,4,1.0,3,1.0
41521079,Leuchtballon,171000032,500283,116.0,76.0,198.0,4,1.0,4,1.0
41521077,TL 600,H1913080,500341,41.0,9.0,32.0,3,2.0,3,1.0
41521075,G 800,0093,20256,85.0,15.0,62.0,4,2.0,4,1.0
41521073,L 538 G6.0-D,1559 - 57582,300704,69.0,37.0,111.0,4,1.0,3,1.0
41521071,W 100 F,08.10.0394,317725,121.0,64.0,,1,1.0,3,2.0
41521069,TL 500,H1913079,500340,41.0,9.0,32.0,4,1.0,3,1.0
41521067,CF 2 Hd,20021376,300653,118.0,51.0,133.0,4,1.0,3,1.0
41521065,CR 5-II,20045011,300735,118.0,51.0,137.0,4,1.0,3,1.0
41521063,TL 400,H1913078,500339,41.0,9.0,32.0,3,2.0,3,1.0
41521061,Vulkolanplatte - LG 160,300430,300434,27.0,52.0,141.0,3,2.0,3,1.0
41521059,M 322 D,DTD2W 00412,317239,18.0,8.0,,4,1.0,3,1.0
41521057,Klettereinrichtung - 120 HC,,317388,69.0,93.0,,1,1.0,3,2.0
41521055,BW 174 AP-4i AM,101870901182,300525,14.0,59.0,160.0,4,1.0,3,1.0
41521053,T 40,710128910,20027,61.0,104.0,225.0,1,2.0,3,2.0
41521049,TB 216 A,216014406,300703,106.0,5.0,9.0,1,2.0,3,2.0
41521047,G 600,16246010,500249,59.0,15.0,60.0,4,2.0,4,1.0
41521045,Swing App,3266134,300564,27.0,68.0,176.0,4,1.0,3,1.0
41521043,325F L CR,YCA10031,300455,18.0,7.0,21.0,4,2.0,4,1.0
41521041,280 EC-H 12 Litronic,42373,317615,69.0,92.0,,4,1.0,3,1.0
41521039,TL 1000,0056 H1003520,20243,41.0,9.0,37.0,4,1.0,3,1.0
41521037,ESE 306 SG-GT,113151,300208,29.0,2.0,2.0,4,1.0,4,1.0
41521035,PR 724 XL,VAUZ0754CZT010604,317399,69.0,44.0,,1,1.0,3,2.0
41521033,ESE 1306 DSG-GT,113158,300559,29.0,2.0,3.0,4,1.0,3,1.0
41521031,F 141 C,655331,317010,27.0,71.0,,1,1.0,3,2.0
41521029,Smart 56,MHN 216634,300451,7.0,54.0,143.0,4,1.0,3,1.0
41521027,G 400,0031 110604-02-01,20224,65.0,15.0,59.0,4,1.0,3,1.0
41521025,GRL 1800,0115 H1102020,20180,41.0,14.0,55.0,3,2.0,3,1.0
41521023,HB 2000,DEQ191031,500324,31.0,17.0,77.0,4,1.0,3,1.0
41521021,GRL 1400,0030,20177,85.0,14.0,54.0,4,1.0,3,1.0
41521019,Verbreiterung - V 6000 TVE - 1x750,1000005409,500362,27.0,73.0,195.0,4,1.0,3,1.0
41521017,BW 154 ACP-AM,101870661031,300530,14.0,60.0,167.0,4,1.0,4,1.0
41521015,Verbreiterung - V 6000 TVE - 1x750,1000005883,500363,27.0,73.0,195.0,4,1.0,3,1.0
41521013,TL 600,0029,20223,85.0,9.0,38.0,4,1.0,3,1.0
41521011,MF 2500 CS LP T4f,GG002029,300487,27.0,67.0,174.0,4,1.0,3,1.0
41521009,GRL 1400,0139 114606-10-01,20336,65.0,14.0,52.0,4,1.0,4,1.0
41521007,HD 12 VV,H2007816,300471,39.0,59.0,154.0,4,1.0,3,1.0
41521005,TL 1600 hydraulisch schwenkbar,0143 114506-15-01,20340,65.0,10.0,39.0,3,2.0,3,1.0
41521003,TL 500,H1601663,500205,41.0,9.0,32.0,3,2.0,3,1.0
41521001,H 13 i,WGH0H234KHAA00344,300542,39.0,56.0,146.0,1,2.0,3,2.0
41520999,Super 800i,09900345,300748-18074,116.0,71.0,182.0,4,1.0,4,1.0
41520997,GT 16 A,P06370,300138,88.0,90.0,208.0,4,1.0,4,1.0
41520995,Super 1800-2 Sprayjet,11823113,317357,116.0,71.0,,4,1.0,3,1.0
41520993,TB 250,1250006659,300651,106.0,6.0,14.0,3,2.0,3,1.0
41520991,200 EC-H 10 Litronic,46510,317534,69.0,92.0,,4,1.0,3,1.0
41520989,TL 800,H19112654,500337,41.0,9.0,37.0,4,1.0,3,1.0
41520987,CR 2,20022169,300661,118.0,51.0,135.0,3,2.0,3,1.0
41520985,TL 1200,H1611581,500234,41.0,9.0,35.0,3,2.0,3,1.0
41520983,TL 800,H1611580,500233,41.0,9.0,35.0,3,2.0,3,1.0
41520981,CR 7 CCD 2.0,20018622,300642,118.0,51.0,138.0,3,2.0,3,1.0
41520979,TL 800,0069 H1003519,20244,41.0,9.0,37.0,3,2.0,4,1.0
41520977,CR 3-II,20037420,300718,118.0,51.0,136.0,3,2.0,3,1.0
41520975,908 M,H8801168,317757,18.0,37.0,109.0,1,1.0,3,2.0
41520973,MB 750,DEQ170514,500253,7.0,17.0,74.0,3,2.0,3,1.0
41520971,F 156.6,527052,317196,81.0,46.0,,4,1.0,3,1.0
41520969,Bohrschnecke Ø 300 / 1200 mm,0158 980/A2023,300052,52.0,23.0,89.0,3,2.0,3,1.0
41520967,908 M,H8801169,317750,18.0,37.0,109.0,1,1.0,3,2.0
41520965,ZL 302,2409067,317743,114.0,37.0,,1,1.0,3,2.0
41520963,D6K 2LGP,DHA02156,300391,18.0,44.0,125.0,1,2.0,4,2.0
41520961,Materialkübel extern,3245200,300488,27.0,69.0,177.0,4,1.0,3,1.0
41520959,Vulkolanplatte - CF 2 Hd,CF 2-09 04042019/2,300656,118.0,52.0,141.0,3,2.0,3,1.0
41520957,SG 400,0033 110604-01-01,20225,85.0,16.0,66.0,4,1.0,4,1.0
41520955,TL 600,H1506132,500185,41.0,9.0,32.0,3,2.0,2,1.0
41520953,TL 800,0169 H1205968,20413,41.0,9.0,38.0,4,1.0,3,1.0
41520951,3D GPS,3175J043SW,300392,111.0,122.0,,1,2.0,1,2.0
41520949,TL 600,H1611579,500232,41.0,9.0,35.0,3,2.0,3,1.0
41520947,B120-3,B1203180010,500295,78.0,21.0,86.0,3,2.0,3,1.0
41520945,Lasthaken 1440/180,0107 27390,20270,72.0,102.0,223.0,3,2.0,3,1.0
41520943,SB 302,BES110821,500311,31.0,17.0,71.0,4,1.0,3,1.0
41520941,Super 1803-3i,10830158,300709,116.0,70.0,180.0,4,1.0,3,1.0
41520939,TL 800,0089 WM515138,316024,68.0,9.0,33.0,4,1.0,3,1.0
41520937,W 100 F,08101074,317663,121.0,64.0,,4,1.0,3,1.0
41520935,Muldy 3500cargo,WS268000062,300240,119.0,49.0,130.0,4,1.0,4,1.0
41520933,Materialkübel extern,3267424,300583,27.0,69.0,177.0,4,1.0,4,1.0
41520931,Materialkübel extern,3247970,300459,27.0,69.0,177.0,4,1.0,4,1.0
41520929,BW 219 PDH 4i,101585041014,300532,14.0,58.0,152.0,4,1.0,3,1.0
41520927,W 1500,08.20.15003109.0267,317197,121.0,64.0,,4,1.0,3,1.0
41520925,Materialkübel extern,3282701,300684,27.0,69.0,177.0,4,1.0,4,1.0
41520923,Verbreiterung - AB 600-3 TV - 250L,54 VB 1254 L,500274,116.0,73.0,195.0,3,2.0,3,1.0
41520921,TL 400,0135 114606-05-01,20332,65.0,9.0,32.0,4,1.0,3,1.0
41520919,MF250,701113,317756,27.0,67.0,,1,1.0,3,2.0
41520917,Vulkolanplatte - LF 80,20162,20162,27.0,52.0,141.0,3,2.0,3,1.0
41520915,CR 2,20022168,300660,118.0,51.0,135.0,4,1.0,3,1.0
41520913,W 200,12200019,317384,121.0,64.0,,1,1.0,3,2.0
41520911,W 200,12200139,317465,121.0,64.0,,1,1.0,3,2.0
41520909,245 EC-H 12 Litronic,44504,317612,69.0,92.0,,1,1.0,3,2.0
41520907,643 R Serie D,6435407,300402,96.0,95.0,214.0,4,1.0,3,1.0
41520905,VM 1500,2704195,300146,52.0,55.0,144.0,4,1.0,3,1.0
41520903,Verbreiterung - AB 340-3 TV - 550L,51.VS / 0335 L,500267,116.0,73.0,195.0,4,1.0,3,1.0
41520901,W 100 F,08.10.0435,317251,121.0,64.0,,4,1.0,3,1.0
41520899,Schneeschild,0120,20283,60.0,41.0,117.0,3,2.0,3,1.0
41520897,TL 800,0181 H1303487,300122,41.0,9.0,36.0,1,2.0,3,2.0
41520895,245 EC-H 12 Litronic,44770,17528,69.0,92.0,,4,1.0,3,1.0
41520893,LF 80,BGF094837,300385,7.0,51.0,132.0,4,1.0,3,1.0
41520891,BW 65 H,861834092837,300438,14.0,59.0,153.0,3,2.0,3,1.0
41520889,TB 235,123505697,300368,106.0,5.0,13.0,4,1.0,3,1.0
41520887,643 R Serie E,6435515,300554,96.0,95.0,214.0,3,2.0,3,1.0
41520883,TL 300,H1805210,500319,41.0,9.0,31.0,3,2.0,4,1.0
41520881,W 120 F,8100819,317462,121.0,64.0,,1,1.0,3,2.0
41520879,RoadScan,71,500272,116.0,77.0,199.0,3,2.0,3,1.0
41520877,"TS - 256 HC, L=4,14 m",,100092,69.0,93.0,,1,1.0,3,2.0
41520875,"TS - 256 HC, L=4,14 m",,100091,69.0,93.0,,1,1.0,3,2.0
41520873,BT 700 S,BT700S-0578,300352,42.0,104.0,225.0,3,2.0,3,1.0
41520871,TL 1000,0123,20321,65.0,9.0,37.0,3,2.0,3,1.0
41520869,BT 700 S,BT700S-0577,300351,42.0,104.0,225.0,3,2.0,3,1.0
41520867,Hydro Khan SG400,0032 KS09D03,20144,67.0,17.0,72.0,3,2.0,2,1.0
41520865,Gabel - L 514,11386340,500366,69.0,39.0,115.0,4,1.0,3,1.0
41520863,Henley SFG 120,1519645,317504,53.0,117.0,,1,1.0,3,2.0
41520861,AN 24,8003599,20038,108.0,120.0,,3,2.0,3,1.0
41520857,GRL 2000,0090 H1102019,20364,41.0,14.0,57.0,4,1.0,3,1.0
41520855,GRL 1400 starr,H1501197,500173,41.0,13.0,47.0,4,1.0,3,1.0
41520853,TL 1000,0082 110604-11-01,20250,65.0,9.0,37.0,3,2.0,3,1.0
41520851,BW 177 D-3,101581071061,317732,14.0,56.0,145.0,4,1.0,4,1.0
41520849,V6 X1,V06.120532.X1,300015,78.0,18.0,82.0,1,2.0,4,2.0
41520847,W 210,13200170,317421,121.0,64.0,,1,1.0,3,2.0
41520845,643 R Serie E,6435545,300682,96.0,95.0,214.0,3,2.0,3,1.0
41520843,Felsfräse BF300N,A009,316794,13.0,24.0,,4,1.0,3,1.0
41520841,"GTS - 140 HC, L= 10 m",C 041.002-338.111,100350,69.0,93.0,,1,1.0,3,2.0
41520839,SRV 590,20020505,300644,118.0,53.0,142.0,4,1.0,3,1.0
41520837,Vulkolanplatte - CR 2,15042019/2,300663,118.0,52.0,141.0,3,2.0,3,1.0
41520835,613 M Serie D,613.0.890,300131,96.0,94.0,209.0,4,1.0,3,2.0
41520833,R 926 Compact Litronic,1565-48623,300680,69.0,7.0,23.0,3,2.0,3,1.0
41520831,TL 1800,2004623,500360,41.0,9.0,37.0,4,2.0,4,1.0
41520829,SW 6500,1000005128,300724,27.0,68.0,176.0,3,2.0,3,1.0
41520827,TL 1000,2004621,500359,41.0,9.0,37.0,3,2.0,3,1.0
41520825,HPC 75-2,H4067,500262,39.0,57.0,150.0,3,2.0,3,1.0
41520823,TL 800,2004620,500358,41.0,9.0,37.0,3,2.0,3,1.0
41520821,GRL 1200,0035 H1000916,20176,41.0,14.0,52.0,1,2.0,3,2.0
41520819,Weda 04 B,1359747,300105,7.0,3.0,5.0,3,2.0,2,1.0
41520817,BT 700 S,BT700S0586,300353,42.0,104.0,225.0,3,2.0,3,1.0
41520815,Vulkolanplatte - CR 2,15042019/1,300662,118.0,52.0,141.0,3,2.0,3,1.0
41520813,GRL 1800,2004624,500361,41.0,14.0,57.0,4,1.0,3,1.0
41520811,TL 800,0083 110604-12-01,20251,65.0,9.0,37.0,4,1.0,3,1.0
41520809,Big-Ski,04-05-10014 515,300515,77.0,75.0,197.0,3,2.0,3,1.0
41520807,HD 12 VV,H2007779,300470/ID17731,39.0,59.0,154.0,4,1.0,3,1.0
41520805,Big-Ski,04-05-10014 514,300514,77.0,75.0,197.0,3,2.0,3,1.0
41520803,"GTS - 120 HC, L=6,85 m",,100191,69.0,93.0,,4,1.0,3,1.0
41520801,"Kreuz - 120 HC - 3,8 x 3,8 m",,100190,69.0,93.0,,4,1.0,3,1.0
41520799,Hydro Khan SG 300,0025 HN07C06,20020,67.0,17.0,70.0,4,1.0,3,1.0
41520797,"TS - 120 HC, L=5,00 m",,100195,69.0,93.0,,4,1.0,3,1.0
41520795,"TS - 355 HC, L=5,8 m",,100074,69.0,93.0,,4,1.0,3,1.0
41520793,"TS - 355 HC, L=5,8 m",,100073,69.0,93.0,,4,1.0,3,1.0
41520789,Adapter 256/500HC,,100072,69.0,93.0,,4,1.0,3,1.0
41520787,"TS - 120 HC, L=12,50 m",,100192,69.0,93.0,,4,1.0,3,1.0
41520785,Klettereinrichtung - 355/500HC,,100071,69.0,93.0,,4,1.0,3,1.0
41520783,Montagepodest - 256 HC,,100078,69.0,93.0,,4,1.0,4,1.0
41520781,"TS - 355 HC, L=5,8 m",,100075,69.0,93.0,,4,1.0,3,1.0
41520779,K 50,050/277,300310,61.0,105.0,,3,2.0,3,1.0
41520777,MB 1500,0098 DEQ142032,300307,7.0,17.0,76.0,4,1.0,3,1.0
41520775,Gabel - 5035,3480157902,500260,60.0,39.0,115.0,4,1.0,3,1.0
41520773,T 30,711190734,20026,61.0,104.0,225.0,3,2.0,3,1.0
41520771,Standardschaufel - 5035,933307170430,500259,60.0,38.0,113.0,4,1.0,3,1.0
41520769,BW 206 AD-5 AM,101921831006,300749,14.0,59.0,161.0,3,2.0,3,1.0
41520767,SB 202 S,BES111068,500312,31.0,17.0,70.0,3,2.0,3,1.0
41520765,TL 600,0078 110604-07-01,20246,65.0,9.0,37.0,4,1.0,3,1.0
41520763,245 EC-H 12 Litronic,44059,317610,69.0,92.0,,1,1.0,3,2.0
41520761,SB 102,BES 114147,500318,31.0,17.0,69.0,3,2.0,3,1.0
41520759,"TS - 290 HC, L=4,14 m",,100084,69.0,93.0,,1,1.0,3,2.0
41520757,"TS - 290 HC, L=4,14 m",,100083,69.0,93.0,,1,1.0,3,2.0
41520755,908 M,H8801202,317749,18.0,37.0,109.0,1,1.0,3,2.0
41520753,Erdbohrer ED 3500 / MS 03,0162 2068347,300049,52.0,23.0,88.0,3,2.0,3,1.0
41520751,W 60 i,1210 0037,317416,121.0,63.0,,4,1.0,4,1.0
41520749,CR 7 CCD 2.0,20018336,300643,118.0,51.0,138.0,3,2.0,3,1.0
41520747,200 EC-H 10 Litronic,45378,317744,69.0,92.0,,1,1.0,3,2.0
41520745,5055,349030125,317395,60.0,37.0,,1,1.0,3,2.0
41520743,"TS - 256 HC, L=4,14 m",,100290,69.0,93.0,,4,1.0,3,1.0
41520741,Swing App,3245951,300466,27.0,68.0,176.0,1,2.0,3,2.0
41520739,Gabel - MT 625,176379,500264,72.0,101.0,222.0,4,1.0,3,1.0
41520737,UW - 256 HC - 6 x 6 m,,100294,69.0,93.0,,1,1.0,3,2.0
41520733,GS 2646,GS4616C-16570,300369,36.0,88.0,207.0,4,1.0,4,1.0
41520731,908 M,H8801150,317751,18.0,37.0,109.0,1,1.0,3,2.0
41520729,VIO 80-AT,VKAJAG316,300671,122.0,6.0,16.0,3,2.0,3,1.0
41520727,Verbreiterung - AB 600-3 TV - 750L,55 VB / 3687 L,500281,116.0,73.0,195.0,1,2.0,3,2.0
41520723,"TS - 256 HC, L=4,14 m",,100291,69.0,93.0,,4,1.0,3,1.0
41520721,W 100 F,08100664,317243,121.0,64.0,,4,1.0,3,1.0
41520719,"TS - 256 HC, L=4,14 m",,100298,69.0,93.0,,1,1.0,3,2.0
41520717,TL 600,510950,316028,68.0,9.0,33.0,1,2.0,3,2.0
41520715,BW 120 AD-4,861880181406,317226,14.0,59.0,154.0,1,1.0,3,2.0
41520713,"TS - 256 HC, L=4,14 m",,100297,69.0,93.0,,1,1.0,3,2.0
41520711,"TS - 256 HC, L=4,14 m",,100296,69.0,93.0,,1,1.0,3,2.0
41520707,"GTS - 256 HC, L= 12,42 m",,100295,69.0,93.0,,1,1.0,3,2.0
41520705,Super 800i,8900595,317194,116.0,71.0,182.0,1,2.0,3,2.0
41520703,Terrax-2 3000,27163,300710,48.0,48.0,128.0,4,1.0,4,1.0
41520701,Terrax-2 3000,27164,300711,48.0,48.0,128.0,3,2.0,3,1.0
41520699,"TS - 256 HC, L=4,14 m",,100299,69.0,93.0,,1,1.0,3,2.0
41520697,280 EC-H 12 Litronic,42294,317547,69.0,92.0,,1,1.0,3,2.0
41520695,H 90 SG,MD 60017,300498,45.0,106.0,227.0,3,2.0,3,1.0
41520693,TL 400,0028 1102021,20222,68.0,9.0,34.0,4,1.0,3,1.0
41520691,TL 1000,0080 110604-09-01,20248,65.0,9.0,37.0,4,1.0,3,1.0
41520689,TL 800,0086 1106041501,20254,65.0,9.0,37.0,3,2.0,3,1.0
41520687,CR 5,20019613,300639,118.0,51.0,137.0,4,1.0,3,1.0
41520685,Leuchtballon,170602199,500285,116.0,76.0,198.0,3,2.0,3,1.0
41520683,BS 180,92001100,20091,14.0,61.0,168.0,3,2.0,3,1.0
41520681,TL 500,H1912638,500326,41.0,9.0,31.0,3,2.0,3,1.0
41520679,GRL 1200 starr,H1912639,500327,41.0,13.0,46.0,4,1.0,3,1.0
41520677,908 M,H8800190,317753,18.0,37.0,109.0,1,1.0,3,2.0
41520675,TL 800,H1807251,500288,41.0,9.0,32.0,3,2.0,3,1.0
41520673,CA 1500 D,10000160AJA021872,300540,27.0,56.0,145.0,1,2.0,3,2.0
41520671,SL 1200,H1807253,500294,41.0,12.0,45.0,3,2.0,3,1.0
41520669,Terrax-2 3000,18225,300587,48.0,48.0,128.0,4,1.0,3,1.0
41520667,GRL 1400 starr,H1912640,500328,41.0,13.0,47.0,3,2.0,3,1.0
41520665,SL 1000,H1912643,500331,41.0,12.0,42.0,3,2.0,3,1.0
41520663,GRL 1600 starr,H1912644,500332,41.0,13.0,47.0,3,2.0,3,1.0
41520661,Wurzelschneider,H1912641,500329,41.0,35.0,104.0,3,2.0,3,1.0
41520659,TL 800,H1912642,500330,41.0,9.0,32.0,3,2.0,3,1.0
41520657,CTS 375,113752220,20320,19.0,108.0,,1,2.0,3,2.0
41520655,GRL 1000 starr,0012,20087,68.0,13.0,46.0,1,2.0,3,2.0
41520653,CTS 56,16565769,300399,19.0,108.0,228.0,1,2.0,3,2.0
41520651,Verbreiterung - AB 600-3 TV - 750R,55 VB / 3687 R,500278,116.0,73.0,195.0,1,2.0,3,2.0
41520649,MG 800,DEQ206741,500377,31.0,16.0,67.0,4,2.0,4,1.0
41520647,Materialkübel extern,3250052,300481,27.0,69.0,177.0,3,2.0,3,1.0
41520645,TL 800,0010,20231,68.0,9.0,33.0,4,1.0,3,1.0
41520643,"Vulkolanplatte - CR 4i, CR 5, CR 5-II",195645,300736,118.0,52.0,141.0,4,1.0,3,1.0
41520641,"TS - 256 HC, L=4,14 m",,100272,69.0,93.0,,1,1.0,3,2.0
41520639,"GTS - 256 HC, L= 12,42m",,100271,69.0,93.0,,1,1.0,3,2.0
41520637,Bohrschnecke Ø 600 / 1200 mm,0161 980/A2028,300054,52.0,23.0,89.0,3,2.0,3,1.0
41520635,Plus 590-200,1382109600001,317396,113.0,40.0,116.0,4,1.0,3,1.0
41520633,UW - 256 HC - 6 x 6 m,,100270,69.0,93.0,,1,1.0,3,2.0
41520631,Verbreiterung - AB 600-3 TV - 750L,55 VB / 3686 L,500279,116.0,73.0,195.0,4,1.0,3,1.0
41520629,A 918 Compact G6.0-D Litronic,1508122015,300713,69.0,8.0,29.0,4,1.0,3,1.0
41520627,"TS - 256 HC, L=4,14 m",,100276,69.0,93.0,,1,1.0,3,2.0
41520625,TL 600,H1606233,500223,41.0,9.0,37.0,3,2.0,3,1.0
41520623,"TS - 256 HC, L=4,14 m",,100275,69.0,93.0,,1,1.0,3,2.0
41520621,TL 1500,H1606232,500222,41.0,9.0,37.0,3,2.0,3,1.0
41520619,"TS - 256 HC, L=4,14 m",,100274,69.0,93.0,,1,1.0,3,2.0
41520617,"TS - 256 HC, L=4,14 m",,100273,69.0,93.0,,1,1.0,3,2.0
41520615,Verbreiterung - V 6000 TVE - 1x350,3264572,500297,27.0,73.0,195.0,3,2.0,3,1.0
41520613,Verbreiterung - V 6000 TVE - 1x350,3264573,500298,27.0,73.0,195.0,3,2.0,3,1.0
41520611,"TS - 256 HC, L=4,14 m",,100277,69.0,93.0,,1,1.0,3,2.0
41520609,TL 500,H1912650,500333,41.0,9.0,35.0,3,2.0,3,1.0
41520607,TL 1200,H1912651,500334,41.0,9.0,35.0,3,2.0,3,1.0
41520605,TL 300,H1907073,500313,41.0,9.0,32.0,3,2.0,3,1.0
41520603,Klappschaufel - 906/907/908,201902068,500304,18.0,38.0,114.0,4,1.0,3,1.0
41520601,SL 1400,H1912655,500338,41.0,12.0,45.0,4,1.0,3,1.0
41520599,SL 1000,H1912652,500335,41.0,12.0,44.0,3,2.0,3,1.0
41520597,TL 600,H1912653,500336,41.0,9.0,37.0,4,1.0,3,1.0
41520595,TL 600,2004619,500357,41.0,9.0,37.0,3,2.0,3,1.0
41520593,DryTech 850,439,20365,42.0,104.0,225.0,1,2.0,3,2.0
41520591,TL 500,H1907074,500320,41.0,9.0,32.0,3,2.0,3,1.0
41520589,TL 800,H1907075,500321,41.0,9.0,32.0,3,2.0,3,1.0
41520587,BW 100 AD-4,861880251033,317223,14.0,59.0,154.0,1,1.0,3,2.0
41520585,GRL 1800,H1606229,500218,41.0,14.0,57.0,3,2.0,3,1.0
41520583,BW 100 AD-4,861880251031,317221,14.0,59.0,154.0,1,1.0,3,2.0
41520581,VIO 33 U,YCEVIO33JHDF14290,300511,122.0,5.0,12.0,4,1.0,3,1.0
41520579,BW 100 AD-4,861880251032,317222,14.0,59.0,154.0,1,1.0,3,2.0
41520577,L 514 IV Speeder,1663-51975,300725,69.0,37.0,109.0,4,1.0,3,1.0
41520575,SD 2500 CS,10002117A0G000689,317410,27.0,71.0,189.0,4,1.0,3,1.0
41520573,GRL 1500 starr,0196 2164632,300152,99.0,13.0,49.0,3,2.0,3,1.0
41520571,"GTS - 256 HC, L= 12,42 m",,100289,69.0,93.0,,4,1.0,3,1.0
41520569,GRL 1800,H1606228,500217,41.0,14.0,55.0,4,1.0,3,1.0
41520567,UW - 256 HC - 6 x 6 m,,100288,69.0,93.0,,4,1.0,3,1.0
41520565,Verbreiterung - AB 600-3 TV - 250R,54 VB / 1254 R,500273,116.0,73.0,195.0,3,2.0,3,1.0
41520563,TL 1000,H1606231,500221,41.0,9.0,35.0,3,2.0,3,1.0
41520561,SL 1000,H1500078,500046,41.0,12.0,43.0,1,2.0,3,2.0
41520559,MF 2500 CS LP T4f,HJG002544,300575,27.0,67.0,174.0,4,1.0,3,1.0
41520557,TL 600,H1606230,500219,41.0,9.0,35.0,3,2.0,3,1.0
41520555,TL 1000,0085 110604-14-02,20253,65.0,9.0,37.0,4,1.0,3,1.0
41520553,EH 9 BL,10334824,300239,117.0,106.0,226.0,4,1.0,3,1.0
41520551,Verbreiterung - AB 600-3 TV - 750R,55 VB / 3686 R,500280,116.0,73.0,195.0,4,1.0,3,1.0
41520549,H 13 i,WGH0H234THAA00356,300569,39.0,56.0,149.0,3,2.0,3,1.0
41520547,Gabel - 906/907/908,500310 GT 1345-312-250012-1,500310,18.0,39.0,115.0,4,1.0,3,1.0
41520545,"TS - 170 HC, L=4,14 m",,100250,69.0,93.0,,4,1.0,3,1.0
41520543,MF 2500 CS LP T4f,JG002475,300562,27.0,67.0,174.0,1,2.0,3,2.0
41520541,MF 2500 CS LP T4f,JG002476,300565,27.0,67.0,174.0,4,1.0,4,1.0
41520539,TL 1500,0124 110604-20-01,20313,65.0,9.0,37.0,3,2.0,3,1.0
41520537,"TS - 170 HC, L=4,14 m",,100252,69.0,93.0,,4,1.0,3,1.0
41520535,"TS - 170 HC, L=4,14 m",,100251,69.0,93.0,,4,1.0,3,1.0
41520533,Standardschaufel - MT 625,176970,500265,72.0,100.0,221.0,4,1.0,3,1.0
41520531,Materialkübel extern,3263782,300563,27.0,69.0,177.0,1,2.0,3,2.0
41520529,TL 600,KA226767/L - 206778,500213,68.0,9.0,32.0,4,1.0,4,1.0
41520527,Super 1300-3i,14110121,300547,116.0,71.0,183.0,4,1.0,4,1.0
41520525,200 EC-H 10 Litronic,47269,317532,69.0,92.0,,4,1.0,3,1.0
41520523,Klettereinrichtung - 120 HC,,100139,69.0,93.0,,1,1.0,3,2.0
41520521,UW - 170 HC,,100259,69.0,93.0,,4,1.0,3,1.0
41520519,Klettereinrichtung - 120 HC,,100138,69.0,93.0,,1,1.0,3,2.0
41520517,200 EC-H 10 Litronic,51858,317124,69.0,92.0,,4,1.0,3,1.0
41520515,Materialkübel extern,1000006169,300723,27.0,69.0,177.0,4,1.0,4,1.0
41520513,"TS - 256 HC, L=4,14 m",,317333,69.0,93.0,,1,1.0,3,2.0
41520511,BT 450,1087,20366,42.0,104.0,225.0,4,1.0,4,1.0
41520509,MB 1200,DEQ190639,500323,31.0,17.0,75.0,3,2.0,3,1.0
41520507,TL 1200,0084 110604-13-02,20252,85.0,9.0,37.0,4,1.0,3,1.0
41520505,Materialkübel extern,3262580,300566,27.0,69.0,177.0,4,1.0,4,1.0
41520503,"TS - 170 HC, L=4,14 m",,100261,69.0,93.0,,4,1.0,3,1.0
41520501,Materialkübel extern,3250258,300485,27.0,69.0,177.0,4,1.0,3,1.0
41520499,"GTS - 170 HC , L= 9,6 m",,100260,69.0,93.0,,4,1.0,3,1.0
41520497,Cardi L 250,159 6387,300316,17.0,103.0,224.0,3,2.0,2,1.0
41520495,"GTS - 120 HC , L= 10 m",,100265,69.0,93.0,,1,1.0,3,2.0
41520493,"TS - 170 HC, L=4,14 m",,100264,69.0,93.0,,4,1.0,3,1.0
41520491,"TS - 170 HC, L=4,14 m",,100263,69.0,93.0,,4,1.0,3,1.0
41520489,"TS - 170 HC, L=4,14 m",,100262,69.0,93.0,,4,1.0,3,1.0
41520487,"TS - 120 HC, L=5 m",,100269,69.0,93.0,,1,1.0,3,2.0
41520485,CF 2-II Hd,20044532,300733,118.0,51.0,133.0,4,1.0,4,1.0
41520483,"TS - 120 HC, L=5 m",,100268,69.0,93.0,,1,1.0,3,2.0
41520481,"TS - 120 HC, L=5 m",,100267,69.0,93.0,,4,1.0,3,1.0
41520479,V8 X1,V08181798X1,500301,78.0,18.0,83.0,3,2.0,3,1.0
41520477,"TS - 120 HC, L=10,00 m",,317567,69.0,93.0,,1,1.0,3,2.0
41520475,SD 2500 CS,LG003498,300721,27.0,71.0,189.0,4,1.0,3,1.0
41520473,MF 2500 CS T4f Kurz SW LP 2017,LG003377,300722,27.0,67.0,174.0,4,1.0,4,1.0
41520471,BW 213 DH+P-5,101586221004,300395,14.0,56.0,149.0,4,2.0,4,1.0
41520469,35 Dual PowerMaster Typ 2300,92879,500344,10.0,40.0,116.0,3,2.0,3,1.0
41520467,Gabel - L538,1223,500345,69.0,39.0,115.0,4,1.0,3,1.0
41520465,MF 2500 CS LP T4f,JG002579,300582,27.0,67.0,174.0,4,1.0,4,1.0
41520463,Standardschaufel - L 538,1224,500346,69.0,38.0,113.0,4,1.0,3,1.0
41520461,"UW - 170 HC - 4,5 x 4,5",,100353,69.0,93.0,,1,1.0,3,2.0
41520459,"TS - 17 HC, L=4,14m",,100352,69.0,93.0,,1,1.0,3,2.0
41520457,CA 302 D,68411525,317342,27.0,56.0,,1,1.0,3,2.0
41520455,V8 X2,0096 V08100445X2,20205,78.0,18.0,83.0,3,2.0,3,1.0
41520451,WR 2400,05.WR.0052,317045,121.0,109.0,,1,1.0,3,2.0
41520449,GRL 1100,1593,500258,101.0,13.0,47.0,3,2.0,3,1.0
41520447,"TS - 170 HC, L=4,14 m",,100357,69.0,93.0,,1,1.0,3,2.0
41520445,"GTS - 256 HC , L= 12,42m",,100236,69.0,93.0,,4,1.0,4,1.0
41520443,"TS - 170 HC, L=4,14 m",,100356,69.0,93.0,,1,1.0,3,2.0
41520441,UW - 256 HC,,100235,69.0,93.0,,1,1.0,3,2.0
41520439,"TS - 170 HC, L=4,14 m",,100355,69.0,93.0,,1,1.0,3,2.0
41520437,"GTS - 170 HC, L= 9,60 m",,100354,69.0,93.0,,1,1.0,3,2.0
41520435,W 150,5130136,317496,121.0,63.0,,1,1.0,3,2.0
41520433,"TS - 256 HC, L=4,14 m",,100239,69.0,93.0,,4,1.0,3,1.0
41520431,"GTS - 17 HC 200 TSB-0960r, L= 9,60 m",,100359,69.0,93.0,,1,1.0,3,2.0
41520429,"TS - 256 HC, L=4,14 m",,100238,69.0,93.0,,4,1.0,3,1.0
41520427,"TS - 170 HC, L=4,14 m",,100358,69.0,93.0,,4,1.0,3,1.0
41520425,"TS - 256 HC, L=4,14 m",,100237,69.0,93.0,,4,1.0,3,1.0
41520423,HD 10 VT,H2005283,316945,39.0,60.0,165.0,1,2.0,3,2.0
41520421,"SMB FKM 1,8F",130015,300444,100.0,40.0,116.0,4,1.0,3,1.0
41520419,GRL 1600,0162 H1205960,20408,41.0,14.0,55.0,3,2.0,3,1.0
41520417,Standardschaufel - L 514,12496626,500365,69.0,38.0,113.0,4,2.0,4,1.0
41520415,SD 2550 CS,10002119T0G000698,317409,27.0,71.0,192.0,4,1.0,3,1.0
41520413,Fundamentanker,,100360,69.0,93.0,,1,1.0,3,2.0
41520411,DP 2000,DEQ199388,500343,31.0,19.0,84.0,3,2.0,3,1.0
41520409,"Vulkolanplatte - CR 3, CR 3-II",22052020,300719,118.0,52.0,141.0,3,2.0,3,1.0
41520407,W 1000 F,07.10.0567,316936,121.0,64.0,,1,1.0,3,2.0
41520405,"TS - 170 HC, L=4,14 m",,100243,69.0,93.0,,1,1.0,3,2.0
41520403,"GTS - 170 HC , L= 9,6 m",,100242,69.0,93.0,,1,1.0,3,2.0
41520401,UW - 170 HC,,100241,69.0,93.0,,1,1.0,3,2.0
41520399,"TS - 256 HC, L=4,14 m",,100240,69.0,93.0,,1,1.0,3,2.0
41520397,UW - 170 HC,,100247,69.0,93.0,,4,1.0,3,1.0
41520395,"TS - 170 HC, L=4,14 m",,100246,69.0,93.0,,4,1.0,3,1.0
41520393,"TS - 170 HC, L=4,14 m",,100245,69.0,93.0,,1,1.0,3,2.0
41520391,"TS - 170 HC, L=4,14 m",,100244,69.0,93.0,,1,1.0,3,2.0
41520389,"TS - 170 HC, L=4,14 m",,100249,69.0,93.0,,4,1.0,3,1.0
41520387,Adapter,,100128,69.0,93.0,,1,1.0,3,2.0
41520385,"GTS - 170 HC , L= 9,6 m",,100248,69.0,93.0,,4,1.0,3,1.0
41520383,HPC 75-2,H 4055,500263,39.0,57.0,150.0,3,2.0,4,1.0
41520381,BW 174 AP-4f AM,101870941182,300698,14.0,59.0,164.0,3,2.0,3,1.0
41520379,CA 402 D,69411283,317379,27.0,56.0,,1,1.0,3,2.0
41520377,Super 1800-2 Sprayjet,11820300,317182,116.0,71.0,185.0,1,1.0,3,2.0
41520375,W 100 F,0810 0427,317748,121.0,64.0,,1,1.0,3,2.0
41520373,TL 600,H2004609,500349,41.0,9.0,32.0,3,2.0,3,1.0
41520371,GSX 2000,02701069,316833,37.0,40.0,116.0,4,1.0,3,1.0
41520369,W 60,0910 0505,317498,121.0,63.0,,1,1.0,3,2.0
41520365,G 600,0184 131528-01-01,300125,65.0,15.0,61.0,4,1.0,3,1.0
41520361,BW 120 AD-4,861880181924,317225,14.0,59.0,154.0,1,1.0,3,2.0
41520359,TL 1200,0081 1106041301,20249,65.0,9.0,37.0,4,1.0,3,1.0
41520357,TB 250,125005342,300453,106.0,6.0,14.0,4,1.0,3,1.0
41520355,Materialkübel extern,3251673,300495,27.0,69.0,177.0,4,1.0,3,1.0
41520353,TL 1200,0183 H1303489,300124,41.0,9.0,36.0,1,2.0,3,2.0
41520351,SG 800,FDG35#290548,500250,34.0,16.0,68.0,4,1.0,4,1.0
41520349,Weda 10 N,PDE080291,20369,7.0,3.0,6.0,4,1.0,4,1.0
41520347,TL 800,H2004614,500352,41.0,9.0,31.0,4,1.0,4,1.0
41520345,TL 600,H2004613,500351,41.0,9.0,31.0,3,2.0,3,1.0
41520343,BW 154 ACP,101870632016,317755,14.0,60.0,166.0,1,1.0,3,2.0
41520341,W 210,1320 0222,317322,121.0,64.0,,4,1.0,3,1.0
41520339,TL 600,H2004616,500354,41.0,9.0,33.0,4,1.0,4,1.0
41520337,TL 400,H2004615,500353,41.0,9.0,33.0,4,1.0,3,1.0
41520335,TL 800,H2004618,500356,41.0,9.0,35.0,3,2.0,3,1.0
41520333,TL 600,H2004617,500355,41.0,9.0,35.0,3,2.0,3,1.0
41520331,TL 400,0017 H1000915,20212,41.0,9.0,32.0,3,2.0,3,1.0
41520329,UW - 256 HC,,100342,69.0,93.0,,1,1.0,3,2.0
41520327,TL 1200,0109 H1400163,300202,41.0,9.0,35.0,4,2.0,4,1.0
41520325,MG 1800,DEQ 196369,500342,31.0,16.0,68.0,3,2.0,3,1.0
41520323,Materialkübel extern,3264963,300576,27.0,69.0,177.0,3,2.0,3,1.0
41520321,W 1500,08.20.0321,317311,121.0,64.0,,4,1.0,3,1.0
41520319,"TS - 120 HC, L=10,00 m",,100346,69.0,93.0,,1,1.0,3,2.0
41520315,MF 2500 CS LP T4f,HG002084,300458,27.0,67.0,174.0,4,1.0,3,1.0
41520313,Materialkübel extern,3248098,300460,27.0,69.0,177.0,4,1.0,3,1.0
41520311,"TS - 120 HC, L=2,50 m",,100348,69.0,93.0,,1,1.0,3,2.0
41520309,"TS - 120 HC, L=12,50 m",,100347,69.0,93.0,,1,1.0,3,2.0
41520307,TL 300,1888,500255,101.0,9.0,32.0,3,2.0,3,1.0
41520305,GRL 1200 starr,H2004610,500350,41.0,13.0,46.0,3,2.0,3,1.0
41520303,TL 400,KAZ230806  L206771,500212,68.0,9.0,32.0,4,1.0,4,1.0
41520301,TL 500,H2004612,500348,41.0,9.0,31.0,4,1.0,3,1.0
41520299,TB 216 A,216015395,300717,106.0,5.0,9.0,3,2.0,3,1.0
41520297,HL 100,2963176313,300196,103.0,114.0,,3,2.0,3,1.0
41520295,TL 800,0079 110604-08-01,20247,65.0,9.0,37.0,4,1.0,3,1.0
41520293,TL 500,H2004611,500347,41.0,9.0,31.0,4,1.0,3,1.0
41520291,W 100 F,0810 0322,317745,121.0,64.0,,4,1.0,3,1.0
41520289,G 400,0024 LG07646,20213,68.0,15.0,58.0,4,1.0,4,1.0
41520287,TL 1000,0198 H1400161,300201,41.0,9.0,35.0,3,2.0,3,1.0
41520285,W 100 F,0810 0321,317747,121.0,64.0,,4,1.0,3,1.0
41520283,Verbreiterung - V 6000 TVE - 1x750,3263886,500299,27.0,73.0,195.0,4,1.0,3,1.0
41520281,Verbreiterung - V 6000 TVE - 1x750,3263885,500300,27.0,73.0,195.0,4,1.0,3,1.0
41520279,"GTS - 256 HC, L= 12,42 m",,100313,69.0,93.0,,1,1.0,3,2.0
41520277,UW - 256 HC - 6 x 6 m,,100312,69.0,93.0,,1,1.0,3,2.0
41520275,MT 625 H,MAN00000C00991519,300550,72.0,99.0,219.0,4,1.0,3,1.0
41520273,"TS - 256 HC, L=4,14 m",,100311,69.0,93.0,,1,1.0,3,2.0
41520271,CR 9-II CCD 2.0,20041277,300728,118.0,51.0,139.0,4,1.0,4,1.0
41520269,"TS - 256 HC, L=4,14 m",,100310,69.0,93.0,,1,1.0,3,2.0
41520267,Roderechen 1300,0131 113518-01-01,20292,65.0,20.0,85.0,3,2.0,3,1.0
41520265,"TS - 256 HC, L=4,14 m",,100317,69.0,93.0,,4,1.0,3,1.0
41520263,"TS - 256 HC, L=4,14 m",,100316,69.0,93.0,,1,1.0,3,2.0
41520261,TB 290,185100042,300225,106.0,6.0,16.0,1,2.0,3,2.0
41520259,"TS - 256 HC, L=4,14 m",,100315,69.0,93.0,,1,1.0,3,2.0
41520257,"TS - 256 HC, L=4,14 m",,100314,69.0,93.0,,1,1.0,3,2.0
41520255,W 2000,06.20.1267,317724,121.0,64.0,,4,1.0,3,1.0
41520253,"GTS - 256 HC, L= 12,42 m",,100319,69.0,93.0,,1,1.0,3,2.0
41520251,CF 3 Hd,20022878,300675,118.0,51.0,134.0,4,1.0,3,1.0
41520249,UW - 256 HC - 6 x 6 m,,100318,69.0,93.0,,1,1.0,3,2.0
41520247,SB 552,BES056174,500296,7.0,17.0,73.0,3,2.0,3,1.0
41520245,M 320 F,FB200306,300462,18.0,8.0,30.0,4,1.0,3,1.0
41520243,Bohrschnecke Ø 160/ 1200 mm,0159 980/A2019,300051,52.0,23.0,89.0,3,2.0,3,1.0
41520241,Lasthaken 1635,0108,20271,72.0,102.0,223.0,3,2.0,3,1.0
41520239,BW 174 AP-4,101870711046,300380,14.0,59.0,158.0,1,2.0,3,2.0
41520237,CC 24 B,46800112,317453,18.0,59.0,,1,1.0,3,2.0
41520235,MD 175 B,88349,317312,89.0,92.0,,1,1.0,3,2.0
41520233,"TS - 256 HC, L=4,14 m",,100320,69.0,93.0,,1,1.0,3,2.0
41520231,"TS - 256 HC, L=4,14 m",,100323,69.0,93.0,,1,1.0,3,2.0
41520229,"TS - 256 HC, L=4,14 m",,100322,69.0,93.0,,1,1.0,3,2.0
41520227,"TS - 256 HC, L=4,14 m",,100321,69.0,93.0,,1,1.0,3,2.0
41520225,TB 2150 R,514900326,300687,106.0,7.0,19.0,4,1.0,3,1.0
41520223,200 EC-H 10 Litronic,47112,317531,69.0,92.0,,1,1.0,3,2.0
41520221,TL 800,0153 H1210836,300043,41.0,9.0,35.0,4,2.0,4,1.0
41520219,V3 X2,V 03.11.0028 X1,20206,78.0,18.0,79.0,4,1.0,3,1.0
41520217,"TS - 256 HC, L=4,14 m",,100329,69.0,93.0,,4,1.0,3,1.0
41520215,TL 300,H1500473,500118,41.0,9.0,31.0,4,2.0,4,1.0
41520213,MB 1200,0191 DEQ151523,500191,7.0,17.0,75.0,4,1.0,4,1.0
41520211,PG,133817-01-01,300155,65.0,27.0,95.0,3,2.0,3,1.0
41520195,AFW 150-2,4510116,300664,5.0,70.0,178.0,4,1.0,3,1.0
41520191,ARX 45,40368,317707,5.0,59.0,155.0,1,1.0,3,2.0
41520188,APA 55/64,12520594,300417,5.0,18.0,82.0,4,1.0,3,1.0
